"OBJECTID","ID_0","ISO","NAME_0","ID_1","NAME_1","ID_2","NAME_2","TYPE_2","ENGTYPE_2","NL_NAME_2","VARNAME_2"
1,6,"ASM","American Samoa",1,"Eastern",1,"Ituau","County","County",NA,NA
2,6,"ASM","American Samoa",1,"Eastern",2,"Ma'Oputasi","County","County",NA,NA
3,6,"ASM","American Samoa",1,"Eastern",3,"Sa'Ole","County","County",NA,NA
4,6,"ASM","American Samoa",1,"Eastern",4,"Sua","County","County",NA,NA
5,6,"ASM","American Samoa",1,"Eastern",5,"Vaifanua","County","County",NA,NA
6,6,"ASM","American Samoa",2,"Manu'a",6,"Faleasao","County","County",NA,NA
7,6,"ASM","American Samoa",2,"Manu'a",7,"Fitiuta","County","County",NA,NA
8,6,"ASM","American Samoa",2,"Manu'a",8,"Ofu","County","County",NA,NA
9,6,"ASM","American Samoa",2,"Manu'a",9,"Olosega","County","County",NA,NA
10,6,"ASM","American Samoa",2,"Manu'a",10,"Ta'u","County","County",NA,NA
11,6,"ASM","American Samoa",3,"Unorganized",11,"Rose Island","County","County",NA,NA
12,6,"ASM","American Samoa",3,"Unorganized",12,"Swains","County","County",NA,NA
13,6,"ASM","American Samoa",4,"Western",13,"Lealataua","County","County",NA,NA
14,6,"ASM","American Samoa",4,"Western",14,"Leasina","County","County",NA,NA
15,6,"ASM","American Samoa",4,"Western",15,"Tualatai","County","County",NA,NA
16,6,"ASM","American Samoa",4,"Western",16,"Tualauta","County","County",NA,NA
