"OBJECTID","ID_0","ISO","NAME_0","ID_1","NAME_1","ID_2","NAME_2","ID_3","NAME_3","TYPE_3","ENGTYPE_3","NL_NAME_3","VARNAME_3"
1,189,"RWA","Rwanda",1,"Amajyaruguru",1,"Burera",1,"Bungwe","Sector","Sector",NA,NA
2,189,"RWA","Rwanda",1,"Amajyaruguru",1,"Burera",2,"Butaro","Sector","Sector",NA,NA
3,189,"RWA","Rwanda",1,"Amajyaruguru",1,"Burera",3,"Cyanika","Sector","Sector",NA,NA
4,189,"RWA","Rwanda",1,"Amajyaruguru",1,"Burera",4,"Cyeru","Sector","Sector",NA,NA
5,189,"RWA","Rwanda",1,"Amajyaruguru",1,"Burera",5,"Gahunga","Sector","Sector",NA,NA
6,189,"RWA","Rwanda",1,"Amajyaruguru",1,"Burera",6,"Gatebe","Sector","Sector",NA,NA
7,189,"RWA","Rwanda",1,"Amajyaruguru",1,"Burera",7,"Gitovu","Sector","Sector",NA,NA
8,189,"RWA","Rwanda",1,"Amajyaruguru",1,"Burera",8,"Kagogo","Sector","Sector",NA,NA
9,189,"RWA","Rwanda",1,"Amajyaruguru",1,"Burera",9,"Kinoni","Sector","Sector",NA,NA
10,189,"RWA","Rwanda",1,"Amajyaruguru",1,"Burera",10,"Kinyababa","Sector","Sector",NA,NA
11,189,"RWA","Rwanda",1,"Amajyaruguru",1,"Burera",11,"Kivuye","Sector","Sector",NA,NA
12,189,"RWA","Rwanda",1,"Amajyaruguru",1,"Burera",12,"Nemba","Sector","Sector",NA,NA
13,189,"RWA","Rwanda",1,"Amajyaruguru",1,"Burera",13,"Rugarama","Sector","Sector",NA,NA
14,189,"RWA","Rwanda",1,"Amajyaruguru",1,"Burera",14,"Rugengabari","Sector","Sector",NA,NA
15,189,"RWA","Rwanda",1,"Amajyaruguru",1,"Burera",15,"Ruhunde","Sector","Sector",NA,NA
16,189,"RWA","Rwanda",1,"Amajyaruguru",1,"Burera",16,"Rusarabuye","Sector","Sector",NA,NA
17,189,"RWA","Rwanda",1,"Amajyaruguru",1,"Burera",17,"Rwerere","Sector","Sector",NA,NA
18,189,"RWA","Rwanda",1,"Amajyaruguru",2,"Gakenke",18,"Busengo","Sector","Sector",NA,NA
19,189,"RWA","Rwanda",1,"Amajyaruguru",2,"Gakenke",19,"Coko","Sector","Sector",NA,NA
20,189,"RWA","Rwanda",1,"Amajyaruguru",2,"Gakenke",20,"Cyabingo","Sector","Sector",NA,NA
21,189,"RWA","Rwanda",1,"Amajyaruguru",2,"Gakenke",21,"Gakenke","Sector","Sector",NA,NA
22,189,"RWA","Rwanda",1,"Amajyaruguru",2,"Gakenke",22,"Gashenyi","Sector","Sector",NA,NA
23,189,"RWA","Rwanda",1,"Amajyaruguru",2,"Gakenke",23,"Janja","Sector","Sector",NA,NA
24,189,"RWA","Rwanda",1,"Amajyaruguru",2,"Gakenke",24,"Kamubuga","Sector","Sector",NA,NA
25,189,"RWA","Rwanda",1,"Amajyaruguru",2,"Gakenke",25,"Karambo","Sector","Sector",NA,NA
26,189,"RWA","Rwanda",1,"Amajyaruguru",2,"Gakenke",26,"Kivuruga","Sector","Sector",NA,NA
27,189,"RWA","Rwanda",1,"Amajyaruguru",2,"Gakenke",27,"Mataba","Sector","Sector",NA,NA
28,189,"RWA","Rwanda",1,"Amajyaruguru",2,"Gakenke",28,"Minazi","Sector","Sector",NA,NA
29,189,"RWA","Rwanda",1,"Amajyaruguru",2,"Gakenke",29,"Mugunga","Sector","Sector",NA,NA
30,189,"RWA","Rwanda",1,"Amajyaruguru",2,"Gakenke",30,"Muhondo","Sector","Sector",NA,NA
31,189,"RWA","Rwanda",1,"Amajyaruguru",2,"Gakenke",31,"Muyongwe","Sector","Sector",NA,NA
32,189,"RWA","Rwanda",1,"Amajyaruguru",2,"Gakenke",32,"Muzo","Sector","Sector",NA,NA
33,189,"RWA","Rwanda",1,"Amajyaruguru",2,"Gakenke",33,"Nemba","Sector","Sector",NA,NA
34,189,"RWA","Rwanda",1,"Amajyaruguru",2,"Gakenke",34,"Ruli","Sector","Sector",NA,NA
35,189,"RWA","Rwanda",1,"Amajyaruguru",2,"Gakenke",35,"Rusasa","Sector","Sector",NA,NA
36,189,"RWA","Rwanda",1,"Amajyaruguru",2,"Gakenke",36,"Rushashi","Sector","Sector",NA,NA
37,189,"RWA","Rwanda",1,"Amajyaruguru",3,"Gicumbi",37,"Bukure","Sector","Sector",NA,NA
38,189,"RWA","Rwanda",1,"Amajyaruguru",3,"Gicumbi",38,"Bwisige","Sector","Sector",NA,NA
39,189,"RWA","Rwanda",1,"Amajyaruguru",3,"Gicumbi",39,"Byumba","Sector","Sector",NA,NA
40,189,"RWA","Rwanda",1,"Amajyaruguru",3,"Gicumbi",40,"Cyumba","Sector","Sector",NA,NA
41,189,"RWA","Rwanda",1,"Amajyaruguru",3,"Gicumbi",41,"Giti","Sector","Sector",NA,NA
42,189,"RWA","Rwanda",1,"Amajyaruguru",3,"Gicumbi",42,"Kageyo","Sector","Sector",NA,NA
43,189,"RWA","Rwanda",1,"Amajyaruguru",3,"Gicumbi",43,"Kaniga","Sector","Sector",NA,NA
44,189,"RWA","Rwanda",1,"Amajyaruguru",3,"Gicumbi",44,"Manyagiro","Sector","Sector",NA,NA
45,189,"RWA","Rwanda",1,"Amajyaruguru",3,"Gicumbi",45,"Miyove","Sector","Sector",NA,NA
46,189,"RWA","Rwanda",1,"Amajyaruguru",3,"Gicumbi",46,"Mukarange","Sector","Sector",NA,NA
47,189,"RWA","Rwanda",1,"Amajyaruguru",3,"Gicumbi",47,"Muko","Sector","Sector",NA,NA
48,189,"RWA","Rwanda",1,"Amajyaruguru",3,"Gicumbi",48,"Mutete","Sector","Sector",NA,NA
49,189,"RWA","Rwanda",1,"Amajyaruguru",3,"Gicumbi",49,"Nyamiyaga","Sector","Sector",NA,NA
50,189,"RWA","Rwanda",1,"Amajyaruguru",3,"Gicumbi",50,"Nyankenke","Sector","Sector",NA,NA
51,189,"RWA","Rwanda",1,"Amajyaruguru",3,"Gicumbi",51,"Rubaya","Sector","Sector",NA,NA
52,189,"RWA","Rwanda",1,"Amajyaruguru",3,"Gicumbi",52,"Rukomo","Sector","Sector",NA,NA
53,189,"RWA","Rwanda",1,"Amajyaruguru",3,"Gicumbi",53,"Rushaki","Sector","Sector",NA,NA
54,189,"RWA","Rwanda",1,"Amajyaruguru",3,"Gicumbi",54,"Rutare","Sector","Sector",NA,NA
55,189,"RWA","Rwanda",1,"Amajyaruguru",3,"Gicumbi",55,"Ruvune","Sector","Sector",NA,NA
56,189,"RWA","Rwanda",1,"Amajyaruguru",3,"Gicumbi",56,"Rwamiko","Sector","Sector",NA,NA
57,189,"RWA","Rwanda",1,"Amajyaruguru",3,"Gicumbi",57,"Shangasha","Sector","Sector",NA,NA
58,189,"RWA","Rwanda",1,"Amajyaruguru",4,"Musanze",58,"Busogo","Sector","Sector",NA,NA
59,189,"RWA","Rwanda",1,"Amajyaruguru",4,"Musanze",59,"Cyuve","Sector","Sector",NA,NA
60,189,"RWA","Rwanda",1,"Amajyaruguru",4,"Musanze",60,"Gacaca","Sector","Sector",NA,NA
61,189,"RWA","Rwanda",1,"Amajyaruguru",4,"Musanze",61,"Gashaki","Sector","Sector",NA,NA
62,189,"RWA","Rwanda",1,"Amajyaruguru",4,"Musanze",62,"Gataraga","Sector","Sector",NA,NA
63,189,"RWA","Rwanda",1,"Amajyaruguru",4,"Musanze",63,"Kimonyi","Sector","Sector",NA,NA
64,189,"RWA","Rwanda",1,"Amajyaruguru",4,"Musanze",64,"Kinigi","Sector","Sector",NA,NA
65,189,"RWA","Rwanda",1,"Amajyaruguru",4,"Musanze",65,"Muhoza","Sector","Sector",NA,NA
66,189,"RWA","Rwanda",1,"Amajyaruguru",4,"Musanze",66,"Muko","Sector","Sector",NA,NA
67,189,"RWA","Rwanda",1,"Amajyaruguru",4,"Musanze",67,"Musanze","Sector","Sector",NA,NA
68,189,"RWA","Rwanda",1,"Amajyaruguru",4,"Musanze",68,"Nkotsi","Sector","Sector",NA,NA
69,189,"RWA","Rwanda",1,"Amajyaruguru",4,"Musanze",69,"Nyange","Sector","Sector",NA,NA
70,189,"RWA","Rwanda",1,"Amajyaruguru",4,"Musanze",70,"Remera","Sector","Sector",NA,NA
71,189,"RWA","Rwanda",1,"Amajyaruguru",4,"Musanze",71,"Rwaza","Sector","Sector",NA,NA
72,189,"RWA","Rwanda",1,"Amajyaruguru",4,"Musanze",72,"Shingiro","Sector","Sector",NA,NA
73,189,"RWA","Rwanda",1,"Amajyaruguru",5,"Rulindo",73,"Base","Sector","Sector",NA,NA
74,189,"RWA","Rwanda",1,"Amajyaruguru",5,"Rulindo",74,"Burega","Sector","Sector",NA,NA
75,189,"RWA","Rwanda",1,"Amajyaruguru",5,"Rulindo",75,"Bushoki","Sector","Sector",NA,NA
76,189,"RWA","Rwanda",1,"Amajyaruguru",5,"Rulindo",76,"Buyoga","Sector","Sector",NA,NA
77,189,"RWA","Rwanda",1,"Amajyaruguru",5,"Rulindo",77,"Cyinzuzi","Sector","Sector",NA,NA
78,189,"RWA","Rwanda",1,"Amajyaruguru",5,"Rulindo",78,"Cyungo","Sector","Sector",NA,NA
79,189,"RWA","Rwanda",1,"Amajyaruguru",5,"Rulindo",79,"Kinihira","Sector","Sector",NA,NA
80,189,"RWA","Rwanda",1,"Amajyaruguru",5,"Rulindo",80,"Kisaro","Sector","Sector",NA,NA
81,189,"RWA","Rwanda",1,"Amajyaruguru",5,"Rulindo",81,"Masoro","Sector","Sector",NA,NA
82,189,"RWA","Rwanda",1,"Amajyaruguru",5,"Rulindo",82,"Mbogo","Sector","Sector",NA,NA
83,189,"RWA","Rwanda",1,"Amajyaruguru",5,"Rulindo",83,"Murambi","Sector","Sector",NA,NA
84,189,"RWA","Rwanda",1,"Amajyaruguru",5,"Rulindo",84,"Ngoma","Sector","Sector",NA,NA
85,189,"RWA","Rwanda",1,"Amajyaruguru",5,"Rulindo",85,"Ntarabana","Sector","Sector",NA,NA
86,189,"RWA","Rwanda",1,"Amajyaruguru",5,"Rulindo",86,"Rukozo","Sector","Sector",NA,NA
87,189,"RWA","Rwanda",1,"Amajyaruguru",5,"Rulindo",87,"Rusiga","Sector","Sector",NA,NA
88,189,"RWA","Rwanda",1,"Amajyaruguru",5,"Rulindo",88,"Shyorongi","Sector","Sector",NA,NA
89,189,"RWA","Rwanda",1,"Amajyaruguru",5,"Rulindo",89,"Tumba","Sector","Sector",NA,NA
90,189,"RWA","Rwanda",2,"Amajyepfo",6,"Gisagara",90,"Gikonko","Sector","Sector",NA,NA
91,189,"RWA","Rwanda",2,"Amajyepfo",6,"Gisagara",91,"Gishubi","Sector","Sector",NA,NA
92,189,"RWA","Rwanda",2,"Amajyepfo",6,"Gisagara",92,"Kansi","Sector","Sector",NA,NA
93,189,"RWA","Rwanda",2,"Amajyepfo",6,"Gisagara",93,"Kibirizi","Sector","Sector",NA,NA
94,189,"RWA","Rwanda",2,"Amajyepfo",6,"Gisagara",94,"Kigembe","Sector","Sector",NA,NA
95,189,"RWA","Rwanda",2,"Amajyepfo",6,"Gisagara",95,"Mamba","Sector","Sector",NA,NA
96,189,"RWA","Rwanda",2,"Amajyepfo",6,"Gisagara",96,"Muganza","Sector","Sector",NA,NA
97,189,"RWA","Rwanda",2,"Amajyepfo",6,"Gisagara",97,"Mugombwa","Sector","Sector",NA,NA
98,189,"RWA","Rwanda",2,"Amajyepfo",6,"Gisagara",98,"Mukindo","Sector","Sector",NA,NA
99,189,"RWA","Rwanda",2,"Amajyepfo",6,"Gisagara",99,"Musha","Sector","Sector",NA,NA
100,189,"RWA","Rwanda",2,"Amajyepfo",6,"Gisagara",100,"Ndora","Sector","Sector",NA,NA
101,189,"RWA","Rwanda",2,"Amajyepfo",6,"Gisagara",101,"Nyanza","Sector","Sector",NA,NA
102,189,"RWA","Rwanda",2,"Amajyepfo",6,"Gisagara",102,"Save","Sector","Sector",NA,NA
103,189,"RWA","Rwanda",2,"Amajyepfo",7,"Huye",103,"Gishamvu","Sector","Sector",NA,NA
104,189,"RWA","Rwanda",2,"Amajyepfo",7,"Huye",104,"Huye","Sector","Sector",NA,NA
105,189,"RWA","Rwanda",2,"Amajyepfo",7,"Huye",105,"Karama","Sector","Sector",NA,NA
106,189,"RWA","Rwanda",2,"Amajyepfo",7,"Huye",106,"Kigoma","Sector","Sector",NA,NA
107,189,"RWA","Rwanda",2,"Amajyepfo",7,"Huye",107,"Kinazi","Sector","Sector",NA,NA
108,189,"RWA","Rwanda",2,"Amajyepfo",7,"Huye",108,"Maraba","Sector","Sector",NA,NA
109,189,"RWA","Rwanda",2,"Amajyepfo",7,"Huye",109,"Mbazi","Sector","Sector",NA,NA
110,189,"RWA","Rwanda",2,"Amajyepfo",7,"Huye",110,"Mukura","Sector","Sector",NA,NA
111,189,"RWA","Rwanda",2,"Amajyepfo",7,"Huye",111,"Ngoma","Sector","Sector",NA,NA
112,189,"RWA","Rwanda",2,"Amajyepfo",7,"Huye",112,"Rudashya","Sector","Sector",NA,NA
113,189,"RWA","Rwanda",2,"Amajyepfo",7,"Huye",113,"Ruhashya","Sector","Sector",NA,NA
114,189,"RWA","Rwanda",2,"Amajyepfo",7,"Huye",114,"Rusatira","Sector","Sector",NA,NA
115,189,"RWA","Rwanda",2,"Amajyepfo",7,"Huye",115,"Rwaniro","Sector","Sector",NA,NA
116,189,"RWA","Rwanda",2,"Amajyepfo",7,"Huye",116,"Simbi","Sector","Sector",NA,NA
117,189,"RWA","Rwanda",2,"Amajyepfo",7,"Huye",117,"Tumba","Sector","Sector",NA,NA
118,189,"RWA","Rwanda",2,"Amajyepfo",8,"Kamonyi",118,"Gacurabwenge","Sector","Sector",NA,NA
119,189,"RWA","Rwanda",2,"Amajyepfo",8,"Kamonyi",119,"Karama","Sector","Sector",NA,NA
120,189,"RWA","Rwanda",2,"Amajyepfo",8,"Kamonyi",120,"Kayenzi","Sector","Sector",NA,NA
121,189,"RWA","Rwanda",2,"Amajyepfo",8,"Kamonyi",121,"Kayumbu","Sector","Sector",NA,NA
122,189,"RWA","Rwanda",2,"Amajyepfo",8,"Kamonyi",122,"Mugina","Sector","Sector",NA,NA
123,189,"RWA","Rwanda",2,"Amajyepfo",8,"Kamonyi",123,"Musambira","Sector","Sector",NA,NA
124,189,"RWA","Rwanda",2,"Amajyepfo",8,"Kamonyi",124,"Ngamba","Sector","Sector",NA,NA
125,189,"RWA","Rwanda",2,"Amajyepfo",8,"Kamonyi",125,"Nyamiyaga","Sector","Sector",NA,NA
126,189,"RWA","Rwanda",2,"Amajyepfo",8,"Kamonyi",126,"Nyarubaka","Sector","Sector",NA,NA
127,189,"RWA","Rwanda",2,"Amajyepfo",8,"Kamonyi",127,"Rugarika","Sector","Sector",NA,NA
128,189,"RWA","Rwanda",2,"Amajyepfo",8,"Kamonyi",128,"Rukoma","Sector","Sector",NA,NA
129,189,"RWA","Rwanda",2,"Amajyepfo",8,"Kamonyi",129,"Runda","Sector","Sector",NA,NA
130,189,"RWA","Rwanda",2,"Amajyepfo",9,"Muhanga",130,"Cyeza","Sector","Sector",NA,NA
131,189,"RWA","Rwanda",2,"Amajyepfo",9,"Muhanga",131,"Kabacuzi","Sector","Sector",NA,NA
132,189,"RWA","Rwanda",2,"Amajyepfo",9,"Muhanga",132,"Kibangu","Sector","Sector",NA,NA
133,189,"RWA","Rwanda",2,"Amajyepfo",9,"Muhanga",133,"Kiyumba","Sector","Sector",NA,NA
134,189,"RWA","Rwanda",2,"Amajyepfo",9,"Muhanga",134,"Muhanga","Sector","Sector",NA,NA
135,189,"RWA","Rwanda",2,"Amajyepfo",9,"Muhanga",135,"Mushishiro","Sector","Sector",NA,NA
136,189,"RWA","Rwanda",2,"Amajyepfo",9,"Muhanga",136,"Nyabinoni","Sector","Sector",NA,NA
137,189,"RWA","Rwanda",2,"Amajyepfo",9,"Muhanga",137,"Nyamabuye","Sector","Sector",NA,NA
138,189,"RWA","Rwanda",2,"Amajyepfo",9,"Muhanga",138,"Nyarusange","Sector","Sector",NA,NA
139,189,"RWA","Rwanda",2,"Amajyepfo",9,"Muhanga",139,"Rongi","Sector","Sector",NA,NA
140,189,"RWA","Rwanda",2,"Amajyepfo",9,"Muhanga",140,"Rugendabari","Sector","Sector",NA,NA
141,189,"RWA","Rwanda",2,"Amajyepfo",9,"Muhanga",141,"Shyogwe","Sector","Sector",NA,NA
142,189,"RWA","Rwanda",2,"Amajyepfo",10,"Nyamagabe",142,"Buruhukiro","Sector","Sector",NA,NA
143,189,"RWA","Rwanda",2,"Amajyepfo",10,"Nyamagabe",143,"Cyanika","Sector","Sector",NA,NA
144,189,"RWA","Rwanda",2,"Amajyepfo",10,"Nyamagabe",144,"Gasaka","Sector","Sector",NA,NA
145,189,"RWA","Rwanda",2,"Amajyepfo",10,"Nyamagabe",145,"Gatare","Sector","Sector",NA,NA
146,189,"RWA","Rwanda",2,"Amajyepfo",10,"Nyamagabe",146,"Kaduha","Sector","Sector",NA,NA
147,189,"RWA","Rwanda",2,"Amajyepfo",10,"Nyamagabe",147,"Kamegeri","Sector","Sector",NA,NA
148,189,"RWA","Rwanda",2,"Amajyepfo",10,"Nyamagabe",148,"Kibirizi","Sector","Sector",NA,NA
149,189,"RWA","Rwanda",2,"Amajyepfo",10,"Nyamagabe",149,"Kibumbwe","Sector","Sector",NA,NA
150,189,"RWA","Rwanda",2,"Amajyepfo",10,"Nyamagabe",150,"Kitabi","Sector","Sector",NA,NA
151,189,"RWA","Rwanda",2,"Amajyepfo",10,"Nyamagabe",151,"Mbazi","Sector","Sector",NA,NA
152,189,"RWA","Rwanda",2,"Amajyepfo",10,"Nyamagabe",152,"Mugano","Sector","Sector",NA,NA
153,189,"RWA","Rwanda",2,"Amajyepfo",10,"Nyamagabe",153,"Musange","Sector","Sector",NA,NA
154,189,"RWA","Rwanda",2,"Amajyepfo",10,"Nyamagabe",154,"Musebeya","Sector","Sector",NA,NA
155,189,"RWA","Rwanda",2,"Amajyepfo",10,"Nyamagabe",155,"Mushubi","Sector","Sector",NA,NA
156,189,"RWA","Rwanda",2,"Amajyepfo",10,"Nyamagabe",156,"Nkomane","Sector","Sector",NA,NA
157,189,"RWA","Rwanda",2,"Amajyepfo",10,"Nyamagabe",157,"Tare","Sector","Sector",NA,NA
158,189,"RWA","Rwanda",2,"Amajyepfo",10,"Nyamagabe",158,"Uwinkingi","Sector","Sector",NA,NA
159,189,"RWA","Rwanda",2,"Amajyepfo",11,"Nyanza",159,"Busasamana","Sector","Sector",NA,NA
160,189,"RWA","Rwanda",2,"Amajyepfo",11,"Nyanza",160,"Busoro","Sector","Sector",NA,NA
161,189,"RWA","Rwanda",2,"Amajyepfo",11,"Nyanza",161,"Cyabakamyi","Sector","Sector",NA,NA
162,189,"RWA","Rwanda",2,"Amajyepfo",11,"Nyanza",162,"Kibilizi","Sector","Sector",NA,NA
163,189,"RWA","Rwanda",2,"Amajyepfo",11,"Nyanza",163,"Kigoma","Sector","Sector",NA,NA
164,189,"RWA","Rwanda",2,"Amajyepfo",11,"Nyanza",164,"Mukingo","Sector","Sector",NA,NA
165,189,"RWA","Rwanda",2,"Amajyepfo",11,"Nyanza",165,"Muyira","Sector","Sector",NA,NA
166,189,"RWA","Rwanda",2,"Amajyepfo",11,"Nyanza",166,"Ntyazo","Sector","Sector",NA,NA
167,189,"RWA","Rwanda",2,"Amajyepfo",11,"Nyanza",167,"Nyagisozi","Sector","Sector",NA,NA
168,189,"RWA","Rwanda",2,"Amajyepfo",11,"Nyanza",168,"Rwabicuma","Sector","Sector",NA,NA
169,189,"RWA","Rwanda",2,"Amajyepfo",12,"Nyaruguru",169,"Busanze","Sector","Sector",NA,NA
170,189,"RWA","Rwanda",2,"Amajyepfo",12,"Nyaruguru",170,"Cyahinda","Sector","Sector",NA,NA
171,189,"RWA","Rwanda",2,"Amajyepfo",12,"Nyaruguru",171,"Kibeho","Sector","Sector",NA,NA
172,189,"RWA","Rwanda",2,"Amajyepfo",12,"Nyaruguru",172,"Kivu","Sector","Sector",NA,NA
173,189,"RWA","Rwanda",2,"Amajyepfo",12,"Nyaruguru",173,"Mata","Sector","Sector",NA,NA
174,189,"RWA","Rwanda",2,"Amajyepfo",12,"Nyaruguru",174,"Muganza","Sector","Sector",NA,NA
175,189,"RWA","Rwanda",2,"Amajyepfo",12,"Nyaruguru",175,"Munini","Sector","Sector",NA,NA
176,189,"RWA","Rwanda",2,"Amajyepfo",12,"Nyaruguru",176,"Ngera","Sector","Sector",NA,NA
177,189,"RWA","Rwanda",2,"Amajyepfo",12,"Nyaruguru",177,"Ngoma","Sector","Sector",NA,NA
178,189,"RWA","Rwanda",2,"Amajyepfo",12,"Nyaruguru",178,"Nyabimata","Sector","Sector",NA,NA
179,189,"RWA","Rwanda",2,"Amajyepfo",12,"Nyaruguru",179,"Nyagisozi","Sector","Sector",NA,NA
180,189,"RWA","Rwanda",2,"Amajyepfo",12,"Nyaruguru",180,"Ruheru","Sector","Sector",NA,NA
181,189,"RWA","Rwanda",2,"Amajyepfo",12,"Nyaruguru",181,"Ruramba","Sector","Sector",NA,NA
182,189,"RWA","Rwanda",2,"Amajyepfo",12,"Nyaruguru",182,"Rusenge","Sector","Sector",NA,NA
183,189,"RWA","Rwanda",2,"Amajyepfo",13,"Ruhango",183,"Bweramana","Sector","Sector",NA,NA
184,189,"RWA","Rwanda",2,"Amajyepfo",13,"Ruhango",184,"Byimana","Sector","Sector",NA,NA
185,189,"RWA","Rwanda",2,"Amajyepfo",13,"Ruhango",185,"Kabagali","Sector","Sector",NA,NA
186,189,"RWA","Rwanda",2,"Amajyepfo",13,"Ruhango",186,"Kinazi","Sector","Sector",NA,NA
187,189,"RWA","Rwanda",2,"Amajyepfo",13,"Ruhango",187,"Kinihira","Sector","Sector",NA,NA
188,189,"RWA","Rwanda",2,"Amajyepfo",13,"Ruhango",188,"Mbuye","Sector","Sector",NA,NA
189,189,"RWA","Rwanda",2,"Amajyepfo",13,"Ruhango",189,"Mwendo","Sector","Sector",NA,NA
190,189,"RWA","Rwanda",2,"Amajyepfo",13,"Ruhango",190,"Ntongwe","Sector","Sector",NA,NA
191,189,"RWA","Rwanda",2,"Amajyepfo",13,"Ruhango",191,"Ruhango","Sector","Sector",NA,NA
192,189,"RWA","Rwanda",3,"Iburasirazuba",14,"Bugesera",192,"Gashora","Sector","Sector",NA,NA
193,189,"RWA","Rwanda",3,"Iburasirazuba",14,"Bugesera",193,"Juru","Sector","Sector",NA,NA
194,189,"RWA","Rwanda",3,"Iburasirazuba",14,"Bugesera",194,"Kamabuye","Sector","Sector",NA,NA
195,189,"RWA","Rwanda",3,"Iburasirazuba",14,"Bugesera",195,"Mareba","Sector","Sector",NA,NA
196,189,"RWA","Rwanda",3,"Iburasirazuba",14,"Bugesera",196,"Mayange","Sector","Sector",NA,NA
197,189,"RWA","Rwanda",3,"Iburasirazuba",14,"Bugesera",197,"Musenyi","Sector","Sector",NA,NA
198,189,"RWA","Rwanda",3,"Iburasirazuba",14,"Bugesera",198,"Mwogo","Sector","Sector",NA,NA
199,189,"RWA","Rwanda",3,"Iburasirazuba",14,"Bugesera",199,"Ngeruka","Sector","Sector",NA,NA
200,189,"RWA","Rwanda",3,"Iburasirazuba",14,"Bugesera",200,"Ntarama","Sector","Sector",NA,NA
201,189,"RWA","Rwanda",3,"Iburasirazuba",14,"Bugesera",201,"Nyamata","Sector","Sector",NA,NA
202,189,"RWA","Rwanda",3,"Iburasirazuba",14,"Bugesera",202,"Nyarugenge","Sector","Sector",NA,NA
203,189,"RWA","Rwanda",3,"Iburasirazuba",14,"Bugesera",203,"Rilima","Sector","Sector",NA,NA
204,189,"RWA","Rwanda",3,"Iburasirazuba",14,"Bugesera",204,"Ruhuha","Sector","Sector",NA,NA
205,189,"RWA","Rwanda",3,"Iburasirazuba",14,"Bugesera",205,"Rweru","Sector","Sector",NA,NA
206,189,"RWA","Rwanda",3,"Iburasirazuba",14,"Bugesera",206,"Shyara","Sector","Sector",NA,NA
207,189,"RWA","Rwanda",3,"Iburasirazuba",15,"Gatsibo",207,"Gasange","Sector","Sector",NA,NA
208,189,"RWA","Rwanda",3,"Iburasirazuba",15,"Gatsibo",208,"Gatsibo","Sector","Sector",NA,NA
209,189,"RWA","Rwanda",3,"Iburasirazuba",15,"Gatsibo",209,"Gitoki","Sector","Sector",NA,NA
210,189,"RWA","Rwanda",3,"Iburasirazuba",15,"Gatsibo",210,"Kabarore","Sector","Sector",NA,NA
211,189,"RWA","Rwanda",3,"Iburasirazuba",15,"Gatsibo",211,"Kageyo","Sector","Sector",NA,NA
212,189,"RWA","Rwanda",3,"Iburasirazuba",15,"Gatsibo",212,"Kiramuruzi","Sector","Sector",NA,NA
213,189,"RWA","Rwanda",3,"Iburasirazuba",15,"Gatsibo",213,"Kiziguro","Sector","Sector",NA,NA
214,189,"RWA","Rwanda",3,"Iburasirazuba",15,"Gatsibo",214,"Muhura","Sector","Sector",NA,NA
215,189,"RWA","Rwanda",3,"Iburasirazuba",15,"Gatsibo",215,"Murambi","Sector","Sector",NA,NA
216,189,"RWA","Rwanda",3,"Iburasirazuba",15,"Gatsibo",216,"Ngarama","Sector","Sector",NA,NA
217,189,"RWA","Rwanda",3,"Iburasirazuba",15,"Gatsibo",217,"Nyagihanga","Sector","Sector",NA,NA
218,189,"RWA","Rwanda",3,"Iburasirazuba",15,"Gatsibo",218,"Remera","Sector","Sector",NA,NA
219,189,"RWA","Rwanda",3,"Iburasirazuba",15,"Gatsibo",219,"Rugarama","Sector","Sector",NA,NA
220,189,"RWA","Rwanda",3,"Iburasirazuba",15,"Gatsibo",220,"Rwimbogo","Sector","Sector",NA,NA
221,189,"RWA","Rwanda",3,"Iburasirazuba",16,"Kayonza",221,"Gahini","Sector","Sector",NA,NA
222,189,"RWA","Rwanda",3,"Iburasirazuba",16,"Kayonza",222,"Kabare","Sector","Sector",NA,NA
223,189,"RWA","Rwanda",3,"Iburasirazuba",16,"Kayonza",223,"Kabarondo","Sector","Sector",NA,NA
224,189,"RWA","Rwanda",3,"Iburasirazuba",16,"Kayonza",224,"Mukarange","Sector","Sector",NA,NA
225,189,"RWA","Rwanda",3,"Iburasirazuba",16,"Kayonza",225,"Murama","Sector","Sector",NA,NA
226,189,"RWA","Rwanda",3,"Iburasirazuba",16,"Kayonza",226,"Murundi","Sector","Sector",NA,NA
227,189,"RWA","Rwanda",3,"Iburasirazuba",16,"Kayonza",227,"Mwiri","Sector","Sector",NA,NA
228,189,"RWA","Rwanda",3,"Iburasirazuba",16,"Kayonza",228,"Ndego","Sector","Sector",NA,NA
229,189,"RWA","Rwanda",3,"Iburasirazuba",16,"Kayonza",229,"Nyamirama","Sector","Sector",NA,NA
230,189,"RWA","Rwanda",3,"Iburasirazuba",16,"Kayonza",230,"Rukara","Sector","Sector",NA,NA
231,189,"RWA","Rwanda",3,"Iburasirazuba",16,"Kayonza",231,"Ruramira","Sector","Sector",NA,NA
232,189,"RWA","Rwanda",3,"Iburasirazuba",16,"Kayonza",232,"Rwinkwavu","Sector","Sector",NA,NA
233,189,"RWA","Rwanda",3,"Iburasirazuba",17,"Kirehe",233,"Gahara","Sector","Sector",NA,NA
234,189,"RWA","Rwanda",3,"Iburasirazuba",17,"Kirehe",234,"Gatore","Sector","Sector",NA,NA
235,189,"RWA","Rwanda",3,"Iburasirazuba",17,"Kirehe",235,"Kigarama","Sector","Sector",NA,NA
236,189,"RWA","Rwanda",3,"Iburasirazuba",17,"Kirehe",236,"Kigina","Sector","Sector",NA,NA
237,189,"RWA","Rwanda",3,"Iburasirazuba",17,"Kirehe",237,"Kirehe","Sector","Sector",NA,NA
238,189,"RWA","Rwanda",3,"Iburasirazuba",17,"Kirehe",238,"Mahama","Sector","Sector",NA,NA
239,189,"RWA","Rwanda",3,"Iburasirazuba",17,"Kirehe",239,"Mpanga","Sector","Sector",NA,NA
240,189,"RWA","Rwanda",3,"Iburasirazuba",17,"Kirehe",240,"Musaza","Sector","Sector",NA,NA
241,189,"RWA","Rwanda",3,"Iburasirazuba",17,"Kirehe",241,"Mushikiri","Sector","Sector",NA,NA
242,189,"RWA","Rwanda",3,"Iburasirazuba",17,"Kirehe",242,"Nasho","Sector","Sector",NA,NA
243,189,"RWA","Rwanda",3,"Iburasirazuba",17,"Kirehe",243,"Nyamugari","Sector","Sector",NA,NA
244,189,"RWA","Rwanda",3,"Iburasirazuba",17,"Kirehe",244,"Nyarubuye","Sector","Sector",NA,NA
245,189,"RWA","Rwanda",3,"Iburasirazuba",18,"Ngoma",245,"Gashanda","Sector","Sector",NA,NA
246,189,"RWA","Rwanda",3,"Iburasirazuba",18,"Ngoma",246,"Jarama","Sector","Sector",NA,NA
247,189,"RWA","Rwanda",3,"Iburasirazuba",18,"Ngoma",247,"Karembo","Sector","Sector",NA,NA
248,189,"RWA","Rwanda",3,"Iburasirazuba",18,"Ngoma",248,"Kazo","Sector","Sector",NA,NA
249,189,"RWA","Rwanda",3,"Iburasirazuba",18,"Ngoma",249,"Kibungo","Sector","Sector",NA,NA
250,189,"RWA","Rwanda",3,"Iburasirazuba",18,"Ngoma",250,"Mugesera","Sector","Sector",NA,NA
251,189,"RWA","Rwanda",3,"Iburasirazuba",18,"Ngoma",251,"Murama","Sector","Sector",NA,NA
252,189,"RWA","Rwanda",3,"Iburasirazuba",18,"Ngoma",252,"Mutenderi","Sector","Sector",NA,NA
253,189,"RWA","Rwanda",3,"Iburasirazuba",18,"Ngoma",253,"Remera","Sector","Sector",NA,NA
254,189,"RWA","Rwanda",3,"Iburasirazuba",18,"Ngoma",254,"Rukira","Sector","Sector",NA,NA
255,189,"RWA","Rwanda",3,"Iburasirazuba",18,"Ngoma",255,"Rukumberi","Sector","Sector",NA,NA
256,189,"RWA","Rwanda",3,"Iburasirazuba",18,"Ngoma",256,"Rurenge","Sector","Sector",NA,NA
257,189,"RWA","Rwanda",3,"Iburasirazuba",18,"Ngoma",257,"Sake","Sector","Sector",NA,NA
258,189,"RWA","Rwanda",3,"Iburasirazuba",18,"Ngoma",258,"Zaza","Sector","Sector",NA,NA
259,189,"RWA","Rwanda",3,"Iburasirazuba",19,"Nyagatare",259,"Gatunda","Sector","Sector",NA,NA
260,189,"RWA","Rwanda",3,"Iburasirazuba",19,"Nyagatare",260,"Karama","Sector","Sector",NA,NA
261,189,"RWA","Rwanda",3,"Iburasirazuba",19,"Nyagatare",261,"Karangazi","Sector","Sector",NA,NA
262,189,"RWA","Rwanda",3,"Iburasirazuba",19,"Nyagatare",262,"Katabagemu","Sector","Sector",NA,NA
263,189,"RWA","Rwanda",3,"Iburasirazuba",19,"Nyagatare",263,"Kiyombe","Sector","Sector",NA,NA
264,189,"RWA","Rwanda",3,"Iburasirazuba",19,"Nyagatare",264,"Matimba","Sector","Sector",NA,NA
265,189,"RWA","Rwanda",3,"Iburasirazuba",19,"Nyagatare",265,"Mimuri","Sector","Sector",NA,NA
266,189,"RWA","Rwanda",3,"Iburasirazuba",19,"Nyagatare",266,"Mukama","Sector","Sector",NA,NA
267,189,"RWA","Rwanda",3,"Iburasirazuba",19,"Nyagatare",267,"Musheri","Sector","Sector",NA,NA
268,189,"RWA","Rwanda",3,"Iburasirazuba",19,"Nyagatare",268,"Nyagatare","Sector","Sector",NA,NA
269,189,"RWA","Rwanda",3,"Iburasirazuba",19,"Nyagatare",269,"Rukomo","Sector","Sector",NA,NA
270,189,"RWA","Rwanda",3,"Iburasirazuba",19,"Nyagatare",270,"Rwempasha","Sector","Sector",NA,NA
271,189,"RWA","Rwanda",3,"Iburasirazuba",19,"Nyagatare",271,"Rwimiyaga","Sector","Sector",NA,NA
272,189,"RWA","Rwanda",3,"Iburasirazuba",19,"Nyagatare",272,"Tabagwe","Sector","Sector",NA,NA
273,189,"RWA","Rwanda",3,"Iburasirazuba",20,"Rwamagana",273,"Fumbwe","Sector","Sector",NA,NA
274,189,"RWA","Rwanda",3,"Iburasirazuba",20,"Rwamagana",274,"Gahengeri","Sector","Sector",NA,NA
275,189,"RWA","Rwanda",3,"Iburasirazuba",20,"Rwamagana",275,"Gishali","Sector","Sector",NA,NA
276,189,"RWA","Rwanda",3,"Iburasirazuba",20,"Rwamagana",276,"Karenge","Sector","Sector",NA,NA
277,189,"RWA","Rwanda",3,"Iburasirazuba",20,"Rwamagana",277,"Kigabiro","Sector","Sector",NA,NA
278,189,"RWA","Rwanda",3,"Iburasirazuba",20,"Rwamagana",278,"Muhazi","Sector","Sector",NA,NA
279,189,"RWA","Rwanda",3,"Iburasirazuba",20,"Rwamagana",279,"Munyaga","Sector","Sector",NA,NA
280,189,"RWA","Rwanda",3,"Iburasirazuba",20,"Rwamagana",280,"Munyiginya","Sector","Sector",NA,NA
281,189,"RWA","Rwanda",3,"Iburasirazuba",20,"Rwamagana",281,"Musha","Sector","Sector",NA,NA
282,189,"RWA","Rwanda",3,"Iburasirazuba",20,"Rwamagana",282,"Muyumbu","Sector","Sector",NA,NA
283,189,"RWA","Rwanda",3,"Iburasirazuba",20,"Rwamagana",283,"Mwulire","Sector","Sector",NA,NA
284,189,"RWA","Rwanda",3,"Iburasirazuba",20,"Rwamagana",284,"Nyakaliro","Sector","Sector",NA,NA
285,189,"RWA","Rwanda",3,"Iburasirazuba",20,"Rwamagana",285,"Nzige","Sector","Sector",NA,NA
286,189,"RWA","Rwanda",3,"Iburasirazuba",20,"Rwamagana",286,"Rubona","Sector","Sector",NA,NA
287,189,"RWA","Rwanda",4,"Iburengerazuba",21,"Karongi",287,"Bwishyura","Sector","Sector",NA,NA
288,189,"RWA","Rwanda",4,"Iburengerazuba",21,"Karongi",288,"Gashari","Sector","Sector",NA,NA
289,189,"RWA","Rwanda",4,"Iburengerazuba",21,"Karongi",289,"Gishyita","Sector","Sector",NA,NA
290,189,"RWA","Rwanda",4,"Iburengerazuba",21,"Karongi",290,"Gitesi","Sector","Sector",NA,NA
291,189,"RWA","Rwanda",4,"Iburengerazuba",21,"Karongi",291,"Lac Kivu","Water body","Water body",NA,"Lake Kivu"
292,189,"RWA","Rwanda",4,"Iburengerazuba",21,"Karongi",292,"Mubuga","Sector","Sector",NA,NA
293,189,"RWA","Rwanda",4,"Iburengerazuba",21,"Karongi",293,"Murambi","Sector","Sector",NA,NA
294,189,"RWA","Rwanda",4,"Iburengerazuba",21,"Karongi",294,"Murundi","Sector","Sector",NA,NA
295,189,"RWA","Rwanda",4,"Iburengerazuba",21,"Karongi",295,"Mutuntu","Sector","Sector",NA,NA
296,189,"RWA","Rwanda",4,"Iburengerazuba",21,"Karongi",296,"Rubengera","Sector","Sector",NA,NA
297,189,"RWA","Rwanda",4,"Iburengerazuba",21,"Karongi",297,"Rugabano","Sector","Sector",NA,NA
298,189,"RWA","Rwanda",4,"Iburengerazuba",21,"Karongi",298,"Ruganda","Sector","Sector",NA,NA
299,189,"RWA","Rwanda",4,"Iburengerazuba",21,"Karongi",299,"Rwankuba","Sector","Sector",NA,NA
300,189,"RWA","Rwanda",4,"Iburengerazuba",21,"Karongi",300,"Twumba","Sector","Sector",NA,NA
301,189,"RWA","Rwanda",4,"Iburengerazuba",22,"Ngororero",301,"Bwira","Sector","Sector",NA,NA
302,189,"RWA","Rwanda",4,"Iburengerazuba",22,"Ngororero",302,"Gatumba","Sector","Sector",NA,NA
303,189,"RWA","Rwanda",4,"Iburengerazuba",22,"Ngororero",303,"Hindiro","Sector","Sector",NA,NA
304,189,"RWA","Rwanda",4,"Iburengerazuba",22,"Ngororero",304,"Kabaya","Sector","Sector",NA,NA
305,189,"RWA","Rwanda",4,"Iburengerazuba",22,"Ngororero",305,"Kageyo","Sector","Sector",NA,NA
306,189,"RWA","Rwanda",4,"Iburengerazuba",22,"Ngororero",306,"Kavumu","Sector","Sector",NA,NA
307,189,"RWA","Rwanda",4,"Iburengerazuba",22,"Ngororero",307,"Matyazo","Sector","Sector",NA,NA
308,189,"RWA","Rwanda",4,"Iburengerazuba",22,"Ngororero",308,"Muhanda","Sector","Sector",NA,NA
309,189,"RWA","Rwanda",4,"Iburengerazuba",22,"Ngororero",309,"Muhororo","Sector","Sector",NA,NA
310,189,"RWA","Rwanda",4,"Iburengerazuba",22,"Ngororero",310,"Ndaro","Sector","Sector",NA,NA
311,189,"RWA","Rwanda",4,"Iburengerazuba",22,"Ngororero",311,"Ngororero","Sector","Sector",NA,NA
312,189,"RWA","Rwanda",4,"Iburengerazuba",22,"Ngororero",312,"Nyange","Sector","Sector",NA,NA
313,189,"RWA","Rwanda",4,"Iburengerazuba",22,"Ngororero",313,"Sovu","Sector","Sector",NA,NA
314,189,"RWA","Rwanda",4,"Iburengerazuba",23,"Nyabihu",314,"Bigogwe","Sector","Sector",NA,NA
315,189,"RWA","Rwanda",4,"Iburengerazuba",23,"Nyabihu",315,"Jenda","Sector","Sector",NA,NA
316,189,"RWA","Rwanda",4,"Iburengerazuba",23,"Nyabihu",316,"Jomba","Sector","Sector",NA,NA
317,189,"RWA","Rwanda",4,"Iburengerazuba",23,"Nyabihu",317,"Kabatwa","Sector","Sector",NA,NA
318,189,"RWA","Rwanda",4,"Iburengerazuba",23,"Nyabihu",318,"Karago","Sector","Sector",NA,NA
319,189,"RWA","Rwanda",4,"Iburengerazuba",23,"Nyabihu",319,"Kintobo","Sector","Sector",NA,NA
320,189,"RWA","Rwanda",4,"Iburengerazuba",23,"Nyabihu",320,"Mukamira","Sector","Sector",NA,NA
321,189,"RWA","Rwanda",4,"Iburengerazuba",23,"Nyabihu",321,"Muringa","Sector","Sector",NA,NA
322,189,"RWA","Rwanda",4,"Iburengerazuba",23,"Nyabihu",322,"Rambura","Sector","Sector",NA,NA
323,189,"RWA","Rwanda",4,"Iburengerazuba",23,"Nyabihu",323,"Rugera","Sector","Sector",NA,NA
324,189,"RWA","Rwanda",4,"Iburengerazuba",23,"Nyabihu",324,"Rurembo","Sector","Sector",NA,NA
325,189,"RWA","Rwanda",4,"Iburengerazuba",23,"Nyabihu",325,"Shyira","Sector","Sector",NA,NA
326,189,"RWA","Rwanda",4,"Iburengerazuba",24,"Nyamasheke",326,"Bushekeri","Sector","Sector",NA,NA
327,189,"RWA","Rwanda",4,"Iburengerazuba",24,"Nyamasheke",327,"Bushenge","Sector","Sector",NA,NA
328,189,"RWA","Rwanda",4,"Iburengerazuba",24,"Nyamasheke",328,"Cyato","Sector","Sector",NA,NA
329,189,"RWA","Rwanda",4,"Iburengerazuba",24,"Nyamasheke",329,"Gihombo","Sector","Sector",NA,NA
330,189,"RWA","Rwanda",4,"Iburengerazuba",24,"Nyamasheke",330,"Kagano","Sector","Sector",NA,NA
331,189,"RWA","Rwanda",4,"Iburengerazuba",24,"Nyamasheke",331,"Kanjongo","Sector","Sector",NA,NA
332,189,"RWA","Rwanda",4,"Iburengerazuba",24,"Nyamasheke",332,"Karambi","Sector","Sector",NA,NA
333,189,"RWA","Rwanda",4,"Iburengerazuba",24,"Nyamasheke",333,"Karengera","Sector","Sector",NA,NA
334,189,"RWA","Rwanda",4,"Iburengerazuba",24,"Nyamasheke",334,"Kirimbi","Sector","Sector",NA,NA
335,189,"RWA","Rwanda",4,"Iburengerazuba",24,"Nyamasheke",335,"Lac Kivu","Water body","Water body",NA,"Lake Kivu"
336,189,"RWA","Rwanda",4,"Iburengerazuba",24,"Nyamasheke",336,"Macuba","Sector","Sector",NA,NA
337,189,"RWA","Rwanda",4,"Iburengerazuba",24,"Nyamasheke",337,"Mahembe","Sector","Sector",NA,NA
338,189,"RWA","Rwanda",4,"Iburengerazuba",24,"Nyamasheke",338,"Nyabitekeri","Sector","Sector",NA,NA
339,189,"RWA","Rwanda",4,"Iburengerazuba",24,"Nyamasheke",339,"Rangiro","Sector","Sector",NA,NA
340,189,"RWA","Rwanda",4,"Iburengerazuba",24,"Nyamasheke",340,"Ruharambuga","Sector","Sector",NA,NA
341,189,"RWA","Rwanda",4,"Iburengerazuba",24,"Nyamasheke",341,"Shangi","Sector","Sector",NA,NA
342,189,"RWA","Rwanda",4,"Iburengerazuba",25,"Rubavu",342,"Bugeshi","Sector","Sector",NA,NA
343,189,"RWA","Rwanda",4,"Iburengerazuba",25,"Rubavu",343,"Busasamana","Sector","Sector",NA,NA
344,189,"RWA","Rwanda",4,"Iburengerazuba",25,"Rubavu",344,"Cyanzarwe","Sector","Sector",NA,NA
345,189,"RWA","Rwanda",4,"Iburengerazuba",25,"Rubavu",345,"Gisenyi","Sector","Sector",NA,NA
346,189,"RWA","Rwanda",4,"Iburengerazuba",25,"Rubavu",346,"Kanama","Sector","Sector",NA,NA
347,189,"RWA","Rwanda",4,"Iburengerazuba",25,"Rubavu",347,"Kanzenze","Sector","Sector",NA,NA
348,189,"RWA","Rwanda",4,"Iburengerazuba",25,"Rubavu",348,"Lac Kivu","Water body","Water body",NA,"Lake Kivu"
349,189,"RWA","Rwanda",4,"Iburengerazuba",25,"Rubavu",349,"Mudende","Sector","Sector",NA,NA
350,189,"RWA","Rwanda",4,"Iburengerazuba",25,"Rubavu",350,"Nyakiriba","Sector","Sector",NA,NA
351,189,"RWA","Rwanda",4,"Iburengerazuba",25,"Rubavu",351,"Nyamyumba","Sector","Sector",NA,NA
352,189,"RWA","Rwanda",4,"Iburengerazuba",25,"Rubavu",352,"Nyundo","Sector","Sector",NA,NA
353,189,"RWA","Rwanda",4,"Iburengerazuba",25,"Rubavu",353,"Rubavu","Sector","Sector",NA,NA
354,189,"RWA","Rwanda",4,"Iburengerazuba",25,"Rubavu",354,"Rugerero","Sector","Sector",NA,NA
355,189,"RWA","Rwanda",4,"Iburengerazuba",26,"Rusizi",355,"Bugarama","Sector","Sector",NA,NA
356,189,"RWA","Rwanda",4,"Iburengerazuba",26,"Rusizi",356,"Butare","Sector","Sector",NA,NA
357,189,"RWA","Rwanda",4,"Iburengerazuba",26,"Rusizi",357,"Bweyeye","Sector","Sector",NA,NA
358,189,"RWA","Rwanda",4,"Iburengerazuba",26,"Rusizi",358,"Gashonga","Sector","Sector",NA,NA
359,189,"RWA","Rwanda",4,"Iburengerazuba",26,"Rusizi",359,"Giheke","Sector","Sector",NA,NA
360,189,"RWA","Rwanda",4,"Iburengerazuba",26,"Rusizi",360,"Gihundwe","Sector","Sector",NA,NA
361,189,"RWA","Rwanda",4,"Iburengerazuba",26,"Rusizi",361,"Gikundamvura","Sector","Sector",NA,NA
362,189,"RWA","Rwanda",4,"Iburengerazuba",26,"Rusizi",362,"Gitambi","Sector","Sector",NA,NA
363,189,"RWA","Rwanda",4,"Iburengerazuba",26,"Rusizi",363,"Kamembe","Sector","Sector",NA,NA
364,189,"RWA","Rwanda",4,"Iburengerazuba",26,"Rusizi",364,"Lac Kivu","Water body","Water body",NA,"Lake Kivu"
365,189,"RWA","Rwanda",4,"Iburengerazuba",26,"Rusizi",365,"Muganza","Sector","Sector",NA,NA
366,189,"RWA","Rwanda",4,"Iburengerazuba",26,"Rusizi",366,"Mururu","Sector","Sector",NA,NA
367,189,"RWA","Rwanda",4,"Iburengerazuba",26,"Rusizi",367,"Nkanka","Sector","Sector",NA,NA
368,189,"RWA","Rwanda",4,"Iburengerazuba",26,"Rusizi",368,"Nkombo","Sector","Sector",NA,NA
369,189,"RWA","Rwanda",4,"Iburengerazuba",26,"Rusizi",369,"Nkungu","Sector","Sector",NA,NA
370,189,"RWA","Rwanda",4,"Iburengerazuba",26,"Rusizi",370,"Nyakabuye","Sector","Sector",NA,NA
371,189,"RWA","Rwanda",4,"Iburengerazuba",26,"Rusizi",371,"Nyakarenzo","Sector","Sector",NA,NA
372,189,"RWA","Rwanda",4,"Iburengerazuba",26,"Rusizi",372,"Nzahaha","Sector","Sector",NA,NA
373,189,"RWA","Rwanda",4,"Iburengerazuba",26,"Rusizi",373,"Rwimbogo","Sector","Sector",NA,NA
374,189,"RWA","Rwanda",4,"Iburengerazuba",27,"Rutsiro",374,"Boneza","Sector","Sector",NA,NA
375,189,"RWA","Rwanda",4,"Iburengerazuba",27,"Rutsiro",375,"Gihango","Sector","Sector",NA,NA
376,189,"RWA","Rwanda",4,"Iburengerazuba",27,"Rutsiro",376,"Kigeyo","Sector","Sector",NA,NA
377,189,"RWA","Rwanda",4,"Iburengerazuba",27,"Rutsiro",377,"Kivumu","Sector","Sector",NA,NA
378,189,"RWA","Rwanda",4,"Iburengerazuba",27,"Rutsiro",378,"Lac Kivu","Water body","Water body",NA,"Lake Kivu"
379,189,"RWA","Rwanda",4,"Iburengerazuba",27,"Rutsiro",379,"Manihira","Sector","Sector",NA,NA
380,189,"RWA","Rwanda",4,"Iburengerazuba",27,"Rutsiro",380,"Mukura","Sector","Sector",NA,NA
381,189,"RWA","Rwanda",4,"Iburengerazuba",27,"Rutsiro",381,"Murunda","Sector","Sector",NA,NA
382,189,"RWA","Rwanda",4,"Iburengerazuba",27,"Rutsiro",382,"Musasa","Sector","Sector",NA,NA
383,189,"RWA","Rwanda",4,"Iburengerazuba",27,"Rutsiro",383,"Mushonyi","Sector","Sector",NA,NA
384,189,"RWA","Rwanda",4,"Iburengerazuba",27,"Rutsiro",384,"Mushubati","Sector","Sector",NA,NA
385,189,"RWA","Rwanda",4,"Iburengerazuba",27,"Rutsiro",385,"Nyabirasi","Sector","Sector",NA,NA
386,189,"RWA","Rwanda",4,"Iburengerazuba",27,"Rutsiro",386,"Ruhango","Sector","Sector",NA,NA
387,189,"RWA","Rwanda",4,"Iburengerazuba",27,"Rutsiro",387,"Rusebeya","Sector","Sector",NA,NA
388,189,"RWA","Rwanda",5,"Umujyi wa Kigali",28,"Gasabo",388,"Bumbogo","Sector","Sector",NA,NA
389,189,"RWA","Rwanda",5,"Umujyi wa Kigali",28,"Gasabo",389,"Gatsata","Sector","Sector",NA,NA
390,189,"RWA","Rwanda",5,"Umujyi wa Kigali",28,"Gasabo",390,"Gikomero","Sector","Sector",NA,NA
391,189,"RWA","Rwanda",5,"Umujyi wa Kigali",28,"Gasabo",391,"Gisozi","Sector","Sector",NA,NA
392,189,"RWA","Rwanda",5,"Umujyi wa Kigali",28,"Gasabo",392,"Jabana","Sector","Sector",NA,NA
393,189,"RWA","Rwanda",5,"Umujyi wa Kigali",28,"Gasabo",393,"Jali","Sector","Sector",NA,NA
394,189,"RWA","Rwanda",5,"Umujyi wa Kigali",28,"Gasabo",394,"Kacyiru","Sector","Sector",NA,NA
395,189,"RWA","Rwanda",5,"Umujyi wa Kigali",28,"Gasabo",395,"Kimihurura","Sector","Sector",NA,NA
396,189,"RWA","Rwanda",5,"Umujyi wa Kigali",28,"Gasabo",396,"Kimironko","Sector","Sector",NA,NA
397,189,"RWA","Rwanda",5,"Umujyi wa Kigali",28,"Gasabo",397,"Kinyinya","Sector","Sector",NA,NA
398,189,"RWA","Rwanda",5,"Umujyi wa Kigali",28,"Gasabo",398,"Ndera","Sector","Sector",NA,NA
399,189,"RWA","Rwanda",5,"Umujyi wa Kigali",28,"Gasabo",399,"Nduba","Sector","Sector",NA,NA
400,189,"RWA","Rwanda",5,"Umujyi wa Kigali",28,"Gasabo",400,"Remera","Sector","Sector",NA,NA
401,189,"RWA","Rwanda",5,"Umujyi wa Kigali",28,"Gasabo",401,"Rusororo","Sector","Sector",NA,NA
402,189,"RWA","Rwanda",5,"Umujyi wa Kigali",28,"Gasabo",402,"Rutunga","Sector","Sector",NA,NA
403,189,"RWA","Rwanda",5,"Umujyi wa Kigali",29,"Kicukiro",403,"Gahanga","Sector","Sector",NA,NA
404,189,"RWA","Rwanda",5,"Umujyi wa Kigali",29,"Kicukiro",404,"Gatenga","Sector","Sector",NA,NA
405,189,"RWA","Rwanda",5,"Umujyi wa Kigali",29,"Kicukiro",405,"Gikondo","Sector","Sector",NA,NA
406,189,"RWA","Rwanda",5,"Umujyi wa Kigali",29,"Kicukiro",406,"Kagarama","Sector","Sector",NA,NA
407,189,"RWA","Rwanda",5,"Umujyi wa Kigali",29,"Kicukiro",407,"Kanombe","Sector","Sector",NA,NA
408,189,"RWA","Rwanda",5,"Umujyi wa Kigali",29,"Kicukiro",408,"Kicukiro","Sector","Sector",NA,NA
409,189,"RWA","Rwanda",5,"Umujyi wa Kigali",29,"Kicukiro",409,"Kigarama","Sector","Sector",NA,NA
410,189,"RWA","Rwanda",5,"Umujyi wa Kigali",29,"Kicukiro",410,"Masaka","Sector","Sector",NA,NA
411,189,"RWA","Rwanda",5,"Umujyi wa Kigali",29,"Kicukiro",411,"Niboye","Sector","Sector",NA,NA
412,189,"RWA","Rwanda",5,"Umujyi wa Kigali",29,"Kicukiro",412,"Nyarugunga","Sector","Sector",NA,NA
413,189,"RWA","Rwanda",5,"Umujyi wa Kigali",30,"Nyarugenge",413,"Gitega","Sector","Sector",NA,NA
414,189,"RWA","Rwanda",5,"Umujyi wa Kigali",30,"Nyarugenge",414,"Kanyinya","Sector","Sector",NA,NA
415,189,"RWA","Rwanda",5,"Umujyi wa Kigali",30,"Nyarugenge",415,"Kigali","Sector","Sector",NA,NA
416,189,"RWA","Rwanda",5,"Umujyi wa Kigali",30,"Nyarugenge",416,"Kimisagara","Sector","Sector",NA,NA
417,189,"RWA","Rwanda",5,"Umujyi wa Kigali",30,"Nyarugenge",417,"Mageregere","Sector","Sector",NA,NA
418,189,"RWA","Rwanda",5,"Umujyi wa Kigali",30,"Nyarugenge",418,"Muhima","Sector","Sector",NA,NA
419,189,"RWA","Rwanda",5,"Umujyi wa Kigali",30,"Nyarugenge",419,"Nyakabanda","Sector","Sector",NA,NA
420,189,"RWA","Rwanda",5,"Umujyi wa Kigali",30,"Nyarugenge",420,"Nyamirambo","Sector","Sector",NA,NA
421,189,"RWA","Rwanda",5,"Umujyi wa Kigali",30,"Nyarugenge",421,"Nyarugenge","Sector","Sector",NA,NA
422,189,"RWA","Rwanda",5,"Umujyi wa Kigali",30,"Nyarugenge",422,"Rwezamenyo","Sector","Sector",NA,NA
