"OBJECTID","ID_0","ISO","NAME_0","ID_1","NAME_1","TYPE_1","ENGTYPE_1","NL_NAME_1","VARNAME_1"
1,21,"BRB","Barbados",1,"Christ Church","Parish","Parish",NA,NA
2,21,"BRB","Barbados",2,"Saint Andrew","Parish","Parish",NA,NA
3,21,"BRB","Barbados",3,"Saint George","Parish","Parish",NA,NA
4,21,"BRB","Barbados",4,"Saint James","Parish","Parish",NA,NA
5,21,"BRB","Barbados",5,"Saint John","Parish","Parish",NA,NA
6,21,"BRB","Barbados",6,"Saint Joseph","Parish","Parish",NA,NA
7,21,"BRB","Barbados",7,"Saint Lucy","Parish","Parish",NA,NA
8,21,"BRB","Barbados",8,"Saint Michael","Parish","Parish",NA,NA
9,21,"BRB","Barbados",9,"Saint Peter","Parish","Parish",NA,NA
10,21,"BRB","Barbados",10,"Saint Philip","Parish","Parish",NA,NA
11,21,"BRB","Barbados",11,"Saint Thomas","Parish","Parish",NA,NA
