"OBJECTID","ID_0","ISO","NAME_0","ID_1","NAME_1","TYPE_1","ENGTYPE_1","NL_NAME_1","VARNAME_1"
1,45,"CYM","Cayman Islands",1,"Bodden Town","District","District",NA,NA
2,45,"CYM","Cayman Islands",2,"Cayman Brac","District","District",NA,NA
3,45,"CYM","Cayman Islands",3,"East End","District","District",NA,NA
4,45,"CYM","Cayman Islands",4,"George Town","District","District",NA,NA
5,45,"CYM","Cayman Islands",5,"Little Cayman","District","District",NA,NA
6,45,"CYM","Cayman Islands",6,"North Side","District","District",NA,NA
7,45,"CYM","Cayman Islands",7,"West Bay","District","District",NA,NA
