"OBJECTID","ID_0","ISO","NAME_0","ID_1","NAME_1","ID_2","NAME_2","TYPE_2","ENGTYPE_2","NL_NAME_2","VARNAME_2"
1,65,"DJI","Djibouti",1,"Ali Sabieh",1,"Ali Sabieh","District","District",NA,NA
2,65,"DJI","Djibouti",2,"Dikhil",2,"As Eyla","District","District",NA,NA
3,65,"DJI","Djibouti",2,"Dikhil",3,"Dikhil","District","District",NA,NA
4,65,"DJI","Djibouti",2,"Dikhil",4,"Yoboki","District","District",NA,NA
5,65,"DJI","Djibouti",3,"Djibouti",5,"Djibouti","District","District",NA,NA
6,65,"DJI","Djibouti",4,"Obock",6,"Alaili Dadda","District","District",NA,NA
7,65,"DJI","Djibouti",4,"Obock",7,"Obock","District","District",NA,NA
8,65,"DJI","Djibouti",5,"Tadjourah",8,"Balha","District","District",NA,NA
9,65,"DJI","Djibouti",5,"Tadjourah",9,"Dorra","District","District",NA,NA
10,65,"DJI","Djibouti",5,"Tadjourah",10,"Randa","District","District",NA,NA
11,65,"DJI","Djibouti",5,"Tadjourah",11,"Tadjourah","District","District",NA,NA
