"OBJECTID","ID_0","ISO","NAME_0","ID_1","NAME_1","ID_2","NAME_2","TYPE_2","ENGTYPE_2","NL_NAME_2","VARNAME_2"
1,103,"HUN","Hungary",1,"Bács-Kiskun",1,"Bácsalmás","Kistérség","Subregion",NA,"Bácsalmási"
2,103,"HUN","Hungary",1,"Bács-Kiskun",2,"Baja","Kistérség","Subregion",NA,"Bajai"
3,103,"HUN","Hungary",1,"Bács-Kiskun",3,"Jánoshalm","Kistérség","Subregion",NA,"Jánoshalmi"
4,103,"HUN","Hungary",1,"Bács-Kiskun",4,"Kalocsa","Kistérség","Subregion",NA,"Kalocsai"
5,103,"HUN","Hungary",1,"Bács-Kiskun",5,"Kecskemét","Kistérség","Subregion",NA,"Kecskeméti"
6,103,"HUN","Hungary",1,"Bács-Kiskun",6,"Kiskorös","Kistérség","Subregion",NA,"Kiskorösi"
7,103,"HUN","Hungary",1,"Bács-Kiskun",7,"Kiskunfélegyház","Kistérség","Subregion",NA,"Kiskunfélegyházi"
8,103,"HUN","Hungary",1,"Bács-Kiskun",8,"Kiskunhalas","Kistérség","Subregion",NA,"Kiskunhalasi"
9,103,"HUN","Hungary",1,"Bács-Kiskun",9,"Kiskunmajsa","Kistérség","Subregion",NA,"Kiskunmajsai"
10,103,"HUN","Hungary",1,"Bács-Kiskun",10,"Kunszentmiklós","Kistérség","Subregion",NA,"Kunszentmiklósi"
11,103,"HUN","Hungary",2,"Békés",11,"Békéscsabai","Kistérség","Subregion",NA,NA
12,103,"HUN","Hungary",2,"Békés",12,"Békési","Kistérség","Subregion",NA,NA
13,103,"HUN","Hungary",2,"Békés",13,"Gyulai","Kistérség","Subregion",NA,NA
14,103,"HUN","Hungary",2,"Békés",14,"Mezokovácsház","Kistérség","Subregion",NA,NA
15,103,"HUN","Hungary",2,"Békés",15,"Orosház","Kistérség","Subregion",NA,NA
16,103,"HUN","Hungary",2,"Békés",16,"Sarkad","Kistérség","Subregion",NA,NA
17,103,"HUN","Hungary",2,"Békés",17,"Szarvas","Kistérség","Subregion",NA,NA
18,103,"HUN","Hungary",2,"Békés",18,"Szeghalmi","Kistérség","Subregion",NA,NA
19,103,"HUN","Hungary",3,"Baranya",19,"Komlói","Kistérség","Subregion",NA,NA
20,103,"HUN","Hungary",3,"Baranya",20,"Mohácsi","Kistérség","Subregion",NA,NA
21,103,"HUN","Hungary",3,"Baranya",21,"Pécs","Kistérség","Subregion",NA,NA
22,103,"HUN","Hungary",3,"Baranya",22,"Pécsváradi","Kistérség","Subregion",NA,NA
23,103,"HUN","Hungary",3,"Baranya",23,"Sásdi","Kistérség","Subregion",NA,NA
24,103,"HUN","Hungary",3,"Baranya",24,"Sellyei","Kistérség","Subregion",NA,NA
25,103,"HUN","Hungary",3,"Baranya",25,"Siklósi","Kistérség","Subregion",NA,NA
26,103,"HUN","Hungary",3,"Baranya",26,"Szentlorinci","Kistérség","Subregion",NA,NA
27,103,"HUN","Hungary",3,"Baranya",27,"Szigetvári","Kistérség","Subregion",NA,NA
28,103,"HUN","Hungary",4,"Borsod-Abaúj-Zemplén",28,"Ózdi","Kistérség","Subregion",NA,NA
29,103,"HUN","Hungary",4,"Borsod-Abaúj-Zemplén",29,"Abaúj–Hegyközi","Kistérség","Subregion",NA,NA
30,103,"HUN","Hungary",4,"Borsod-Abaúj-Zemplén",30,"Bodrogközi","Kistérség","Subregion",NA,NA
31,103,"HUN","Hungary",4,"Borsod-Abaúj-Zemplén",31,"Edelényi","Kistérség","Subregion",NA,NA
32,103,"HUN","Hungary",4,"Borsod-Abaúj-Zemplén",32,"Encsi","Kistérség","Subregion",NA,NA
33,103,"HUN","Hungary",4,"Borsod-Abaúj-Zemplén",33,"Kazincbarcikai","Kistérség","Subregion",NA,NA
34,103,"HUN","Hungary",4,"Borsod-Abaúj-Zemplén",34,"Mezocsáti","Kistérség","Subregion",NA,NA
35,103,"HUN","Hungary",4,"Borsod-Abaúj-Zemplén",35,"Mezokövesdi","Kistérség","Subregion",NA,NA
36,103,"HUN","Hungary",4,"Borsod-Abaúj-Zemplén",36,"Miskolci","Kistérség","Subregion",NA,NA
37,103,"HUN","Hungary",4,"Borsod-Abaúj-Zemplén",37,"Sárospatak","Kistérség","Subregion",NA,NA
38,103,"HUN","Hungary",4,"Borsod-Abaúj-Zemplén",38,"Sátoraljaújhely","Kistérség","Subregion",NA,NA
39,103,"HUN","Hungary",4,"Borsod-Abaúj-Zemplén",39,"Szerencs","Kistérség","Subregion",NA,NA
40,103,"HUN","Hungary",4,"Borsod-Abaúj-Zemplén",40,"Szikszó","Kistérség","Subregion",NA,NA
41,103,"HUN","Hungary",4,"Borsod-Abaúj-Zemplén",41,"Tiszaújváros","Kistérség","Subregion",NA,NA
42,103,"HUN","Hungary",4,"Borsod-Abaúj-Zemplén",42,"Tokaji","Kistérség","Subregion",NA,NA
43,103,"HUN","Hungary",5,"Budapest",43,"Budapesti","Kistérség","Subregion",NA,NA
44,103,"HUN","Hungary",6,"Csongrád",44,"Csongrádi","Kistérség","Subregion",NA,NA
45,103,"HUN","Hungary",6,"Csongrád",45,"Hódmezovásárhely","Kistérség","Subregion",NA,NA
46,103,"HUN","Hungary",6,"Csongrád",46,"Kistelek","Kistérség","Subregion",NA,NA
47,103,"HUN","Hungary",6,"Csongrád",47,"Mórahalm","Kistérség","Subregion",NA,NA
48,103,"HUN","Hungary",6,"Csongrád",48,"Makó","Kistérség","Subregion",NA,NA
49,103,"HUN","Hungary",6,"Csongrád",49,"Szeged","Kistérség","Subregion",NA,NA
50,103,"HUN","Hungary",6,"Csongrád",50,"Szentes","Kistérség","Subregion",NA,NA
51,103,"HUN","Hungary",7,"Fejér",51,"Aba","Kistérség","Subregion",NA,NA
52,103,"HUN","Hungary",7,"Fejér",52,"Adony","Kistérség","Subregion",NA,NA
53,103,"HUN","Hungary",7,"Fejér",53,"Bicske","Kistérség","Subregion",NA,NA
54,103,"HUN","Hungary",7,"Fejér",54,"Dunaújváros","Kistérség","Subregion",NA,NA
55,103,"HUN","Hungary",7,"Fejér",55,"Enying","Kistérség","Subregion",NA,NA
56,103,"HUN","Hungary",7,"Fejér",56,"Ercs","Kistérség","Subregion",NA,NA
57,103,"HUN","Hungary",7,"Fejér",57,"Gárdony","Kistérség","Subregion",NA,NA
58,103,"HUN","Hungary",7,"Fejér",58,"Mór","Kistérség","Subregion",NA,NA
59,103,"HUN","Hungary",7,"Fejér",59,"Sárbogárd","Kistérség","Subregion",NA,NA
60,103,"HUN","Hungary",7,"Fejér",60,"Székesfehérvár","Kistérség","Subregion",NA,NA
61,103,"HUN","Hungary",8,"Gyor-Moson-Sopron",61,"Csorna","Kistérség","Subregion",NA,NA
62,103,"HUN","Hungary",8,"Gyor-Moson-Sopron",62,"Gyor","Kistérség","Subregion",NA,NA
63,103,"HUN","Hungary",8,"Gyor-Moson-Sopron",63,"Kapuvár-Beled","Kistérség","Subregion",NA,NA
64,103,"HUN","Hungary",8,"Gyor-Moson-Sopron",64,"Mosonmagyaróvár","Kistérség","Subregion",NA,NA
65,103,"HUN","Hungary",8,"Gyor-Moson-Sopron",65,"Pannonhalm","Kistérség","Subregion",NA,NA
66,103,"HUN","Hungary",8,"Gyor-Moson-Sopron",66,"Sopron-Fertod","Kistérség","Subregion",NA,NA
67,103,"HUN","Hungary",8,"Gyor-Moson-Sopron",67,"Téti","Kistérség","Subregion",NA,NA
68,103,"HUN","Hungary",9,"Hajdú-Bihar",68,"Balmazújváros","Kistérség","Subregion",NA,NA
69,103,"HUN","Hungary",9,"Hajdú-Bihar",69,"Berettyóújfalu","Kistérség","Subregion",NA,NA
70,103,"HUN","Hungary",9,"Hajdú-Bihar",70,"Debrecen","Kistérség","Subregion",NA,NA
71,103,"HUN","Hungary",9,"Hajdú-Bihar",71,"Derecske–Létavértes","Kistérség","Subregion",NA,NA
72,103,"HUN","Hungary",9,"Hajdú-Bihar",72,"Hajdúböszörmény","Kistérség","Subregion",NA,NA
73,103,"HUN","Hungary",9,"Hajdú-Bihar",73,"Hajdúhadház","Kistérség","Subregion",NA,NA
74,103,"HUN","Hungary",9,"Hajdú-Bihar",74,"Hajdúszoboszló","Kistérség","Subregion",NA,NA
75,103,"HUN","Hungary",9,"Hajdú-Bihar",75,"Püspökladány","Kistérség","Subregion",NA,NA
76,103,"HUN","Hungary",9,"Hajdú-Bihar",76,"Polgár","Kistérség","Subregion",NA,NA
77,103,"HUN","Hungary",10,"Heves",77,"Bélapátfalva","Kistérség","Subregion",NA,"Bélapátfalvai"
78,103,"HUN","Hungary",10,"Heves",78,"Eger","Kistérség","Subregion",NA,"Egri"
79,103,"HUN","Hungary",10,"Heves",79,"Füzesabony","Kistérség","Subregion",NA,"Füzesabonyi"
80,103,"HUN","Hungary",10,"Heves",80,"Gyöngyös","Kistérség","Subregion",NA,"Gyöngyösi"
81,103,"HUN","Hungary",10,"Heves",81,"Hatvani","Kistérség","Subregion",NA,NA
82,103,"HUN","Hungary",10,"Heves",82,"Heves","Kistérség","Subregion",NA,"Hevesi"
83,103,"HUN","Hungary",10,"Heves",83,"Pétervására","Kistérség","Subregion",NA,"Pétervásárai"
84,103,"HUN","Hungary",11,"Jász-Nagykun-Szolnok",84,"Jászberény","Kistérség","Subregion",NA,"Jászberényi"
85,103,"HUN","Hungary",11,"Jász-Nagykun-Szolnok",85,"Karcag","Kistérség","Subregion",NA,"Karcagi"
86,103,"HUN","Hungary",11,"Jász-Nagykun-Szolnok",86,"Kunszentmárton","Kistérség","Subregion",NA,"Kunszentmártoni"
87,103,"HUN","Hungary",11,"Jász-Nagykun-Szolnok",87,"Mezotúri","Kistérség","Subregion",NA,"Mezotúr"
88,103,"HUN","Hungary",11,"Jász-Nagykun-Szolnok",88,"Szolnok","Kistérség","Subregion",NA,"Szolnoki"
89,103,"HUN","Hungary",11,"Jász-Nagykun-Szolnok",89,"Törökszentmiklós","Kistérség","Subregion",NA,"Törökszentmiklósi"
90,103,"HUN","Hungary",11,"Jász-Nagykun-Szolnok",90,"Tiszafüred","Kistérség","Subregion",NA,"Tiszafüredi"
91,103,"HUN","Hungary",12,"Komárom-Esztergom",91,"Dorog","Kistérség","Subregion",NA,"Dorogi"
92,103,"HUN","Hungary",12,"Komárom-Esztergom",92,"Esztergom","Kistérség","Subregion",NA,"Esztergomi"
93,103,"HUN","Hungary",12,"Komárom-Esztergom",93,"Kisbér","Kistérség","Subregion",NA,"Kisbéri"
94,103,"HUN","Hungary",12,"Komárom-Esztergom",94,"Komárom","Kistérség","Subregion",NA,"Komáromi"
95,103,"HUN","Hungary",12,"Komárom-Esztergom",95,"Oroszlány","Kistérség","Subregion",NA,"Oroszlányi"
96,103,"HUN","Hungary",12,"Komárom-Esztergom",96,"Tatabánya","Kistérség","Subregion",NA,"Tatabányai"
97,103,"HUN","Hungary",12,"Komárom-Esztergom",97,"Tata","Kistérség","Subregion",NA,"Tatai"
98,103,"HUN","Hungary",13,"Nógrád",98,"Bátonyterenye","Kistérség","Subregion",NA,"Bátonyterenyei"
99,103,"HUN","Hungary",13,"Nógrád",99,"Balassagyarmat","Kistérség","Subregion",NA,"Balassagyarmati"
100,103,"HUN","Hungary",13,"Nógrád",100,"Pásztó","Kistérség","Subregion",NA,"Pásztói"
101,103,"HUN","Hungary",13,"Nógrád",101,"Rétság","Kistérség","Subregion",NA,"Rétsági"
102,103,"HUN","Hungary",13,"Nógrád",102,"Salgótarján","Kistérség","Subregion",NA,"Salgótarjáni"
103,103,"HUN","Hungary",13,"Nógrád",103,"Szécsény","Kistérség","Subregion",NA,"Szécsényi"
104,103,"HUN","Hungary",14,"Pest",104,"Érd","Kistérség","Subregion",NA,"Érdi"
105,103,"HUN","Hungary",14,"Pest",105,"Aszód","Kistérség","Subregion",NA,"Aszódi"
106,103,"HUN","Hungary",14,"Pest",106,"Ceglédi","Kistérség","Subregion",NA,NA
107,103,"HUN","Hungary",14,"Pest",107,"Dabasi","Kistérség","Subregion",NA,NA
108,103,"HUN","Hungary",14,"Pest",108,"Dunakeszi","Kistérség","Subregion",NA,NA
109,103,"HUN","Hungary",14,"Pest",109,"Gödöllo","Kistérség","Subregion",NA,"Gödölloi"
110,103,"HUN","Hungary",14,"Pest",110,"Gyál","Kistérség","Subregion",NA,"Gyáli"
111,103,"HUN","Hungary",14,"Pest",111,"Monor","Kistérség","Subregion",NA,"Monori"
112,103,"HUN","Hungary",14,"Pest",112,"Nagykáta","Kistérség","Subregion",NA,"Nagykátai"
113,103,"HUN","Hungary",14,"Pest",113,"Pilisvörösvár","Kistérség","Subregion",NA,"Pilisvörösvári"
114,103,"HUN","Hungary",14,"Pest",114,"Ráckeve","Kistérség","Subregion",NA,"Ráckevei"
115,103,"HUN","Hungary",14,"Pest",115,"Szentendre","Kistérség","Subregion",NA,"Szentendrei"
116,103,"HUN","Hungary",14,"Pest",116,"Szob","Kistérség","Subregion",NA,"Szobi"
117,103,"HUN","Hungary",14,"Pest",117,"Vác","Kistérség","Subregion",NA,"Váci"
118,103,"HUN","Hungary",14,"Pest",118,"Veresegyház","Kistérség","Subregion",NA,"Veresegyházi"
119,103,"HUN","Hungary",15,"Somogy",119,"Balatonföldvári","Kistérség","Subregion",NA,"Balatonföldvári"
120,103,"HUN","Hungary",15,"Somogy",120,"Barcs","Kistérség","Subregion",NA,"Barcsi"
121,103,"HUN","Hungary",15,"Somogy",121,"Csurgó","Kistérség","Subregion",NA,"Csurgói"
122,103,"HUN","Hungary",15,"Somogy",122,"Fonyód","Kistérség","Subregion",NA,"Fonyódi"
123,103,"HUN","Hungary",15,"Somogy",123,"Kadarkút","Kistérség","Subregion",NA,"Kadarkúti"
124,103,"HUN","Hungary",15,"Somogy",124,"Lengyeltóti","Kistérség","Subregion",NA,NA
125,103,"HUN","Hungary",15,"Somogy",125,"Marcali","Kistérség","Subregion",NA,NA
126,103,"HUN","Hungary",15,"Somogy",126,"Nagyatád","Kistérség","Subregion",NA,"Nagyatádi"
127,103,"HUN","Hungary",15,"Somogy",127,"Siófok","Kistérség","Subregion",NA,"Siófoki"
128,103,"HUN","Hungary",15,"Somogy",128,"Tab","Kistérség","Subregion",NA,"Tabi"
129,103,"HUN","Hungary",16,"Szabolcs-Szatmár-Bereg",129,"Baktalórántháza","Kistérség","Subregion",NA,"Baktalórántházai"
130,103,"HUN","Hungary",16,"Szabolcs-Szatmár-Bereg",130,"Csenger","Kistérség","Subregion",NA,"Csengeri"
131,103,"HUN","Hungary",16,"Szabolcs-Szatmár-Bereg",131,"Fehérgyarmat","Kistérség","Subregion",NA,"Fehérgyarmati"
132,103,"HUN","Hungary",16,"Szabolcs-Szatmár-Bereg",132,"Ibrány–Nagyhalász","Kistérség","Subregion",NA,"Ibrány–Nagyhalászi"
133,103,"HUN","Hungary",16,"Szabolcs-Szatmár-Bereg",133,"Kisvárda","Kistérség","Subregion",NA,"Kisvárdai"
134,103,"HUN","Hungary",16,"Szabolcs-Szatmár-Bereg",134,"Mátészalka","Kistérség","Subregion",NA,"Mátészalkai"
135,103,"HUN","Hungary",16,"Szabolcs-Szatmár-Bereg",135,"Nagykálló","Kistérség","Subregion",NA,"Nagykállói"
136,103,"HUN","Hungary",16,"Szabolcs-Szatmár-Bereg",136,"Nyírbátor","Kistérség","Subregion",NA,"Nyírbátori"
137,103,"HUN","Hungary",16,"Szabolcs-Szatmár-Bereg",137,"Nyíregyháza","Kistérség","Subregion",NA,"Nyíregyházai"
138,103,"HUN","Hungary",16,"Szabolcs-Szatmár-Bereg",138,"Tiszavasvár","Kistérség","Subregion",NA,"Tiszavasvári"
139,103,"HUN","Hungary",16,"Szabolcs-Szatmár-Bereg",139,"Vásárosnamény","Kistérség","Subregion",NA,"Fehérgyarmati"
140,103,"HUN","Hungary",17,"Tolna",140,"Bonyhád","Kistérség","Subregion",NA,"Bonyhádi"
141,103,"HUN","Hungary",17,"Tolna",141,"Dombóvár","Kistérség","Subregion",NA,NA
142,103,"HUN","Hungary",17,"Tolna",142,"Paks","Kistérség","Subregion",NA,"Paksi"
143,103,"HUN","Hungary",17,"Tolna",143,"Szekszárd","Kistérség","Subregion",NA,"Szekszárdi"
144,103,"HUN","Hungary",17,"Tolna",144,"Tamás","Kistérség","Subregion",NA,NA
145,103,"HUN","Hungary",18,"Vas",145,"Oriszentpéter","Kistérség","Subregion",NA,"Oriszentpéteri"
146,103,"HUN","Hungary",18,"Vas",146,"Celldömölk","Kistérség","Subregion",NA,"Celldömölki"
147,103,"HUN","Hungary",18,"Vas",147,"Csepreg","Kistérség","Subregion",NA,"Csepregi"
148,103,"HUN","Hungary",18,"Vas",148,"Koszeg","Kistérség","Subregion",NA,"Koszegi"
149,103,"HUN","Hungary",18,"Vas",149,"Körmend","Kistérség","Subregion",NA,"Körmendi"
150,103,"HUN","Hungary",18,"Vas",150,"Sárvár","Kistérség","Subregion",NA,"Sárvári"
151,103,"HUN","Hungary",18,"Vas",151,"Szentgotthárd","Kistérség","Subregion",NA,"Szentgotthárdi"
152,103,"HUN","Hungary",18,"Vas",152,"Szombathely","Kistérség","Subregion",NA,"Szombathelyi"
153,103,"HUN","Hungary",18,"Vas",153,"Vasvár","Kistérség","Subregion",NA,"Vasvári"
154,103,"HUN","Hungary",19,"Veszprém",154,"Ajka","Kistérség","Subregion",NA,"Ajkai"
155,103,"HUN","Hungary",19,"Veszprém",155,"Balatonalmádi","Kistérség","Subregion",NA,NA
156,103,"HUN","Hungary",19,"Veszprém",156,"Balatonfüred","Kistérség","Subregion",NA,"Balatonfüredi"
157,103,"HUN","Hungary",19,"Veszprém",157,"Pápa","Kistérség","Subregion",NA,"Pápai"
158,103,"HUN","Hungary",19,"Veszprém",158,"Sümeg","Kistérség","Subregion",NA,"Sümegi"
159,103,"HUN","Hungary",19,"Veszprém",159,"Tapolca","Kistérség","Subregion",NA,"Tapolcai"
160,103,"HUN","Hungary",19,"Veszprém",160,"Várpalota","Kistérség","Subregion",NA,NA
161,103,"HUN","Hungary",19,"Veszprém",161,"Veszprém","Kistérség","Subregion",NA,"Veszprémi"
162,103,"HUN","Hungary",19,"Veszprém",162,"Zirc","Kistérség","Subregion",NA,"Zirci"
163,103,"HUN","Hungary",20,"Zala",163,"Hévíz/Keszthely","Kistérség","Subregion",NA,"Hévízi"
164,103,"HUN","Hungary",20,"Zala",164,"Lenti","Kistérség","Subregion",NA,NA
165,103,"HUN","Hungary",20,"Zala",165,"Letenye","Kistérség","Subregion",NA,"Letenyei"
166,103,"HUN","Hungary",20,"Zala",166,"Nagykanizsai/Zalakaros","Kistérség","Subregion",NA,NA
167,103,"HUN","Hungary",20,"Zala",167,"Pacsa/Zalaegerszeg","Kistérség","Subregion",NA,"Pacsai/Zalaegerszegi"
168,103,"HUN","Hungary",20,"Zala",168,"Zalaszentgrót","Kistérség","Subregion",NA,"Zalaszentgróti"
