"OBJECTID","ID_0","ISO","NAME_0","ID_1","NAME_1","ID_2","NAME_2","TYPE_2","ENGTYPE_2","NL_NAME_2","VARNAME_2"
1,239,"UGA","Uganda",1,"Adjumani",1,"East Moyo","County","County",NA,NA
2,239,"UGA","Uganda",2,"Apac",2,"Kole","County","County",NA,NA
3,239,"UGA","Uganda",2,"Apac",3,"Kwania","County","County",NA,NA
4,239,"UGA","Uganda",2,"Apac",4,"Maruzi","County","County",NA,NA
5,239,"UGA","Uganda",2,"Apac",5,"Oyam","County","County",NA,NA
6,239,"UGA","Uganda",3,"Arua",6,"Arua Municipality","County","County",NA,"Arua"
7,239,"UGA","Uganda",3,"Arua",7,"Ayivu","County","County",NA,NA
8,239,"UGA","Uganda",3,"Arua",8,"Koboko","County","County",NA,NA
9,239,"UGA","Uganda",3,"Arua",9,"Madi-Okollo","County","County",NA,NA
10,239,"UGA","Uganda",3,"Arua",10,"Maracha","County","County",NA,NA
11,239,"UGA","Uganda",3,"Arua",11,"Terego","County","County",NA,NA
12,239,"UGA","Uganda",3,"Arua",12,"Vurra","County","County",NA,NA
13,239,"UGA","Uganda",4,"Bugiri",13,"Bukooli","County","County",NA,NA
14,239,"UGA","Uganda",5,"Bundibugyo",14,"Bwamba","County","County",NA,NA
15,239,"UGA","Uganda",5,"Bundibugyo",15,"Ntoroko","County","County",NA,"Ntoroka"
16,239,"UGA","Uganda",6,"Bushenyi",16,"Buhweju","County","County",NA,NA
17,239,"UGA","Uganda",6,"Bushenyi",17,"Bunyaruguru","County","County",NA,NA
18,239,"UGA","Uganda",6,"Bushenyi",18,"Igara","County","County",NA,NA
19,239,"UGA","Uganda",6,"Bushenyi",19,"Ruhinda","County","County",NA,NA
20,239,"UGA","Uganda",6,"Bushenyi",20,"Sheema","County","County",NA,NA
21,239,"UGA","Uganda",7,"Busia",21,"Samia-Bugwe","County","County",NA,NA
22,239,"UGA","Uganda",8,"Gulu",22,"Aswa","County","County",NA,NA
23,239,"UGA","Uganda",8,"Gulu",23,"Gulu","County","County",NA,"Gulu Municipality"
24,239,"UGA","Uganda",8,"Gulu",24,"Kilak","County","County",NA,NA
25,239,"UGA","Uganda",8,"Gulu",25,"Nwoya","County","County",NA,NA
26,239,"UGA","Uganda",8,"Gulu",26,"Omoro","County","County",NA,NA
27,239,"UGA","Uganda",9,"Hoima",27,"Bugahya","County","County",NA,NA
28,239,"UGA","Uganda",9,"Hoima",28,"Buhaguzi","County","County",NA,NA
29,239,"UGA","Uganda",10,"Iganga",29,"Bugweri","County","County",NA,NA
30,239,"UGA","Uganda",10,"Iganga",30,"Busiki","County","County",NA,NA
31,239,"UGA","Uganda",10,"Iganga",31,"Kigulu","County","County",NA,NA
32,239,"UGA","Uganda",10,"Iganga",32,"Luuka","County","County",NA,NA
33,239,"UGA","Uganda",11,"Jinja",33,"Butembe","County","County",NA,NA
34,239,"UGA","Uganda",11,"Jinja",34,"Jinja","County","County",NA,"Jinja Municipality"
35,239,"UGA","Uganda",11,"Jinja",35,"Kagoma","County","County",NA,NA
36,239,"UGA","Uganda",12,"Kabale",36,"Kabale","Municipality","Municipality",NA,NA
37,239,"UGA","Uganda",12,"Kabale",37,"Ndorwa","County","County",NA,NA
38,239,"UGA","Uganda",12,"Kabale",38,"Rubanda","County","County",NA,NA
39,239,"UGA","Uganda",12,"Kabale",39,"Rukiga","County","County",NA,NA
40,239,"UGA","Uganda",13,"Kabarole",40,"Bunyangabu","County","County",NA,NA
41,239,"UGA","Uganda",13,"Kabarole",41,"Burahya","County","County",NA,NA
42,239,"UGA","Uganda",13,"Kabarole",42,"Fort Portal","County","County",NA,NA
43,239,"UGA","Uganda",14,"Kaberamaido",43,"Kaberamaido","County","County",NA,NA
44,239,"UGA","Uganda",14,"Kaberamaido",44,"Kalaki","County","County",NA,NA
45,239,"UGA","Uganda",15,"Kalangala",45,"Bujumba","County","County",NA,NA
46,239,"UGA","Uganda",15,"Kalangala",46,"Kyamuswa","County","County",NA,NA
47,239,"UGA","Uganda",16,"Kampala",47,"Kampala","City council","City council",NA,NA
48,239,"UGA","Uganda",17,"Kamuli",48,"Budiope","County","County",NA,NA
49,239,"UGA","Uganda",17,"Kamuli",49,"Bugabula","County","County",NA,NA
50,239,"UGA","Uganda",17,"Kamuli",50,"Bulamogi","County","County",NA,NA
51,239,"UGA","Uganda",17,"Kamuli",51,"Buzaaya","County","County",NA,NA
52,239,"UGA","Uganda",18,"Kamwenge",52,"Kibale","County","County",NA,NA
53,239,"UGA","Uganda",18,"Kamwenge",53,"Kitagwenda","County","County",NA,NA
54,239,"UGA","Uganda",19,"Kanungu",54,"Kinkiizi","County","County",NA,NA
55,239,"UGA","Uganda",20,"Kapchorwa",55,"Kongasis","County","County",NA,NA
56,239,"UGA","Uganda",20,"Kapchorwa",56,"Kween","County","County",NA,NA
57,239,"UGA","Uganda",20,"Kapchorwa",57,"Tingey","County","County",NA,NA
58,239,"UGA","Uganda",21,"Kasese",58,"Bukonjo","County","County",NA,NA
59,239,"UGA","Uganda",21,"Kasese",59,"Busongora","County","County",NA,NA
60,239,"UGA","Uganda",22,"Katakwi",60,"Amuria","County","County",NA,NA
61,239,"UGA","Uganda",22,"Katakwi",61,"Kapelebyong","County","County",NA,NA
62,239,"UGA","Uganda",22,"Katakwi",62,"Usuk","County","County",NA,NA
63,239,"UGA","Uganda",23,"Kayunga",63,"Bbaale","County","County",NA,NA
64,239,"UGA","Uganda",23,"Kayunga",64,"Ntenjeru","County","County",NA,NA
65,239,"UGA","Uganda",24,"Kibale",65,"Bugangaizi","County","County",NA,NA
66,239,"UGA","Uganda",24,"Kibale",66,"Buyaga","County","County",NA,NA
67,239,"UGA","Uganda",25,"Kiboga",67,"Kiboga","County","County",NA,NA
68,239,"UGA","Uganda",26,"Kisoro",68,"Kisoro","County","County",NA,NA
69,239,"UGA","Uganda",27,"Kitgum",69,"Chua","County","County",NA,NA
70,239,"UGA","Uganda",27,"Kitgum",70,"Lamwo","County","County",NA,NA
71,239,"UGA","Uganda",28,"Kotido",71,"Dodoth","County","County",NA,NA
72,239,"UGA","Uganda",28,"Kotido",72,"Jie","County","County",NA,NA
73,239,"UGA","Uganda",28,"Kotido",73,"Labwor","County","County",NA,NA
74,239,"UGA","Uganda",29,"Kumi",74,"Bukedea","County","County",NA,NA
75,239,"UGA","Uganda",29,"Kumi",75,"Kumi","County","County",NA,NA
76,239,"UGA","Uganda",29,"Kumi",76,"Ngora","County","County",NA,NA
77,239,"UGA","Uganda",30,"Kyenjojo",77,"Kyaka","County","County",NA,NA
78,239,"UGA","Uganda",30,"Kyenjojo",78,"Mwenge","County","County",NA,NA
79,239,"UGA","Uganda",31,"Lake Albert",79,"Lake Albert","Water body","Water body",NA,NA
80,239,"UGA","Uganda",32,"Lake Victoria",80,"Lake Victoria","Water body","Water body",NA,NA
81,239,"UGA","Uganda",33,"Lira",81,"Dokolo","County","County",NA,NA
82,239,"UGA","Uganda",33,"Lira",82,"Erute","County","County",NA,NA
83,239,"UGA","Uganda",33,"Lira",83,"Kyoga","County","County",NA,NA
84,239,"UGA","Uganda",33,"Lira",84,"Lira","Municipality","Municipality",NA,"Lira Municipality"
85,239,"UGA","Uganda",33,"Lira",85,"Moroto","County","County",NA,NA
86,239,"UGA","Uganda",33,"Lira",86,"Otuke","County","County",NA,NA
87,239,"UGA","Uganda",34,"Luwero",87,"Bamunanika","County","County",NA,NA
88,239,"UGA","Uganda",34,"Luwero",88,"Katikamu","County","County",NA,NA
89,239,"UGA","Uganda",34,"Luwero",89,"Nakaseke","County","County",NA,NA
90,239,"UGA","Uganda",35,"Masaka",90,"Bukomansimbi","County","County",NA,NA
91,239,"UGA","Uganda",35,"Masaka",91,"Bukoto","County","County",NA,NA
92,239,"UGA","Uganda",35,"Masaka",92,"Kalungu","County","County",NA,NA
93,239,"UGA","Uganda",35,"Masaka",93,"Masaka","Municipality","Municipality",NA,"Masaka Municipality"
94,239,"UGA","Uganda",36,"Masindi",94,"Bujenje","County","County",NA,NA
95,239,"UGA","Uganda",36,"Masindi",95,"Buruli","County","County",NA,"Buruli"
96,239,"UGA","Uganda",36,"Masindi",96,"Kibanda","County","County",NA,NA
97,239,"UGA","Uganda",37,"Mayuge",97,"Bunya","County","County",NA,NA
98,239,"UGA","Uganda",38,"Mbale",98,"Bubulo","County","County",NA,NA
99,239,"UGA","Uganda",38,"Mbale",99,"Bungokho","County","County",NA,NA
100,239,"UGA","Uganda",38,"Mbale",100,"Manjiya","County","County",NA,NA
101,239,"UGA","Uganda",38,"Mbale",101,"Mbale","Municipality","Municipality",NA,"Mbale Municipality"
102,239,"UGA","Uganda",39,"Mbarara",102,"Bukanga","County","County",NA,NA
103,239,"UGA","Uganda",39,"Mbarara",103,"Ibanda","County","County",NA,NA
104,239,"UGA","Uganda",39,"Mbarara",104,"Isingiro","County","County",NA,NA
105,239,"UGA","Uganda",39,"Mbarara",105,"Kashari","County","County",NA,NA
106,239,"UGA","Uganda",39,"Mbarara",106,"Kazo","County","County",NA,NA
107,239,"UGA","Uganda",39,"Mbarara",107,"Mbarara","Municipality","Municipality",NA,"Mbarara Municipality"
108,239,"UGA","Uganda",39,"Mbarara",108,"Nyabushozi","County","County",NA,NA
109,239,"UGA","Uganda",39,"Mbarara",109,"Rwampara","County","County",NA,NA
110,239,"UGA","Uganda",40,"Moroto",110,"Bokora","County","County",NA,NA
111,239,"UGA","Uganda",40,"Moroto",111,"Matheniko","County","County",NA,NA
112,239,"UGA","Uganda",40,"Moroto",112,"Moroto","County","County",NA,NA
113,239,"UGA","Uganda",41,"Moyo",113,"Obongi","County","County",NA,NA
114,239,"UGA","Uganda",41,"Moyo",114,"West Moyo","County","County",NA,NA
115,239,"UGA","Uganda",42,"Mpigi",115,"Butambala","County","County",NA,NA
116,239,"UGA","Uganda",42,"Mpigi",116,"Gomba","County","County",NA,NA
117,239,"UGA","Uganda",42,"Mpigi",117,"Mawokota","County","County",NA,NA
118,239,"UGA","Uganda",43,"Mubende",118,"Busujju","County","County",NA,NA
119,239,"UGA","Uganda",43,"Mubende",119,"Buwekula","County","County",NA,NA
120,239,"UGA","Uganda",43,"Mubende",120,"Kassanda","County","County",NA,NA
121,239,"UGA","Uganda",43,"Mubende",121,"Mityana","County","County",NA,NA
122,239,"UGA","Uganda",44,"Mukono",122,"Buikwe","County","County",NA,NA
123,239,"UGA","Uganda",44,"Mukono",123,"Buvuma Islands","County","County",NA,"Buvuma"
124,239,"UGA","Uganda",44,"Mukono",124,"Mukono","County","County",NA,NA
125,239,"UGA","Uganda",44,"Mukono",125,"Nakifuma","County","County",NA,NA
126,239,"UGA","Uganda",45,"Nakapiripirit",126,"Chekwii","County","County",NA,NA
127,239,"UGA","Uganda",45,"Nakapiripirit",127,"Pian","County","County",NA,NA
128,239,"UGA","Uganda",45,"Nakapiripirit",128,"Pokot","County","County",NA,"Upe"
129,239,"UGA","Uganda",46,"Nakasongola",129,"Buruli","County","County",NA,NA
130,239,"UGA","Uganda",47,"Nebbi",130,"Jonam","County","County",NA,NA
131,239,"UGA","Uganda",47,"Nebbi",131,"Okoro","County","County",NA,NA
132,239,"UGA","Uganda",47,"Nebbi",132,"Padyere","County","County",NA,NA
133,239,"UGA","Uganda",48,"Ntungamo",133,"Kajara","County","County",NA,NA
134,239,"UGA","Uganda",48,"Ntungamo",134,"Ruhaama","County","County",NA,NA
135,239,"UGA","Uganda",48,"Ntungamo",135,"Rushenyi","County","County",NA,NA
136,239,"UGA","Uganda",49,"Pader",136,"Agago","County","County",NA,NA
137,239,"UGA","Uganda",49,"Pader",137,"Aruu","County","County",NA,NA
138,239,"UGA","Uganda",50,"Pallisa",138,"Budaka","County","County",NA,NA
139,239,"UGA","Uganda",50,"Pallisa",139,"Butebo","County","County",NA,NA
140,239,"UGA","Uganda",50,"Pallisa",140,"Kibuku","County","County",NA,NA
141,239,"UGA","Uganda",50,"Pallisa",141,"Pallisa","County","County",NA,NA
142,239,"UGA","Uganda",51,"Rakai",142,"Kabula","County","County",NA,NA
143,239,"UGA","Uganda",51,"Rakai",143,"Kakuuto","County","County",NA,NA
144,239,"UGA","Uganda",51,"Rakai",144,"Kooki","County","County",NA,NA
145,239,"UGA","Uganda",51,"Rakai",145,"Kyotera","County","County",NA,NA
146,239,"UGA","Uganda",52,"Rukungiri",146,"Bufumbira","County","County",NA,"Bujumbura"
147,239,"UGA","Uganda",52,"Rukungiri",147,"Rubabo","County","County",NA,NA
148,239,"UGA","Uganda",53,"Sembabule",148,"Lwemiyaga","County","County",NA,NA
149,239,"UGA","Uganda",53,"Sembabule",149,"Mawogola","County","County",NA,NA
150,239,"UGA","Uganda",54,"Sironko",150,"Budadiri","County","County",NA,NA
151,239,"UGA","Uganda",54,"Sironko",151,"Bulambuli","County","County",NA,NA
152,239,"UGA","Uganda",54,"Sironko",152,"Mt. Elgon Np","County","County",NA,NA
153,239,"UGA","Uganda",55,"Soroti",153,"Kasilo","County","County",NA,NA
154,239,"UGA","Uganda",55,"Soroti",154,"Serere","County","County",NA,NA
155,239,"UGA","Uganda",55,"Soroti",155,"Soroti","Municipality","Municipality",NA,NA
156,239,"UGA","Uganda",56,"Tororo",156,"Bunyole","County","County",NA,NA
157,239,"UGA","Uganda",56,"Tororo",157,"Kisoko (West Budama)","County","County",NA,"West Budama (Kisolo)"
158,239,"UGA","Uganda",56,"Tororo",158,"Tororo","Municipality","Municipality",NA,NA
159,239,"UGA","Uganda",57,"Wakiso",159,"Busiiro","County","County",NA,"Busiro"
160,239,"UGA","Uganda",57,"Wakiso",160,"Entebbe","County","County",NA,"Entebbe Municipality"
161,239,"UGA","Uganda",57,"Wakiso",161,"Jinja","County","County",NA,"Kyadondo"
162,239,"UGA","Uganda",58,"Yumbe",162,"Aringa","County","County",NA,NA
