"OBJECTID","ID_0","ISO","NAME_0","ID_1","NAME_1","ID_2","NAME_2","ID_3","NAME_3","TYPE_3","ENGTYPE_3","NL_NAME_3","VARNAME_3"
1,239,"UGA","Uganda",1,"Adjumani",1,"East Moyo",1,"Adjumani Tc","Sub-county","Sub-county",NA,NA
2,239,"UGA","Uganda",1,"Adjumani",1,"East Moyo",2,"Adropi","Sub-county","Sub-county",NA,NA
3,239,"UGA","Uganda",1,"Adjumani",1,"East Moyo",3,"Ciforo","Sub-county","Sub-county",NA,NA
4,239,"UGA","Uganda",1,"Adjumani",1,"East Moyo",4,"Dzaipi","Sub-county","Sub-county",NA,NA
5,239,"UGA","Uganda",1,"Adjumani",1,"East Moyo",5,"Ofua","Sub-county","Sub-county",NA,NA
6,239,"UGA","Uganda",1,"Adjumani",1,"East Moyo",6,"Pakelle","Sub-county","Sub-county",NA,NA
7,239,"UGA","Uganda",2,"Apac",2,"Kole",7,"Aboke","Sub-county","Sub-county",NA,NA
8,239,"UGA","Uganda",2,"Apac",2,"Kole",8,"Akalo","Sub-county","Sub-county",NA,NA
9,239,"UGA","Uganda",2,"Apac",2,"Kole",9,"Alito","Sub-county","Sub-county",NA,NA
10,239,"UGA","Uganda",2,"Apac",2,"Kole",10,"Ayer","Sub-county","Sub-county",NA,NA
11,239,"UGA","Uganda",2,"Apac",2,"Kole",11,"Balla","Sub-county","Sub-county",NA,"Bala"
12,239,"UGA","Uganda",2,"Apac",3,"Kwania",12,"Abongomola","Sub-county","Sub-county",NA,NA
13,239,"UGA","Uganda",2,"Apac",3,"Kwania",13,"Aduku","Sub-county","Sub-county",NA,NA
14,239,"UGA","Uganda",2,"Apac",3,"Kwania",14,"Cawente","Sub-county","Sub-county",NA,"Chawente"
15,239,"UGA","Uganda",2,"Apac",3,"Kwania",15,"Inomo","Sub-county","Sub-county",NA,NA
16,239,"UGA","Uganda",2,"Apac",3,"Kwania",16,"Nambieso","Sub-county","Sub-county",NA,NA
17,239,"UGA","Uganda",2,"Apac",4,"Maruzi",17,"Akokoro","Sub-county","Sub-county",NA,NA
18,239,"UGA","Uganda",2,"Apac",4,"Maruzi",18,"Apac Tc","Sub-county","Sub-county",NA,NA
19,239,"UGA","Uganda",2,"Apac",4,"Maruzi",19,"Apac","Sub-county","Sub-county",NA,NA
20,239,"UGA","Uganda",2,"Apac",4,"Maruzi",20,"Cegere","Sub-county","Sub-county",NA,NA
21,239,"UGA","Uganda",2,"Apac",4,"Maruzi",21,"Ibuje","Sub-county","Sub-county",NA,NA
22,239,"UGA","Uganda",2,"Apac",5,"Oyam",22,"Aber","Sub-county","Sub-county",NA,NA
23,239,"UGA","Uganda",2,"Apac",5,"Oyam",23,"Achaba","Sub-county","Sub-county",NA,"Acaba"
24,239,"UGA","Uganda",2,"Apac",5,"Oyam",24,"Icheme","Sub-county","Sub-county",NA,"Iceme"
25,239,"UGA","Uganda",2,"Apac",5,"Oyam",25,"Loro","Sub-county","Sub-county",NA,NA
26,239,"UGA","Uganda",2,"Apac",5,"Oyam",26,"Minakulu","Sub-county","Sub-county",NA,NA
27,239,"UGA","Uganda",2,"Apac",5,"Oyam",27,"Ngai","Sub-county","Sub-county",NA,NA
28,239,"UGA","Uganda",2,"Apac",5,"Oyam",28,"Otwal","Sub-county","Sub-county",NA,NA
29,239,"UGA","Uganda",3,"Arua",6,"Arua Municipality",29,"Arua Hill","Sub-county","Sub-county",NA,NA
30,239,"UGA","Uganda",3,"Arua",6,"Arua Municipality",30,"Oli River","Sub-county","Sub-county",NA,NA
31,239,"UGA","Uganda",3,"Arua",7,"Ayivu",31,"Adumi","Sub-county","Sub-county",NA,NA
32,239,"UGA","Uganda",3,"Arua",7,"Ayivu",32,"Aroi","Sub-county","Sub-county",NA,NA
33,239,"UGA","Uganda",3,"Arua",7,"Ayivu",33,"Dadamu","Sub-county","Sub-county",NA,NA
34,239,"UGA","Uganda",3,"Arua",7,"Ayivu",34,"Manibe","Sub-county","Sub-county",NA,NA
35,239,"UGA","Uganda",3,"Arua",7,"Ayivu",35,"Oluko","Sub-county","Sub-county",NA,NA
36,239,"UGA","Uganda",3,"Arua",7,"Ayivu",36,"Pajulu","Sub-county","Sub-county",NA,NA
37,239,"UGA","Uganda",3,"Arua",8,"Koboko",37,"Koboko Tc","Sub-county","Sub-county",NA,NA
38,239,"UGA","Uganda",3,"Arua",8,"Koboko",38,"Kuluba","Sub-county","Sub-county",NA,NA
39,239,"UGA","Uganda",3,"Arua",8,"Koboko",39,"Lobule","Sub-county","Sub-county",NA,NA
40,239,"UGA","Uganda",3,"Arua",8,"Koboko",40,"Ludara","Sub-county","Sub-county",NA,NA
41,239,"UGA","Uganda",3,"Arua",8,"Koboko",41,"Midia","Sub-county","Sub-county",NA,NA
42,239,"UGA","Uganda",3,"Arua",9,"Madi-Okollo",42,"Offaka","Sub-county","Sub-county",NA,NA
43,239,"UGA","Uganda",3,"Arua",9,"Madi-Okollo",43,"Ogoko","Sub-county","Sub-county",NA,NA
44,239,"UGA","Uganda",3,"Arua",9,"Madi-Okollo",44,"Okollo","Sub-county","Sub-county",NA,NA
45,239,"UGA","Uganda",3,"Arua",9,"Madi-Okollo",45,"Rhino Camp","Sub-county","Sub-county",NA,NA
46,239,"UGA","Uganda",3,"Arua",9,"Madi-Okollo",46,"Rigbo","Sub-county","Sub-county",NA,NA
47,239,"UGA","Uganda",3,"Arua",9,"Madi-Okollo",47,"Uleppi","Sub-county","Sub-county",NA,NA
48,239,"UGA","Uganda",3,"Arua",10,"Maracha",48,"Kijomoro","Sub-county","Sub-county",NA,NA
49,239,"UGA","Uganda",3,"Arua",10,"Maracha",49,"Nyadri","Sub-county","Sub-county",NA,NA
50,239,"UGA","Uganda",3,"Arua",10,"Maracha",50,"Oleba","Sub-county","Sub-county",NA,NA
51,239,"UGA","Uganda",3,"Arua",10,"Maracha",51,"Oluffe","Sub-county","Sub-county",NA,NA
52,239,"UGA","Uganda",3,"Arua",10,"Maracha",52,"Oluvu","Sub-county","Sub-county",NA,NA
53,239,"UGA","Uganda",3,"Arua",10,"Maracha",53,"Tara","Sub-county","Sub-county",NA,NA
54,239,"UGA","Uganda",3,"Arua",10,"Maracha",54,"Yivu","Sub-county","Sub-county",NA,NA
55,239,"UGA","Uganda",3,"Arua",11,"Terego",55,"Ali-vu","Sub-county","Sub-county",NA,"Aii - Vu"
56,239,"UGA","Uganda",3,"Arua",11,"Terego",56,"Beleafe","Sub-county","Sub-county",NA,NA
57,239,"UGA","Uganda",3,"Arua",11,"Terego",57,"Katrini","Sub-county","Sub-county",NA,NA
58,239,"UGA","Uganda",3,"Arua",11,"Terego",58,"Odupi","Sub-county","Sub-county",NA,NA
59,239,"UGA","Uganda",3,"Arua",11,"Terego",59,"Omugo","Sub-county","Sub-county",NA,NA
60,239,"UGA","Uganda",3,"Arua",11,"Terego",60,"Uriama","Sub-county","Sub-county",NA,NA
61,239,"UGA","Uganda",3,"Arua",12,"Vurra",61,"Ajia","Sub-county","Sub-county",NA,NA
62,239,"UGA","Uganda",3,"Arua",12,"Vurra",62,"Arivu","Sub-county","Sub-county",NA,NA
63,239,"UGA","Uganda",3,"Arua",12,"Vurra",63,"Logiri","Sub-county","Sub-county",NA,NA
64,239,"UGA","Uganda",3,"Arua",12,"Vurra",64,"Vurra","Sub-county","Sub-county",NA,NA
65,239,"UGA","Uganda",4,"Bugiri",13,"Bukooli",65,"Banda","Sub-county","Sub-county",NA,NA
66,239,"UGA","Uganda",4,"Bugiri",13,"Bukooli",66,"Budhaya","Sub-county","Sub-county",NA,NA
67,239,"UGA","Uganda",4,"Bugiri",13,"Bukooli",67,"Bugiri Tc","Sub-county","Sub-county",NA,NA
68,239,"UGA","Uganda",4,"Bugiri",13,"Bukooli",68,"Bulidha","Sub-county","Sub-county",NA,NA
69,239,"UGA","Uganda",4,"Bugiri",13,"Bukooli",69,"Buliisa","Sub-county","Sub-county",NA,"Bulesa"
70,239,"UGA","Uganda",4,"Bugiri",13,"Bukooli",70,"Buluguyi","Sub-county","Sub-county",NA,NA
71,239,"UGA","Uganda",4,"Bugiri",13,"Bukooli",71,"Buswale","Sub-county","Sub-county",NA,NA
72,239,"UGA","Uganda",4,"Bugiri",13,"Bukooli",72,"Buwunga","Sub-county","Sub-county",NA,NA
73,239,"UGA","Uganda",4,"Bugiri",13,"Bukooli",73,"Buyinja","Sub-county","Sub-county",NA,NA
74,239,"UGA","Uganda",4,"Bugiri",13,"Bukooli",74,"Iwemba","Sub-county","Sub-county",NA,NA
75,239,"UGA","Uganda",4,"Bugiri",13,"Bukooli",75,"Kapyanga","Sub-county","Sub-county",NA,NA
76,239,"UGA","Uganda",4,"Bugiri",13,"Bukooli",76,"L.Victoria","Sub-county","Sub-county",NA,NA
77,239,"UGA","Uganda",4,"Bugiri",13,"Bukooli",77,"Muterere","Sub-county","Sub-county",NA,NA
78,239,"UGA","Uganda",4,"Bugiri",13,"Bukooli",78,"Mutumba","Sub-county","Sub-county",NA,NA
79,239,"UGA","Uganda",4,"Bugiri",13,"Bukooli",79,"Nabukalu","Sub-county","Sub-county",NA,NA
80,239,"UGA","Uganda",4,"Bugiri",13,"Bukooli",80,"Nankoma","Sub-county","Sub-county",NA,NA
81,239,"UGA","Uganda",4,"Bugiri",13,"Bukooli",81,"Sigulu Islands","Sub-county","Sub-county",NA,NA
82,239,"UGA","Uganda",5,"Bundibugyo",14,"Bwamba",82,"Bubandi","Sub-county","Sub-county",NA,NA
83,239,"UGA","Uganda",5,"Bundibugyo",14,"Bwamba",83,"Bubukwanga","Sub-county","Sub-county",NA,NA
84,239,"UGA","Uganda",5,"Bundibugyo",14,"Bwamba",84,"Bundibugyo Tc","Sub-county","Sub-county",NA,NA
85,239,"UGA","Uganda",5,"Bundibugyo",14,"Bwamba",85,"Busaru","Sub-county","Sub-county",NA,NA
86,239,"UGA","Uganda",5,"Bundibugyo",14,"Bwamba",86,"Harugali","Sub-county","Sub-county",NA,NA
87,239,"UGA","Uganda",5,"Bundibugyo",14,"Bwamba",87,"Kasitu","Sub-county","Sub-county",NA,NA
88,239,"UGA","Uganda",5,"Bundibugyo",14,"Bwamba",88,"Nduguto","Sub-county","Sub-county",NA,NA
89,239,"UGA","Uganda",5,"Bundibugyo",15,"Ntoroko",89,"Kanara","Sub-county","Sub-county",NA,NA
90,239,"UGA","Uganda",5,"Bundibugyo",15,"Ntoroko",90,"Karugutu","Sub-county","Sub-county",NA,NA
91,239,"UGA","Uganda",5,"Bundibugyo",15,"Ntoroko",91,"Rwebisengo","Sub-county","Sub-county",NA,NA
92,239,"UGA","Uganda",6,"Bushenyi",16,"Buhweju",92,"Bihanga","Sub-county","Sub-county",NA,NA
93,239,"UGA","Uganda",6,"Bushenyi",16,"Buhweju",93,"Burere","Sub-county","Sub-county",NA,NA
94,239,"UGA","Uganda",6,"Bushenyi",16,"Buhweju",94,"Karungu","Sub-county","Sub-county",NA,NA
95,239,"UGA","Uganda",6,"Bushenyi",16,"Buhweju",95,"Rwengwe","Sub-county","Sub-county",NA,NA
96,239,"UGA","Uganda",6,"Bushenyi",17,"Bunyaruguru",96,"Burere","Sub-county","Sub-county",NA,NA
97,239,"UGA","Uganda",6,"Bushenyi",17,"Bunyaruguru",97,"Katerera","Sub-county","Sub-county",NA,NA
98,239,"UGA","Uganda",6,"Bushenyi",17,"Bunyaruguru",98,"Katunguru","Sub-county","Sub-county",NA,NA
99,239,"UGA","Uganda",6,"Bushenyi",17,"Bunyaruguru",99,"Kichwamba","Sub-county","Sub-county",NA,NA
100,239,"UGA","Uganda",6,"Bushenyi",17,"Bunyaruguru",100,"Ryeru","Sub-county","Sub-county",NA,NA
101,239,"UGA","Uganda",6,"Bushenyi",18,"Igara",101,"Bumbaire","Sub-county","Sub-county",NA,NA
102,239,"UGA","Uganda",6,"Bushenyi",18,"Igara",102,"Bushenyi-Ishaka Tc","Sub-county","Sub-county",NA,NA
103,239,"UGA","Uganda",6,"Bushenyi",18,"Igara",103,"Kakanju","Sub-county","Sub-county",NA,NA
104,239,"UGA","Uganda",6,"Bushenyi",18,"Igara",104,"Kyabugimbi","Sub-county","Sub-county",NA,NA
105,239,"UGA","Uganda",6,"Bushenyi",18,"Igara",105,"Kyamuhunga","Sub-county","Sub-county",NA,NA
106,239,"UGA","Uganda",6,"Bushenyi",18,"Igara",106,"Kyeizoba","Sub-county","Sub-county",NA,NA
107,239,"UGA","Uganda",6,"Bushenyi",18,"Igara",107,"Nyabubare","Sub-county","Sub-county",NA,NA
108,239,"UGA","Uganda",6,"Bushenyi",19,"Ruhinda",108,"Bitereko","Sub-county","Sub-county",NA,NA
109,239,"UGA","Uganda",6,"Bushenyi",19,"Ruhinda",109,"Kabira","Sub-county","Sub-county",NA,NA
110,239,"UGA","Uganda",6,"Bushenyi",19,"Ruhinda",110,"Kanyabwanga","Sub-county","Sub-county",NA,NA
111,239,"UGA","Uganda",6,"Bushenyi",19,"Ruhinda",111,"Kashenshero","Sub-county","Sub-county",NA,NA
112,239,"UGA","Uganda",6,"Bushenyi",19,"Ruhinda",112,"Kiyanga","Sub-county","Sub-county",NA,NA
113,239,"UGA","Uganda",6,"Bushenyi",19,"Ruhinda",113,"Mitooma","Sub-county","Sub-county",NA,NA
114,239,"UGA","Uganda",6,"Bushenyi",19,"Ruhinda",114,"Mutara","Sub-county","Sub-county",NA,NA
115,239,"UGA","Uganda",6,"Bushenyi",20,"Sheema",115,"Bugongi","Sub-county","Sub-county",NA,NA
116,239,"UGA","Uganda",6,"Bushenyi",20,"Sheema",116,"Kabwohe-Itender","Sub-county","Sub-county",NA,NA
117,239,"UGA","Uganda",6,"Bushenyi",20,"Sheema",117,"Kagango","Sub-county","Sub-county",NA,NA
118,239,"UGA","Uganda",6,"Bushenyi",20,"Sheema",118,"Kigarama","Sub-county","Sub-county",NA,NA
119,239,"UGA","Uganda",6,"Bushenyi",20,"Sheema",119,"Kitagata","Sub-county","Sub-county",NA,NA
120,239,"UGA","Uganda",6,"Bushenyi",20,"Sheema",120,"Kyangyenyi","Sub-county","Sub-county",NA,NA
121,239,"UGA","Uganda",6,"Bushenyi",20,"Sheema",121,"Shuuku","Sub-county","Sub-county",NA,NA
122,239,"UGA","Uganda",7,"Busia",21,"Samia-Bugwe",122,"Buhehe","Sub-county","Sub-county",NA,NA
123,239,"UGA","Uganda",7,"Busia",21,"Samia-Bugwe",123,"Bulumbi","Sub-county","Sub-county",NA,NA
124,239,"UGA","Uganda",7,"Busia",21,"Samia-Bugwe",124,"Busia Tc","Sub-county","Sub-county",NA,NA
125,239,"UGA","Uganda",7,"Busia",21,"Samia-Bugwe",125,"Busitema","Sub-county","Sub-county",NA,NA
126,239,"UGA","Uganda",7,"Busia",21,"Samia-Bugwe",126,"Buteba","Sub-county","Sub-county",NA,NA
127,239,"UGA","Uganda",7,"Busia",21,"Samia-Bugwe",127,"Dabani","Sub-county","Sub-county",NA,NA
128,239,"UGA","Uganda",7,"Busia",21,"Samia-Bugwe",128,"Lumino","Sub-county","Sub-county",NA,NA
129,239,"UGA","Uganda",7,"Busia",21,"Samia-Bugwe",129,"Lunyo","Sub-county","Sub-county",NA,NA
130,239,"UGA","Uganda",7,"Busia",21,"Samia-Bugwe",130,"Masaba","Sub-county","Sub-county",NA,NA
131,239,"UGA","Uganda",7,"Busia",21,"Samia-Bugwe",131,"Masafu","Sub-county","Sub-county",NA,NA
132,239,"UGA","Uganda",8,"Gulu",22,"Aswa",132,"Awach","Sub-county","Sub-county",NA,NA
133,239,"UGA","Uganda",8,"Gulu",22,"Aswa",133,"Bungatira","Sub-county","Sub-county",NA,NA
134,239,"UGA","Uganda",8,"Gulu",22,"Aswa",134,"Paicho","Sub-county","Sub-county",NA,NA
135,239,"UGA","Uganda",8,"Gulu",22,"Aswa",135,"Palaro","Sub-county","Sub-county",NA,NA
136,239,"UGA","Uganda",8,"Gulu",22,"Aswa",136,"Patiko","Sub-county","Sub-county",NA,NA
137,239,"UGA","Uganda",8,"Gulu",23,"Gulu",137,"Bar-Dege","Sub-county","Sub-county",NA,NA
138,239,"UGA","Uganda",8,"Gulu",23,"Gulu",138,"Laroo","Sub-county","Sub-county",NA,NA
139,239,"UGA","Uganda",8,"Gulu",23,"Gulu",139,"Layibi","Sub-county","Sub-county",NA,NA
140,239,"UGA","Uganda",8,"Gulu",23,"Gulu",140,"Pece","Sub-county","Sub-county",NA,NA
141,239,"UGA","Uganda",8,"Gulu",24,"Kilak",141,"Amuru","Sub-county","Sub-county",NA,NA
142,239,"UGA","Uganda",8,"Gulu",24,"Kilak",142,"Atiak","Sub-county","Sub-county",NA,NA
143,239,"UGA","Uganda",8,"Gulu",24,"Kilak",143,"Lamogi","Sub-county","Sub-county",NA,NA
144,239,"UGA","Uganda",8,"Gulu",24,"Kilak",144,"Pabbo","Sub-county","Sub-county",NA,NA
145,239,"UGA","Uganda",8,"Gulu",25,"Nwoya",145,"Alero","Sub-county","Sub-county",NA,NA
146,239,"UGA","Uganda",8,"Gulu",25,"Nwoya",146,"Anaka","Sub-county","Sub-county",NA,NA
147,239,"UGA","Uganda",8,"Gulu",25,"Nwoya",147,"Koch Goma","Sub-county","Sub-county",NA,NA
148,239,"UGA","Uganda",8,"Gulu",25,"Nwoya",148,"Purongo","Sub-county","Sub-county",NA,NA
149,239,"UGA","Uganda",8,"Gulu",26,"Omoro",149,"Bobi","Sub-county","Sub-county",NA,NA
150,239,"UGA","Uganda",8,"Gulu",26,"Omoro",150,"Koro","Sub-county","Sub-county",NA,NA
151,239,"UGA","Uganda",8,"Gulu",26,"Omoro",151,"Lakwana","Sub-county","Sub-county",NA,NA
152,239,"UGA","Uganda",8,"Gulu",26,"Omoro",152,"Lalogi","Sub-county","Sub-county",NA,NA
153,239,"UGA","Uganda",8,"Gulu",26,"Omoro",153,"Odek","Sub-county","Sub-county",NA,NA
154,239,"UGA","Uganda",8,"Gulu",26,"Omoro",154,"Ongako","Sub-county","Sub-county",NA,NA
155,239,"UGA","Uganda",9,"Hoima",27,"Bugahya",155,"Buhanika","Sub-county","Sub-county",NA,NA
156,239,"UGA","Uganda",9,"Hoima",27,"Bugahya",156,"Buseruka","Sub-county","Sub-county",NA,NA
157,239,"UGA","Uganda",9,"Hoima",27,"Bugahya",157,"Busiisi","Sub-county","Sub-county",NA,NA
158,239,"UGA","Uganda",9,"Hoima",27,"Bugahya",158,"Hoima Tc","Sub-county","Sub-county",NA,NA
159,239,"UGA","Uganda",9,"Hoima",27,"Bugahya",159,"Kigorobya Tc","Sub-county","Sub-county",NA,NA
160,239,"UGA","Uganda",9,"Hoima",27,"Bugahya",160,"Kigorobya","Sub-county","Sub-county",NA,NA
161,239,"UGA","Uganda",9,"Hoima",27,"Bugahya",161,"Kitoba","Sub-county","Sub-county",NA,NA
162,239,"UGA","Uganda",9,"Hoima",27,"Bugahya",162,"Kyabigambire","Sub-county","Sub-county",NA,NA
163,239,"UGA","Uganda",9,"Hoima",27,"Bugahya",163,"Kyangwali","Sub-county","Sub-county",NA,NA
164,239,"UGA","Uganda",9,"Hoima",28,"Buhaguzi",164,"Bugambe","Sub-county","Sub-county",NA,NA
165,239,"UGA","Uganda",9,"Hoima",28,"Buhaguzi",165,"Buhimba","Sub-county","Sub-county",NA,NA
166,239,"UGA","Uganda",9,"Hoima",28,"Buhaguzi",166,"Kabwoya","Sub-county","Sub-county",NA,NA
167,239,"UGA","Uganda",9,"Hoima",28,"Buhaguzi",167,"Kiziranfumbi","Sub-county","Sub-county",NA,NA
168,239,"UGA","Uganda",9,"Hoima",28,"Buhaguzi",168,"Kyangwali","Sub-county","Sub-county",NA,NA
169,239,"UGA","Uganda",10,"Iganga",29,"Bugweri",169,"Buyanga","Sub-county","Sub-county",NA,NA
170,239,"UGA","Uganda",10,"Iganga",29,"Bugweri",170,"Ibulanku","Sub-county","Sub-county",NA,NA
171,239,"UGA","Uganda",10,"Iganga",29,"Bugweri",171,"Makuutu","Sub-county","Sub-county",NA,NA
172,239,"UGA","Uganda",10,"Iganga",29,"Bugweri",172,"Namalemba","Sub-county","Sub-county",NA,NA
173,239,"UGA","Uganda",10,"Iganga",30,"Busiki",173,"Bulange","Sub-county","Sub-county",NA,NA
174,239,"UGA","Uganda",10,"Iganga",30,"Busiki",174,"Ivukula","Sub-county","Sub-county",NA,NA
175,239,"UGA","Uganda",10,"Iganga",30,"Busiki",175,"Kibaale","Sub-county","Sub-county",NA,NA
176,239,"UGA","Uganda",10,"Iganga",30,"Busiki",176,"Magada","Sub-county","Sub-county",NA,NA
177,239,"UGA","Uganda",10,"Iganga",30,"Busiki",177,"Namutumba","Sub-county","Sub-county",NA,NA
178,239,"UGA","Uganda",10,"Iganga",30,"Busiki",178,"Nsinze","Sub-county","Sub-county",NA,NA
179,239,"UGA","Uganda",10,"Iganga",31,"Kigulu",179,"Bulamagi","Sub-county","Sub-county",NA,NA
180,239,"UGA","Uganda",10,"Iganga",31,"Kigulu",180,"Iganga Tc","Sub-county","Sub-county",NA,NA
181,239,"UGA","Uganda",10,"Iganga",31,"Kigulu",181,"Nabitende","Sub-county","Sub-county",NA,NA
182,239,"UGA","Uganda",10,"Iganga",31,"Kigulu",182,"Nakalama","Sub-county","Sub-county",NA,NA
183,239,"UGA","Uganda",10,"Iganga",31,"Kigulu",183,"Nakigo","Sub-county","Sub-county",NA,NA
184,239,"UGA","Uganda",10,"Iganga",31,"Kigulu",184,"Nambale","Sub-county","Sub-county",NA,NA
185,239,"UGA","Uganda",10,"Iganga",31,"Kigulu",185,"Namungalwe","Sub-county","Sub-county",NA,NA
186,239,"UGA","Uganda",10,"Iganga",31,"Kigulu",186,"Nawandala","Sub-county","Sub-county",NA,NA
187,239,"UGA","Uganda",10,"Iganga",32,"Luuka",187,"Bukanga","Sub-county","Sub-county",NA,NA
188,239,"UGA","Uganda",10,"Iganga",32,"Luuka",188,"Bukooma","Sub-county","Sub-county",NA,NA
189,239,"UGA","Uganda",10,"Iganga",32,"Luuka",189,"Bulongo","Sub-county","Sub-county",NA,NA
190,239,"UGA","Uganda",10,"Iganga",32,"Luuka",190,"Ikumbya","Sub-county","Sub-county",NA,NA
191,239,"UGA","Uganda",10,"Iganga",32,"Luuka",191,"Irongo","Sub-county","Sub-county",NA,NA
192,239,"UGA","Uganda",10,"Iganga",32,"Luuka",192,"Nawampiti","Sub-county","Sub-county",NA,NA
193,239,"UGA","Uganda",10,"Iganga",32,"Luuka",193,"Waibuga","Sub-county","Sub-county",NA,NA
194,239,"UGA","Uganda",11,"Jinja",33,"Butembe",194,"Busedde","Sub-county","Sub-county",NA,NA
195,239,"UGA","Uganda",11,"Jinja",33,"Butembe",195,"Kakira","Sub-county","Sub-county",NA,NA
196,239,"UGA","Uganda",11,"Jinja",33,"Butembe",196,"Mafubira","Sub-county","Sub-county",NA,NA
197,239,"UGA","Uganda",11,"Jinja",34,"Jinja",197,"Central Division","Sub-county","Sub-county",NA,NA
198,239,"UGA","Uganda",11,"Jinja",34,"Jinja",198,"Masese/Walukuba","Sub-county","Sub-county",NA,NA
199,239,"UGA","Uganda",11,"Jinja",34,"Jinja",199,"Mpumudde/Kimaka","Sub-county","Sub-county",NA,NA
200,239,"UGA","Uganda",11,"Jinja",35,"Kagoma",200,"Budondo","Sub-county","Sub-county",NA,NA
201,239,"UGA","Uganda",11,"Jinja",35,"Kagoma",201,"Butagaya","Sub-county","Sub-county",NA,NA
202,239,"UGA","Uganda",11,"Jinja",35,"Kagoma",202,"Buwenge Tc","Sub-county","Sub-county",NA,NA
203,239,"UGA","Uganda",11,"Jinja",35,"Kagoma",203,"Buwenge","Sub-county","Sub-county",NA,NA
204,239,"UGA","Uganda",11,"Jinja",35,"Kagoma",204,"Buyengo","Sub-county","Sub-county",NA,NA
205,239,"UGA","Uganda",12,"Kabale",36,"Kabale",205,"Kabale Central","Sub-county","Sub-county",NA,NA
206,239,"UGA","Uganda",12,"Kabale",36,"Kabale",206,"Kabale Northern","Sub-county","Sub-county",NA,NA
207,239,"UGA","Uganda",12,"Kabale",36,"Kabale",207,"Kabale Southern","Sub-county","Sub-county",NA,NA
208,239,"UGA","Uganda",12,"Kabale",37,"Ndorwa",208,"Buhara","Sub-county","Sub-county",NA,NA
209,239,"UGA","Uganda",12,"Kabale",37,"Ndorwa",209,"Kaharo","Sub-county","Sub-county",NA,NA
210,239,"UGA","Uganda",12,"Kabale",37,"Ndorwa",210,"Kamuganguzi","Sub-county","Sub-county",NA,NA
211,239,"UGA","Uganda",12,"Kabale",37,"Ndorwa",211,"Kitumba","Sub-county","Sub-county",NA,NA
212,239,"UGA","Uganda",12,"Kabale",37,"Ndorwa",212,"Kyanamira","Sub-county","Sub-county",NA,NA
213,239,"UGA","Uganda",12,"Kabale",37,"Ndorwa",213,"Maziba","Sub-county","Sub-county",NA,NA
214,239,"UGA","Uganda",12,"Kabale",37,"Ndorwa",214,"Rubaya","Sub-county","Sub-county",NA,NA
215,239,"UGA","Uganda",12,"Kabale",38,"Rubanda",215,"Bubaare","Sub-county","Sub-county",NA,"Bubare"
216,239,"UGA","Uganda",12,"Kabale",38,"Rubanda",216,"Bufundi","Sub-county","Sub-county",NA,NA
217,239,"UGA","Uganda",12,"Kabale",38,"Rubanda",217,"Hamurwa","Sub-county","Sub-county",NA,NA
218,239,"UGA","Uganda",12,"Kabale",38,"Rubanda",218,"Ikumba","Sub-county","Sub-county",NA,NA
219,239,"UGA","Uganda",12,"Kabale",38,"Rubanda",219,"Muko","Sub-county","Sub-county",NA,NA
220,239,"UGA","Uganda",12,"Kabale",39,"Rukiga",220,"Bukinda","Sub-county","Sub-county",NA,NA
221,239,"UGA","Uganda",12,"Kabale",39,"Rukiga",221,"Kamwezi","Sub-county","Sub-county",NA,NA
222,239,"UGA","Uganda",12,"Kabale",39,"Rukiga",222,"Kashambya","Sub-county","Sub-county",NA,NA
223,239,"UGA","Uganda",12,"Kabale",39,"Rukiga",223,"Rwamucucu","Sub-county","Sub-county",NA,NA
224,239,"UGA","Uganda",13,"Kabarole",40,"Bunyangabu",224,"Buhesi","Sub-county","Sub-county",NA,"Buheesi"
225,239,"UGA","Uganda",13,"Kabarole",40,"Bunyangabu",225,"Kibiito","Sub-county","Sub-county",NA,NA
226,239,"UGA","Uganda",13,"Kabarole",40,"Bunyangabu",226,"Kisomoro","Sub-county","Sub-county",NA,NA
227,239,"UGA","Uganda",13,"Kabarole",40,"Bunyangabu",227,"Rwiimi","Sub-county","Sub-county",NA,NA
228,239,"UGA","Uganda",13,"Kabarole",41,"Burahya",228,"Bukuku","Sub-county","Sub-county",NA,NA
229,239,"UGA","Uganda",13,"Kabarole",41,"Burahya",229,"Busoro","Sub-county","Sub-county",NA,NA
230,239,"UGA","Uganda",13,"Kabarole",41,"Burahya",230,"Hakibaale","Sub-county","Sub-county",NA,NA
231,239,"UGA","Uganda",13,"Kabarole",41,"Burahya",231,"Karambi","Sub-county","Sub-county",NA,NA
232,239,"UGA","Uganda",13,"Kabarole",41,"Burahya",232,"Kichwamba","Sub-county","Sub-county",NA,"Kicwamba"
233,239,"UGA","Uganda",13,"Kabarole",41,"Burahya",233,"Mugusu","Sub-county","Sub-county",NA,NA
234,239,"UGA","Uganda",13,"Kabarole",41,"Burahya",234,"Ruteete","Sub-county","Sub-county",NA,NA
235,239,"UGA","Uganda",13,"Kabarole",41,"Burahya",235,"Rwiimi","Sub-county","Sub-county",NA,NA
236,239,"UGA","Uganda",13,"Kabarole",42,"Fort Portal",236,"Eastern","Sub-county","Sub-county",NA,NA
237,239,"UGA","Uganda",13,"Kabarole",42,"Fort Portal",237,"Southern","Sub-county","Sub-county",NA,NA
238,239,"UGA","Uganda",13,"Kabarole",42,"Fort Portal",238,"Western","Sub-county","Sub-county",NA,NA
239,239,"UGA","Uganda",14,"Kaberamaido",43,"Kaberamaido",239,"Alwa","Sub-county","Sub-county",NA,NA
240,239,"UGA","Uganda",14,"Kaberamaido",43,"Kaberamaido",240,"Kaberamaido Tc","Sub-county","Sub-county",NA,NA
241,239,"UGA","Uganda",14,"Kaberamaido",43,"Kaberamaido",241,"Kaberamaido","Sub-county","Sub-county",NA,NA
242,239,"UGA","Uganda",14,"Kaberamaido",43,"Kaberamaido",242,"Kobulubulu","Sub-county","Sub-county",NA,NA
243,239,"UGA","Uganda",14,"Kaberamaido",43,"Kaberamaido",243,"Ochero","Sub-county","Sub-county",NA,NA
244,239,"UGA","Uganda",14,"Kaberamaido",44,"Kalaki",244,"Anyara","Sub-county","Sub-county",NA,NA
245,239,"UGA","Uganda",14,"Kaberamaido",44,"Kalaki",245,"Bululu","Sub-county","Sub-county",NA,NA
246,239,"UGA","Uganda",14,"Kaberamaido",44,"Kalaki",246,"Kalaki","Sub-county","Sub-county",NA,NA
247,239,"UGA","Uganda",14,"Kaberamaido",44,"Kalaki",247,"Otuboi","Sub-county","Sub-county",NA,NA
248,239,"UGA","Uganda",15,"Kalangala",45,"Bujumba",248,"Bujumba","Sub-county","Sub-county",NA,NA
249,239,"UGA","Uganda",15,"Kalangala",45,"Bujumba",249,"Kalangala Tc","Sub-county","Sub-county",NA,NA
250,239,"UGA","Uganda",15,"Kalangala",45,"Bujumba",250,"Mugoye","Sub-county","Sub-county",NA,NA
251,239,"UGA","Uganda",15,"Kalangala",46,"Kyamuswa",251,"Bubeke","Sub-county","Sub-county",NA,NA
252,239,"UGA","Uganda",15,"Kalangala",46,"Kyamuswa",252,"Bufumira","Sub-county","Sub-county",NA,NA
253,239,"UGA","Uganda",15,"Kalangala",46,"Kyamuswa",253,"Kyamuswa","Sub-county","Sub-county",NA,NA
254,239,"UGA","Uganda",15,"Kalangala",46,"Kyamuswa",254,"Mazinga","Sub-county","Sub-county",NA,NA
255,239,"UGA","Uganda",16,"Kampala",47,"Kampala",255,"Central Division","Sub-county","Sub-county",NA,NA
256,239,"UGA","Uganda",16,"Kampala",47,"Kampala",256,"Kawempe Division","Sub-county","Sub-county",NA,NA
257,239,"UGA","Uganda",16,"Kampala",47,"Kampala",257,"Makindye","Sub-county","Sub-county",NA,"Makindye Division"
258,239,"UGA","Uganda",16,"Kampala",47,"Kampala",258,"Nakawa Division","Sub-county","Sub-county",NA,NA
259,239,"UGA","Uganda",16,"Kampala",47,"Kampala",259,"Rubaga Division","Sub-county","Sub-county",NA,NA
260,239,"UGA","Uganda",17,"Kamuli",48,"Budiope",260,"Bugaya","Sub-county","Sub-county",NA,NA
261,239,"UGA","Uganda",17,"Kamuli",48,"Budiope",261,"Buyende","Sub-county","Sub-county",NA,NA
262,239,"UGA","Uganda",17,"Kamuli",48,"Budiope",262,"Kagulu","Sub-county","Sub-county",NA,NA
263,239,"UGA","Uganda",17,"Kamuli",48,"Budiope",263,"Kidera","Sub-county","Sub-county",NA,NA
264,239,"UGA","Uganda",17,"Kamuli",48,"Budiope",264,"Nkondo","Sub-county","Sub-county",NA,NA
265,239,"UGA","Uganda",17,"Kamuli",49,"Bugabula",265,"Balawoli","Sub-county","Sub-county",NA,NA
266,239,"UGA","Uganda",17,"Kamuli",49,"Bugabula",266,"Bulopa","Sub-county","Sub-county",NA,NA
267,239,"UGA","Uganda",17,"Kamuli",49,"Bugabula",267,"Butansi","Sub-county","Sub-county",NA,NA
268,239,"UGA","Uganda",17,"Kamuli",49,"Bugabula",268,"Kamuli Tc","Sub-county","Sub-county",NA,NA
269,239,"UGA","Uganda",17,"Kamuli",49,"Bugabula",269,"Kitayunjwa","Sub-county","Sub-county",NA,NA
270,239,"UGA","Uganda",17,"Kamuli",49,"Bugabula",270,"Nabwigulu","Sub-county","Sub-county",NA,NA
271,239,"UGA","Uganda",17,"Kamuli",49,"Bugabula",271,"Namasagali","Sub-county","Sub-county",NA,NA
272,239,"UGA","Uganda",17,"Kamuli",49,"Bugabula",272,"Namwendwa","Sub-county","Sub-county",NA,NA
273,239,"UGA","Uganda",17,"Kamuli",50,"Bulamogi",273,"Bumanya","Sub-county","Sub-county",NA,NA
274,239,"UGA","Uganda",17,"Kamuli",50,"Bulamogi",274,"Gadumire","Sub-county","Sub-county",NA,NA
275,239,"UGA","Uganda",17,"Kamuli",50,"Bulamogi",275,"Namugongo","Sub-county","Sub-county",NA,NA
276,239,"UGA","Uganda",17,"Kamuli",50,"Bulamogi",276,"Namwiwa","Sub-county","Sub-county",NA,NA
277,239,"UGA","Uganda",17,"Kamuli",50,"Bulamogi",277,"Nawaikoke","Sub-county","Sub-county",NA,NA
278,239,"UGA","Uganda",17,"Kamuli",51,"Buzaaya",278,"Bugulumbya","Sub-county","Sub-county",NA,NA
279,239,"UGA","Uganda",17,"Kamuli",51,"Buzaaya",279,"Kisozi","Sub-county","Sub-county",NA,NA
280,239,"UGA","Uganda",17,"Kamuli",51,"Buzaaya",280,"Mbulamuti","Sub-county","Sub-county",NA,NA
281,239,"UGA","Uganda",17,"Kamuli",51,"Buzaaya",281,"Nawanyago","Sub-county","Sub-county",NA,NA
282,239,"UGA","Uganda",17,"Kamuli",51,"Buzaaya",282,"Wankole","Sub-county","Sub-county",NA,NA
283,239,"UGA","Uganda",18,"Kamwenge",52,"Kibale",283,"Bwiizi","Sub-county","Sub-county",NA,NA
284,239,"UGA","Uganda",18,"Kamwenge",52,"Kibale",284,"Kahunge","Sub-county","Sub-county",NA,NA
285,239,"UGA","Uganda",18,"Kamwenge",52,"Kibale",285,"Kamwenge Tc","Sub-county","Sub-county",NA,NA
286,239,"UGA","Uganda",18,"Kamwenge",52,"Kibale",286,"Kamwenge","Sub-county","Sub-county",NA,NA
287,239,"UGA","Uganda",18,"Kamwenge",52,"Kibale",287,"Nkoma","Sub-county","Sub-county",NA,NA
288,239,"UGA","Uganda",18,"Kamwenge",53,"Kitagwenda",288,"Kacheche","Sub-county","Sub-county",NA,NA
289,239,"UGA","Uganda",18,"Kamwenge",53,"Kitagwenda",289,"Mahyoro","Sub-county","Sub-county",NA,NA
290,239,"UGA","Uganda",18,"Kamwenge",53,"Kitagwenda",290,"Ntara","Sub-county","Sub-county",NA,NA
291,239,"UGA","Uganda",18,"Kamwenge",53,"Kitagwenda",291,"Nyabbani","Sub-county","Sub-county",NA,NA
292,239,"UGA","Uganda",19,"Kanungu",54,"Kinkiizi",292,"Kambuga","Sub-county","Sub-county",NA,NA
293,239,"UGA","Uganda",19,"Kanungu",54,"Kinkiizi",293,"Kanungu Tc","Sub-county","Sub-county",NA,NA
294,239,"UGA","Uganda",19,"Kanungu",54,"Kinkiizi",294,"Kanyantorogo","Sub-county","Sub-county",NA,NA
295,239,"UGA","Uganda",19,"Kanungu",54,"Kinkiizi",295,"Kayonza","Sub-county","Sub-county",NA,NA
296,239,"UGA","Uganda",19,"Kanungu",54,"Kinkiizi",296,"Kihiihi","Sub-county","Sub-county",NA,NA
297,239,"UGA","Uganda",19,"Kanungu",54,"Kinkiizi",297,"Kirima","Sub-county","Sub-county",NA,NA
298,239,"UGA","Uganda",19,"Kanungu",54,"Kinkiizi",298,"Mpungu","Sub-county","Sub-county",NA,NA
299,239,"UGA","Uganda",19,"Kanungu",54,"Kinkiizi",299,"Nyamirama","Sub-county","Sub-county",NA,NA
300,239,"UGA","Uganda",19,"Kanungu",54,"Kinkiizi",300,"Rugyeyo","Sub-county","Sub-county",NA,NA
301,239,"UGA","Uganda",19,"Kanungu",54,"Kinkiizi",301,"Rutenga","Sub-county","Sub-county",NA,NA
302,239,"UGA","Uganda",20,"Kapchorwa",55,"Kongasis",302,"Bukwa","Sub-county","Sub-county",NA,NA
303,239,"UGA","Uganda",20,"Kapchorwa",55,"Kongasis",303,"Chesower","Sub-county","Sub-county",NA,NA
304,239,"UGA","Uganda",20,"Kapchorwa",55,"Kongasis",304,"Kabei","Sub-county","Sub-county",NA,NA
305,239,"UGA","Uganda",20,"Kapchorwa",55,"Kongasis",305,"Suam","Sub-county","Sub-county",NA,NA
306,239,"UGA","Uganda",20,"Kapchorwa",56,"Kween",306,"Benet","Sub-county","Sub-county",NA,NA
307,239,"UGA","Uganda",20,"Kapchorwa",56,"Kween",307,"Binyiny","Sub-county","Sub-county",NA,NA
308,239,"UGA","Uganda",20,"Kapchorwa",56,"Kween",308,"Kaproron","Sub-county","Sub-county",NA,NA
309,239,"UGA","Uganda",20,"Kapchorwa",56,"Kween",309,"Kwanyiny","Sub-county","Sub-county",NA,NA
310,239,"UGA","Uganda",20,"Kapchorwa",56,"Kween",310,"Ngenge","Sub-county","Sub-county",NA,NA
311,239,"UGA","Uganda",20,"Kapchorwa",57,"Tingey",311,"Chema","Sub-county","Sub-county",NA,NA
312,239,"UGA","Uganda",20,"Kapchorwa",57,"Tingey",312,"Kapchorwa Tc","Sub-county","Sub-county",NA,NA
313,239,"UGA","Uganda",20,"Kapchorwa",57,"Tingey",313,"Kaptanya","Sub-county","Sub-county",NA,NA
314,239,"UGA","Uganda",20,"Kapchorwa",57,"Tingey",314,"Kaserem","Sub-county","Sub-county",NA,NA
315,239,"UGA","Uganda",20,"Kapchorwa",57,"Tingey",315,"Kawowo","Sub-county","Sub-county",NA,NA
316,239,"UGA","Uganda",20,"Kapchorwa",57,"Tingey",316,"Sipi","Sub-county","Sub-county",NA,NA
317,239,"UGA","Uganda",20,"Kapchorwa",57,"Tingey",317,"Tegeres","Sub-county","Sub-county",NA,NA
318,239,"UGA","Uganda",21,"Kasese",58,"Bukonjo",318,"Bwera","Sub-county","Sub-county",NA,NA
319,239,"UGA","Uganda",21,"Kasese",58,"Bukonjo",319,"Ihandiro","Sub-county","Sub-county",NA,NA
320,239,"UGA","Uganda",21,"Kasese",58,"Bukonjo",320,"Karambi","Sub-county","Sub-county",NA,NA
321,239,"UGA","Uganda",21,"Kasese",58,"Bukonjo",321,"Kilembe","Sub-county","Sub-county",NA,NA
322,239,"UGA","Uganda",21,"Kasese",58,"Bukonjo",322,"Kisinga","Sub-county","Sub-county",NA,NA
323,239,"UGA","Uganda",21,"Kasese",58,"Bukonjo",323,"Kitholhu","Sub-county","Sub-county",NA,NA
324,239,"UGA","Uganda",21,"Kasese",58,"Bukonjo",324,"Kyarumba","Sub-county","Sub-county",NA,NA
325,239,"UGA","Uganda",21,"Kasese",58,"Bukonjo",325,"Kyondo","Sub-county","Sub-county",NA,NA
326,239,"UGA","Uganda",21,"Kasese",58,"Bukonjo",326,"Mahango","Sub-county","Sub-county",NA,NA
327,239,"UGA","Uganda",21,"Kasese",58,"Bukonjo",327,"Munkunyu","Sub-county","Sub-county",NA,NA
328,239,"UGA","Uganda",21,"Kasese",58,"Bukonjo",328,"Nyakiyumbu","Sub-county","Sub-county",NA,NA
329,239,"UGA","Uganda",21,"Kasese",59,"Busongora",329,"Bugoye","Sub-county","Sub-county",NA,NA
330,239,"UGA","Uganda",21,"Kasese",59,"Busongora",330,"Karusandara","Sub-county","Sub-county",NA,NA
331,239,"UGA","Uganda",21,"Kasese",59,"Busongora",331,"Kasese Tc","Sub-county","Sub-county",NA,NA
332,239,"UGA","Uganda",21,"Kasese",59,"Busongora",332,"Katwe Kabatoro","Sub-county","Sub-county",NA,NA
333,239,"UGA","Uganda",21,"Kasese",59,"Busongora",333,"Kilembe","Sub-county","Sub-county",NA,NA
334,239,"UGA","Uganda",21,"Kasese",59,"Busongora",334,"Kitswamba","Sub-county","Sub-county",NA,NA
335,239,"UGA","Uganda",21,"Kasese",59,"Busongora",335,"Kyabarungira","Sub-county","Sub-county",NA,NA
336,239,"UGA","Uganda",21,"Kasese",59,"Busongora",336,"L.Katwe","Sub-county","Sub-county",NA,NA
337,239,"UGA","Uganda",21,"Kasese",59,"Busongora",337,"Maliba","Sub-county","Sub-county",NA,NA
338,239,"UGA","Uganda",21,"Kasese",59,"Busongora",338,"Muhokya","Sub-county","Sub-county",NA,NA
339,239,"UGA","Uganda",21,"Kasese",59,"Busongora",339,"Rukoki","Sub-county","Sub-county",NA,NA
340,239,"UGA","Uganda",22,"Katakwi",60,"Amuria",340,"Abarilela","Sub-county","Sub-county",NA,NA
341,239,"UGA","Uganda",22,"Katakwi",60,"Amuria",341,"Asamuk","Sub-county","Sub-county",NA,NA
342,239,"UGA","Uganda",22,"Katakwi",60,"Amuria",342,"Kuju","Sub-county","Sub-county",NA,NA
343,239,"UGA","Uganda",22,"Katakwi",60,"Amuria",343,"Morungatuny","Sub-county","Sub-county",NA,NA
344,239,"UGA","Uganda",22,"Katakwi",60,"Amuria",344,"Orungo","Sub-county","Sub-county",NA,NA
345,239,"UGA","Uganda",22,"Katakwi",60,"Amuria",345,"Wera","Sub-county","Sub-county",NA,NA
346,239,"UGA","Uganda",22,"Katakwi",61,"Kapelebyong",346,"Achowa","Sub-county","Sub-county",NA,"Acowa"
347,239,"UGA","Uganda",22,"Katakwi",61,"Kapelebyong",347,"Kapelebyong","Sub-county","Sub-county",NA,NA
348,239,"UGA","Uganda",22,"Katakwi",61,"Kapelebyong",348,"Obalanga","Sub-county","Sub-county",NA,NA
349,239,"UGA","Uganda",22,"Katakwi",62,"Usuk",349,"Kapujan","Sub-county","Sub-county",NA,NA
350,239,"UGA","Uganda",22,"Katakwi",62,"Usuk",350,"Katakwi Tc","Sub-county","Sub-county",NA,NA
351,239,"UGA","Uganda",22,"Katakwi",62,"Usuk",351,"Katakwi","Sub-county","Sub-county",NA,NA
352,239,"UGA","Uganda",22,"Katakwi",62,"Usuk",352,"Magoro","Sub-county","Sub-county",NA,NA
353,239,"UGA","Uganda",22,"Katakwi",62,"Usuk",353,"Ngariam","Sub-county","Sub-county",NA,NA
354,239,"UGA","Uganda",22,"Katakwi",62,"Usuk",354,"Omodoi","Sub-county","Sub-county",NA,NA
355,239,"UGA","Uganda",22,"Katakwi",62,"Usuk",355,"Ongongoja","Sub-county","Sub-county",NA,NA
356,239,"UGA","Uganda",22,"Katakwi",62,"Usuk",356,"Toroma","Sub-county","Sub-county",NA,NA
357,239,"UGA","Uganda",22,"Katakwi",62,"Usuk",357,"Usuk","Sub-county","Sub-county",NA,NA
358,239,"UGA","Uganda",23,"Kayunga",63,"Bbaale",358,"Bbaale","Sub-county","Sub-county",NA,NA
359,239,"UGA","Uganda",23,"Kayunga",63,"Bbaale",359,"Galiraya","Sub-county","Sub-county",NA,"Galiraaya"
360,239,"UGA","Uganda",23,"Kayunga",63,"Bbaale",360,"Kayonza","Sub-county","Sub-county",NA,NA
361,239,"UGA","Uganda",23,"Kayunga",63,"Bbaale",361,"Wabwoko-Kitimbwa","Sub-county","Sub-county",NA,NA
362,239,"UGA","Uganda",23,"Kayunga",64,"Ntenjeru",362,"Busana","Sub-county","Sub-county",NA,NA
363,239,"UGA","Uganda",23,"Kayunga",64,"Ntenjeru",363,"Kangulumira","Sub-county","Sub-county",NA,NA
364,239,"UGA","Uganda",23,"Kayunga",64,"Ntenjeru",364,"Kayunga Tc","Sub-county","Sub-county",NA,NA
365,239,"UGA","Uganda",23,"Kayunga",64,"Ntenjeru",365,"Kayunga","Sub-county","Sub-county",NA,NA
366,239,"UGA","Uganda",23,"Kayunga",64,"Ntenjeru",366,"Nazigo","Sub-county","Sub-county",NA,NA
367,239,"UGA","Uganda",24,"Kibale",65,"Bugangaizi",367,"Bwanswa","Sub-county","Sub-county",NA,NA
368,239,"UGA","Uganda",24,"Kibale",65,"Bugangaizi",368,"Kakindo","Sub-county","Sub-county",NA,NA
369,239,"UGA","Uganda",24,"Kibale",65,"Bugangaizi",369,"Kasambya","Sub-county","Sub-county",NA,NA
370,239,"UGA","Uganda",24,"Kibale",65,"Bugangaizi",370,"Kisiita","Sub-county","Sub-county",NA,NA
371,239,"UGA","Uganda",24,"Kibale",65,"Bugangaizi",371,"Nalweyo","Sub-county","Sub-county",NA,NA
372,239,"UGA","Uganda",24,"Kibale",65,"Bugangaizi",372,"Nkooko","Sub-county","Sub-county",NA,NA
373,239,"UGA","Uganda",24,"Kibale",66,"Buyaga",373,"Bwamiramira","Sub-county","Sub-county",NA,NA
374,239,"UGA","Uganda",24,"Kibale",66,"Buyaga",374,"Bwikara","Sub-county","Sub-county",NA,NA
375,239,"UGA","Uganda",24,"Kibale",66,"Buyaga",375,"Kagadi","Sub-county","Sub-county",NA,NA
376,239,"UGA","Uganda",24,"Kibale",66,"Buyaga",376,"Kibaale Tc","Sub-county","Sub-county",NA,NA
377,239,"UGA","Uganda",24,"Kibale",66,"Buyaga",377,"Kiryanga","Sub-county","Sub-county",NA,NA
378,239,"UGA","Uganda",24,"Kibale",66,"Buyaga",378,"Kyanaisoke","Sub-county","Sub-county",NA,NA
379,239,"UGA","Uganda",24,"Kibale",66,"Buyaga",379,"Kyebando","Sub-county","Sub-county",NA,NA
380,239,"UGA","Uganda",24,"Kibale",66,"Buyaga",380,"Mabaale","Sub-county","Sub-county",NA,NA
381,239,"UGA","Uganda",24,"Kibale",66,"Buyaga",381,"Matale","Sub-county","Sub-county",NA,NA
382,239,"UGA","Uganda",24,"Kibale",66,"Buyaga",382,"Mpeefu","Sub-county","Sub-county",NA,NA
383,239,"UGA","Uganda",24,"Kibale",66,"Buyaga",383,"Mugarama","Sub-county","Sub-county",NA,NA
384,239,"UGA","Uganda",24,"Kibale",66,"Buyaga",384,"Muhoro","Sub-county","Sub-county",NA,NA
385,239,"UGA","Uganda",24,"Kibale",66,"Buyaga",385,"Rugashari","Sub-county","Sub-county",NA,NA
386,239,"UGA","Uganda",25,"Kiboga",67,"Kiboga",386,"Bukomero","Sub-county","Sub-county",NA,NA
387,239,"UGA","Uganda",25,"Kiboga",67,"Kiboga",387,"Butemba","Sub-county","Sub-county",NA,NA
388,239,"UGA","Uganda",25,"Kiboga",67,"Kiboga",388,"Dwaniro","Sub-county","Sub-county",NA,NA
389,239,"UGA","Uganda",25,"Kiboga",67,"Kiboga",389,"Gayaza","Sub-county","Sub-county",NA,NA
390,239,"UGA","Uganda",25,"Kiboga",67,"Kiboga",390,"Kapeke","Sub-county","Sub-county",NA,NA
391,239,"UGA","Uganda",25,"Kiboga",67,"Kiboga",391,"Kibiga","Sub-county","Sub-county",NA,NA
392,239,"UGA","Uganda",25,"Kiboga",67,"Kiboga",392,"Kiboga Tc","Sub-county","Sub-county",NA,NA
393,239,"UGA","Uganda",25,"Kiboga",67,"Kiboga",393,"Kyankwanzi","Sub-county","Sub-county",NA,NA
394,239,"UGA","Uganda",25,"Kiboga",67,"Kiboga",394,"Lwamata","Sub-county","Sub-county",NA,NA
395,239,"UGA","Uganda",25,"Kiboga",67,"Kiboga",395,"Mulagi","Sub-county","Sub-county",NA,NA
396,239,"UGA","Uganda",25,"Kiboga",67,"Kiboga",396,"Muwanga","Sub-county","Sub-county",NA,NA
397,239,"UGA","Uganda",25,"Kiboga",67,"Kiboga",397,"Nsambya","Sub-county","Sub-county",NA,NA
398,239,"UGA","Uganda",25,"Kiboga",67,"Kiboga",398,"Ntwetwe","Sub-county","Sub-county",NA,NA
399,239,"UGA","Uganda",25,"Kiboga",67,"Kiboga",399,"Wattuba","Sub-county","Sub-county",NA,NA
400,239,"UGA","Uganda",26,"Kisoro",68,"Kisoro",400,"Bukimbiri","Sub-county","Sub-county",NA,NA
401,239,"UGA","Uganda",26,"Kisoro",68,"Kisoro",401,"Busanza","Sub-county","Sub-county",NA,NA
402,239,"UGA","Uganda",26,"Kisoro",68,"Kisoro",402,"Chahi","Sub-county","Sub-county",NA,NA
403,239,"UGA","Uganda",26,"Kisoro",68,"Kisoro",403,"Kanaba","Sub-county","Sub-county",NA,NA
404,239,"UGA","Uganda",26,"Kisoro",68,"Kisoro",404,"Kirundo","Sub-county","Sub-county",NA,NA
405,239,"UGA","Uganda",26,"Kisoro",68,"Kisoro",405,"Kisoro Tc","Sub-county","Sub-county",NA,NA
406,239,"UGA","Uganda",26,"Kisoro",68,"Kisoro",406,"Muramba","Sub-county","Sub-county",NA,NA
407,239,"UGA","Uganda",26,"Kisoro",68,"Kisoro",407,"Murora","Sub-county","Sub-county",NA,NA
408,239,"UGA","Uganda",26,"Kisoro",68,"Kisoro",408,"Nyabwishenya","Sub-county","Sub-county",NA,NA
409,239,"UGA","Uganda",26,"Kisoro",68,"Kisoro",409,"Nyakabande","Sub-county","Sub-county",NA,NA
410,239,"UGA","Uganda",26,"Kisoro",68,"Kisoro",410,"Nyakinama","Sub-county","Sub-county",NA,NA
411,239,"UGA","Uganda",26,"Kisoro",68,"Kisoro",411,"Nyarubuye","Sub-county","Sub-county",NA,NA
412,239,"UGA","Uganda",26,"Kisoro",68,"Kisoro",412,"Nyarusiza","Sub-county","Sub-county",NA,NA
413,239,"UGA","Uganda",26,"Kisoro",68,"Kisoro",413,"Nyundo","Sub-county","Sub-county",NA,NA
414,239,"UGA","Uganda",27,"Kitgum",69,"Chua",414,"Kitgum Tc","Sub-county","Sub-county",NA,NA
415,239,"UGA","Uganda",27,"Kitgum",69,"Chua",415,"Kitigum Matidi","Sub-county","Sub-county",NA,NA
416,239,"UGA","Uganda",27,"Kitgum",69,"Chua",416,"Labongo Akwang","Sub-county","Sub-county",NA,NA
417,239,"UGA","Uganda",27,"Kitgum",69,"Chua",417,"Labongo Amida","Sub-county","Sub-county",NA,NA
418,239,"UGA","Uganda",27,"Kitgum",69,"Chua",418,"Labongo Layamo","Sub-county","Sub-county",NA,NA
419,239,"UGA","Uganda",27,"Kitgum",69,"Chua",419,"Lagoro","Sub-county","Sub-county",NA,NA
420,239,"UGA","Uganda",27,"Kitgum",69,"Chua",420,"Mucwini","Sub-county","Sub-county",NA,NA
421,239,"UGA","Uganda",27,"Kitgum",69,"Chua",421,"Namokora","Sub-county","Sub-county",NA,NA
422,239,"UGA","Uganda",27,"Kitgum",69,"Chua",422,"Omiya Anyima","Sub-county","Sub-county",NA,NA
423,239,"UGA","Uganda",27,"Kitgum",69,"Chua",423,"Orom","Sub-county","Sub-county",NA,NA
424,239,"UGA","Uganda",27,"Kitgum",70,"Lamwo",424,"Agoro","Sub-county","Sub-county",NA,NA
425,239,"UGA","Uganda",27,"Kitgum",70,"Lamwo",425,"Lokung","Sub-county","Sub-county",NA,NA
426,239,"UGA","Uganda",27,"Kitgum",70,"Lamwo",426,"Madi-Opei","Sub-county","Sub-county",NA,"Madi Opei"
427,239,"UGA","Uganda",27,"Kitgum",70,"Lamwo",427,"Padibe East","Sub-county","Sub-county",NA,NA
428,239,"UGA","Uganda",27,"Kitgum",70,"Lamwo",428,"Padibe West","Sub-county","Sub-county",NA,NA
429,239,"UGA","Uganda",27,"Kitgum",70,"Lamwo",429,"Palabek Gem","Sub-county","Sub-county",NA,NA
430,239,"UGA","Uganda",27,"Kitgum",70,"Lamwo",430,"Palabek Kal","Sub-county","Sub-county",NA,NA
431,239,"UGA","Uganda",27,"Kitgum",70,"Lamwo",431,"Paloga","Sub-county","Sub-county",NA,NA
432,239,"UGA","Uganda",27,"Kitgum",70,"Lamwo",432,"Parabek Ogili","Sub-county","Sub-county",NA,NA
433,239,"UGA","Uganda",28,"Kotido",71,"Dodoth",433,"Kaabong T.C.","Sub-county","Sub-county",NA,NA
434,239,"UGA","Uganda",28,"Kotido",71,"Dodoth",434,"Kaabong","Sub-county","Sub-county",NA,NA
435,239,"UGA","Uganda",28,"Kotido",71,"Dodoth",435,"Kalapata","Sub-county","Sub-county",NA,NA
436,239,"UGA","Uganda",28,"Kotido",71,"Dodoth",436,"Kapedo","Sub-county","Sub-county",NA,NA
437,239,"UGA","Uganda",28,"Kotido",71,"Dodoth",437,"Karenga","Sub-county","Sub-county",NA,NA
438,239,"UGA","Uganda",28,"Kotido",71,"Dodoth",438,"Kathile","Sub-county","Sub-county",NA,NA
439,239,"UGA","Uganda",28,"Kotido",71,"Dodoth",439,"Lolelia","Sub-county","Sub-county",NA,NA
440,239,"UGA","Uganda",28,"Kotido",71,"Dodoth",440,"Loyoro","Sub-county","Sub-county",NA,NA
441,239,"UGA","Uganda",28,"Kotido",71,"Dodoth",441,"Sidok","Sub-county","Sub-county",NA,NA
442,239,"UGA","Uganda",28,"Kotido",72,"Jie",442,"Kacheri","Sub-county","Sub-county",NA,NA
443,239,"UGA","Uganda",28,"Kotido",72,"Jie",443,"Kotido T.C.","Sub-county","Sub-county",NA,NA
444,239,"UGA","Uganda",28,"Kotido",72,"Jie",444,"Kotido","Sub-county","Sub-county",NA,NA
445,239,"UGA","Uganda",28,"Kotido",72,"Jie",445,"Nakaperimoru","Sub-county","Sub-county",NA,"Nakapelimoru"
446,239,"UGA","Uganda",28,"Kotido",72,"Jie",446,"Panyangara","Sub-county","Sub-county",NA,NA
447,239,"UGA","Uganda",28,"Kotido",72,"Jie",447,"Rengen","Sub-county","Sub-county",NA,NA
448,239,"UGA","Uganda",28,"Kotido",73,"Labwor",448,"Abim","Sub-county","Sub-county",NA,NA
449,239,"UGA","Uganda",28,"Kotido",73,"Labwor",449,"Alerek","Sub-county","Sub-county",NA,NA
450,239,"UGA","Uganda",28,"Kotido",73,"Labwor",450,"Lotukei","Sub-county","Sub-county",NA,NA
451,239,"UGA","Uganda",28,"Kotido",73,"Labwor",451,"Morulem","Sub-county","Sub-county",NA,NA
452,239,"UGA","Uganda",28,"Kotido",73,"Labwor",452,"Nyakwae","Sub-county","Sub-county",NA,NA
453,239,"UGA","Uganda",29,"Kumi",74,"Bukedea",453,"Bukedea","Sub-county","Sub-county",NA,NA
454,239,"UGA","Uganda",29,"Kumi",74,"Bukedea",454,"Kachumbala","Sub-county","Sub-county",NA,NA
455,239,"UGA","Uganda",29,"Kumi",74,"Bukedea",455,"Kidongole","Sub-county","Sub-county",NA,NA
456,239,"UGA","Uganda",29,"Kumi",74,"Bukedea",456,"Kolir","Sub-county","Sub-county",NA,NA
457,239,"UGA","Uganda",29,"Kumi",74,"Bukedea",457,"Malera","Sub-county","Sub-county",NA,NA
458,239,"UGA","Uganda",29,"Kumi",75,"Kumi",458,"Atutur","Sub-county","Sub-county",NA,NA
459,239,"UGA","Uganda",29,"Kumi",75,"Kumi",459,"Kanyum","Sub-county","Sub-county",NA,NA
460,239,"UGA","Uganda",29,"Kumi",75,"Kumi",460,"Kumi Tc","Sub-county","Sub-county",NA,NA
461,239,"UGA","Uganda",29,"Kumi",75,"Kumi",461,"Kumi","Sub-county","Sub-county",NA,NA
462,239,"UGA","Uganda",29,"Kumi",75,"Kumi",462,"Mukongoro","Sub-county","Sub-county",NA,NA
463,239,"UGA","Uganda",29,"Kumi",75,"Kumi",463,"Nyero","Sub-county","Sub-county",NA,NA
464,239,"UGA","Uganda",29,"Kumi",75,"Kumi",464,"Ongino","Sub-county","Sub-county",NA,NA
465,239,"UGA","Uganda",29,"Kumi",76,"Ngora",465,"Kapir","Sub-county","Sub-county",NA,NA
466,239,"UGA","Uganda",29,"Kumi",76,"Ngora",466,"Kobwin","Sub-county","Sub-county",NA,NA
467,239,"UGA","Uganda",29,"Kumi",76,"Ngora",467,"Mukura","Sub-county","Sub-county",NA,NA
468,239,"UGA","Uganda",29,"Kumi",76,"Ngora",468,"Ngora","Sub-county","Sub-county",NA,NA
469,239,"UGA","Uganda",30,"Kyenjojo",77,"Kyaka",469,"Hapuyo","Sub-county","Sub-county",NA,NA
470,239,"UGA","Uganda",30,"Kyenjojo",77,"Kyaka",470,"Kakabara","Sub-county","Sub-county",NA,NA
471,239,"UGA","Uganda",30,"Kyenjojo",77,"Kyaka",471,"Kasule","Sub-county","Sub-county",NA,NA
472,239,"UGA","Uganda",30,"Kyenjojo",77,"Kyaka",472,"Kyegegwa","Sub-county","Sub-county",NA,NA
473,239,"UGA","Uganda",30,"Kyenjojo",77,"Kyaka",473,"Mpara","Sub-county","Sub-county",NA,NA
474,239,"UGA","Uganda",30,"Kyenjojo",78,"Mwenge",474,"Bufunjo","Sub-county","Sub-county",NA,NA
475,239,"UGA","Uganda",30,"Kyenjojo",78,"Mwenge",475,"Bugaki","Sub-county","Sub-county",NA,"Bugaaki"
476,239,"UGA","Uganda",30,"Kyenjojo",78,"Mwenge",476,"Butiiti","Sub-county","Sub-county",NA,NA
477,239,"UGA","Uganda",30,"Kyenjojo",78,"Mwenge",477,"Katooke","Sub-county","Sub-county",NA,NA
478,239,"UGA","Uganda",30,"Kyenjojo",78,"Mwenge",478,"Kihuura","Sub-county","Sub-county",NA,NA
479,239,"UGA","Uganda",30,"Kyenjojo",78,"Mwenge",479,"Kyarusozi","Sub-county","Sub-county",NA,NA
480,239,"UGA","Uganda",30,"Kyenjojo",78,"Mwenge",480,"Kyenjojo  Tc","Sub-county","Sub-county",NA,NA
481,239,"UGA","Uganda",30,"Kyenjojo",78,"Mwenge",481,"Nyankwanzi","Sub-county","Sub-county",NA,NA
482,239,"UGA","Uganda",30,"Kyenjojo",78,"Mwenge",482,"Nyantungo","Sub-county","Sub-county",NA,NA
483,239,"UGA","Uganda",31,"Lake Albert",79,"Lake Albert",483,"Lake Albert","Water body","Water body",NA,NA
484,239,"UGA","Uganda",32,"Lake Victoria",80,"Lake Victoria",484,"Lake Victoria","Water body","Water body",NA,NA
485,239,"UGA","Uganda",33,"Lira",81,"Dokolo",485,"Agwata","Sub-county","Sub-county",NA,NA
486,239,"UGA","Uganda",33,"Lira",81,"Dokolo",486,"Bata","Sub-county","Sub-county",NA,"Batta"
487,239,"UGA","Uganda",33,"Lira",81,"Dokolo",487,"Dokolo","Sub-county","Sub-county",NA,NA
488,239,"UGA","Uganda",33,"Lira",81,"Dokolo",488,"Kangai","Sub-county","Sub-county",NA,NA
489,239,"UGA","Uganda",33,"Lira",81,"Dokolo",489,"Kwera","Sub-county","Sub-county",NA,NA
490,239,"UGA","Uganda",33,"Lira",82,"Erute",490,"Adekokwok","Sub-county","Sub-county",NA,NA
491,239,"UGA","Uganda",33,"Lira",82,"Erute",491,"Amach","Sub-county","Sub-county",NA,NA
492,239,"UGA","Uganda",33,"Lira",82,"Erute",492,"Aromo","Sub-county","Sub-county",NA,NA
493,239,"UGA","Uganda",33,"Lira",82,"Erute",493,"Barr","Sub-county","Sub-county",NA,NA
494,239,"UGA","Uganda",33,"Lira",82,"Erute",494,"Lira","Sub-county","Sub-county",NA,NA
495,239,"UGA","Uganda",33,"Lira",82,"Erute",495,"Ogur","Sub-county","Sub-county",NA,NA
496,239,"UGA","Uganda",33,"Lira",83,"Kyoga",496,"Aputi","Sub-county","Sub-county",NA,NA
497,239,"UGA","Uganda",33,"Lira",83,"Kyoga",497,"Awelo","Sub-county","Sub-county",NA,NA
498,239,"UGA","Uganda",33,"Lira",83,"Kyoga",498,"Muntu","Sub-county","Sub-county",NA,NA
499,239,"UGA","Uganda",33,"Lira",83,"Kyoga",499,"Namasale","Sub-county","Sub-county",NA,NA
500,239,"UGA","Uganda",33,"Lira",84,"Lira",500,"Adyel","Sub-county","Sub-county",NA,NA
501,239,"UGA","Uganda",33,"Lira",84,"Lira",501,"Central","Sub-county","Sub-county",NA,NA
502,239,"UGA","Uganda",33,"Lira",84,"Lira",502,"Ojwina","Sub-county","Sub-county",NA,NA
503,239,"UGA","Uganda",33,"Lira",84,"Lira",503,"Railway","Sub-county","Sub-county",NA,NA
504,239,"UGA","Uganda",33,"Lira",85,"Moroto",504,"Abako","Sub-county","Sub-county",NA,NA
505,239,"UGA","Uganda",33,"Lira",85,"Moroto",505,"Aloi","Sub-county","Sub-county",NA,NA
506,239,"UGA","Uganda",33,"Lira",85,"Moroto",506,"Amugo","Sub-county","Sub-county",NA,NA
507,239,"UGA","Uganda",33,"Lira",85,"Moroto",507,"Apalla","Sub-county","Sub-county",NA,"Apala"
508,239,"UGA","Uganda",33,"Lira",85,"Moroto",508,"Omoro","Sub-county","Sub-county",NA,NA
509,239,"UGA","Uganda",33,"Lira",86,"Otuke",509,"Adwari","Sub-county","Sub-county",NA,NA
510,239,"UGA","Uganda",33,"Lira",86,"Otuke",510,"Okwang","Sub-county","Sub-county",NA,NA
511,239,"UGA","Uganda",33,"Lira",86,"Otuke",511,"Olilim","Sub-county","Sub-county",NA,NA
512,239,"UGA","Uganda",33,"Lira",86,"Otuke",512,"Orum","Sub-county","Sub-county",NA,NA
513,239,"UGA","Uganda",34,"Luwero",87,"Bamunanika",513,"Bamunanika","Sub-county","Sub-county",NA,NA
514,239,"UGA","Uganda",34,"Luwero",87,"Bamunanika",514,"Kalagala","Sub-county","Sub-county",NA,NA
515,239,"UGA","Uganda",34,"Luwero",87,"Bamunanika",515,"Kamira","Sub-county","Sub-county",NA,NA
516,239,"UGA","Uganda",34,"Luwero",87,"Bamunanika",516,"Kikyusa","Sub-county","Sub-county",NA,NA
517,239,"UGA","Uganda",34,"Luwero",87,"Bamunanika",517,"Zirobwe","Sub-county","Sub-county",NA,NA
518,239,"UGA","Uganda",34,"Luwero",88,"Katikamu",518,"Bombo Tc","Sub-county","Sub-county",NA,NA
519,239,"UGA","Uganda",34,"Luwero",88,"Katikamu",519,"Butuntumula","Sub-county","Sub-county",NA,NA
520,239,"UGA","Uganda",34,"Luwero",88,"Katikamu",520,"Katikamu","Sub-county","Sub-county",NA,NA
521,239,"UGA","Uganda",34,"Luwero",88,"Katikamu",521,"Luwero Tc","Sub-county","Sub-county",NA,NA
522,239,"UGA","Uganda",34,"Luwero",88,"Katikamu",522,"Luwero","Sub-county","Sub-county",NA,NA
523,239,"UGA","Uganda",34,"Luwero",88,"Katikamu",523,"Makulubita","Sub-county","Sub-county",NA,NA
524,239,"UGA","Uganda",34,"Luwero",88,"Katikamu",524,"Nyimbwa","Sub-county","Sub-county",NA,NA
525,239,"UGA","Uganda",34,"Luwero",88,"Katikamu",525,"Wobulenzi Tc","Sub-county","Sub-county",NA,NA
526,239,"UGA","Uganda",34,"Luwero",89,"Nakaseke",526,"Kapeeka","Sub-county","Sub-county",NA,NA
527,239,"UGA","Uganda",34,"Luwero",89,"Nakaseke",527,"Kasangombe","Sub-county","Sub-county",NA,NA
528,239,"UGA","Uganda",34,"Luwero",89,"Nakaseke",528,"Kikamulo","Sub-county","Sub-county",NA,NA
529,239,"UGA","Uganda",34,"Luwero",89,"Nakaseke",529,"Nakaseke","Sub-county","Sub-county",NA,NA
530,239,"UGA","Uganda",34,"Luwero",89,"Nakaseke",530,"Ngoma","Sub-county","Sub-county",NA,NA
531,239,"UGA","Uganda",34,"Luwero",89,"Nakaseke",531,"Semuto","Sub-county","Sub-county",NA,NA
532,239,"UGA","Uganda",34,"Luwero",89,"Nakaseke",532,"Wakyato","Sub-county","Sub-county",NA,NA
533,239,"UGA","Uganda",35,"Masaka",90,"Bukomansimbi",533,"Bigasa","Sub-county","Sub-county",NA,NA
534,239,"UGA","Uganda",35,"Masaka",90,"Bukomansimbi",534,"Butenga","Sub-county","Sub-county",NA,NA
535,239,"UGA","Uganda",35,"Masaka",90,"Bukomansimbi",535,"Kibingo","Sub-county","Sub-county",NA,"Kibinge"
536,239,"UGA","Uganda",35,"Masaka",90,"Bukomansimbi",536,"Kitanda","Sub-county","Sub-county",NA,NA
537,239,"UGA","Uganda",35,"Masaka",91,"Bukoto",537,"Bukakata","Sub-county","Sub-county",NA,NA
538,239,"UGA","Uganda",35,"Masaka",91,"Bukoto",538,"Buwunga","Sub-county","Sub-county",NA,NA
539,239,"UGA","Uganda",35,"Masaka",91,"Bukoto",539,"Kabonera","Sub-county","Sub-county",NA,NA
540,239,"UGA","Uganda",35,"Masaka",91,"Bukoto",540,"Kisekka","Sub-county","Sub-county",NA,NA
541,239,"UGA","Uganda",35,"Masaka",91,"Bukoto",541,"Kkingo","Sub-county","Sub-county",NA,NA
542,239,"UGA","Uganda",35,"Masaka",91,"Bukoto",542,"Kyanamukaaka","Sub-county","Sub-county",NA,NA
543,239,"UGA","Uganda",35,"Masaka",91,"Bukoto",543,"Kyazanga","Sub-county","Sub-county",NA,NA
544,239,"UGA","Uganda",35,"Masaka",91,"Bukoto",544,"Lwengo","Sub-county","Sub-county",NA,NA
545,239,"UGA","Uganda",35,"Masaka",91,"Bukoto",545,"Malongo","Sub-county","Sub-county",NA,NA
546,239,"UGA","Uganda",35,"Masaka",91,"Bukoto",546,"Mukungwe","Sub-county","Sub-county",NA,NA
547,239,"UGA","Uganda",35,"Masaka",91,"Bukoto",547,"Ndagwe","Sub-county","Sub-county",NA,NA
548,239,"UGA","Uganda",35,"Masaka",92,"Kalungu",548,"Bukulula","Sub-county","Sub-county",NA,NA
549,239,"UGA","Uganda",35,"Masaka",92,"Kalungu",549,"Kalungu","Sub-county","Sub-county",NA,NA
550,239,"UGA","Uganda",35,"Masaka",92,"Kalungu",550,"Kyamuliibwa","Sub-county","Sub-county",NA,NA
551,239,"UGA","Uganda",35,"Masaka",92,"Kalungu",551,"Lukaya Tc","Sub-county","Sub-county",NA,NA
552,239,"UGA","Uganda",35,"Masaka",92,"Kalungu",552,"Lwabenge","Sub-county","Sub-county",NA,NA
553,239,"UGA","Uganda",35,"Masaka",93,"Masaka",553,"Katwe/Butego","Sub-county","Sub-county",NA,NA
554,239,"UGA","Uganda",35,"Masaka",93,"Masaka",554,"Kimanya/Kyabaku","Sub-county","Sub-county",NA,NA
555,239,"UGA","Uganda",35,"Masaka",93,"Masaka",555,"Nyendo/Senyange","Sub-county","Sub-county",NA,NA
556,239,"UGA","Uganda",36,"Masindi",94,"Bujenje",556,"Biiso","Sub-county","Sub-county",NA,NA
557,239,"UGA","Uganda",36,"Masindi",94,"Bujenje",557,"Budongo","Sub-county","Sub-county",NA,NA
558,239,"UGA","Uganda",36,"Masindi",94,"Bujenje",558,"Buliisa","Sub-county","Sub-county",NA,NA
559,239,"UGA","Uganda",36,"Masindi",94,"Bujenje",559,"Bwijanga","Sub-county","Sub-county",NA,NA
560,239,"UGA","Uganda",36,"Masindi",95,"Buruli",560,"Karujubu","Sub-county","Sub-county",NA,NA
561,239,"UGA","Uganda",36,"Masindi",95,"Buruli",561,"Kimengo","Sub-county","Sub-county",NA,NA
562,239,"UGA","Uganda",36,"Masindi",95,"Buruli",562,"Masindi Tc","Sub-county","Sub-county",NA,NA
563,239,"UGA","Uganda",36,"Masindi",95,"Buruli",563,"Miirya","Sub-county","Sub-county",NA,NA
564,239,"UGA","Uganda",36,"Masindi",95,"Buruli",564,"Nyangahya","Sub-county","Sub-county",NA,NA
565,239,"UGA","Uganda",36,"Masindi",95,"Buruli",565,"Pakanyi","Sub-county","Sub-county",NA,NA
566,239,"UGA","Uganda",36,"Masindi",96,"Kibanda",566,"Kigumba","Sub-county","Sub-county",NA,NA
567,239,"UGA","Uganda",36,"Masindi",96,"Kibanda",567,"Kiryandongo","Sub-county","Sub-county",NA,NA
568,239,"UGA","Uganda",36,"Masindi",96,"Kibanda",568,"Masindi Port","Sub-county","Sub-county",NA,"Masindi -Port"
569,239,"UGA","Uganda",36,"Masindi",96,"Kibanda",569,"Mutunda","Sub-county","Sub-county",NA,NA
570,239,"UGA","Uganda",37,"Mayuge",97,"Bunya",570,"Baitambogwe","Sub-county","Sub-county",NA,NA
571,239,"UGA","Uganda",37,"Mayuge",97,"Bunya",571,"Buwaya","Sub-county","Sub-county",NA,"Buwaaya"
572,239,"UGA","Uganda",37,"Mayuge",97,"Bunya",572,"Imanyiro","Sub-county","Sub-county",NA,"Immanyiro"
573,239,"UGA","Uganda",37,"Mayuge",97,"Bunya",573,"Kigandalo","Sub-county","Sub-county",NA,NA
574,239,"UGA","Uganda",37,"Mayuge",97,"Bunya",574,"Kityerera","Sub-county","Sub-county",NA,NA
575,239,"UGA","Uganda",37,"Mayuge",97,"Bunya",575,"Malongo","Sub-county","Sub-county",NA,NA
576,239,"UGA","Uganda",37,"Mayuge",97,"Bunya",576,"Mayuge Tc","Sub-county","Sub-county",NA,NA
577,239,"UGA","Uganda",38,"Mbale",98,"Bubulo",577,"Bubutu","Sub-county","Sub-county",NA,NA
578,239,"UGA","Uganda",38,"Mbale",98,"Bubulo",578,"Bugobero","Sub-county","Sub-county",NA,NA
579,239,"UGA","Uganda",38,"Mbale",98,"Bubulo",579,"Bumbo","Sub-county","Sub-county",NA,NA
580,239,"UGA","Uganda",38,"Mbale",98,"Bubulo",580,"Bumwoni","Sub-county","Sub-county",NA,NA
581,239,"UGA","Uganda",38,"Mbale",98,"Bubulo",581,"Bupoto","Sub-county","Sub-county",NA,NA
582,239,"UGA","Uganda",38,"Mbale",98,"Bubulo",582,"Butiru","Sub-county","Sub-county",NA,NA
583,239,"UGA","Uganda",38,"Mbale",98,"Bubulo",583,"Buwabwala","Sub-county","Sub-county",NA,NA
584,239,"UGA","Uganda",38,"Mbale",98,"Bubulo",584,"Buwagogo","Sub-county","Sub-county",NA,NA
585,239,"UGA","Uganda",38,"Mbale",98,"Bubulo",585,"Kaato","Sub-county","Sub-county",NA,NA
586,239,"UGA","Uganda",38,"Mbale",98,"Bubulo",586,"Sibanga","Sub-county","Sub-county",NA,NA
587,239,"UGA","Uganda",38,"Mbale",99,"Bungokho",587,"Bufumbo","Sub-county","Sub-county",NA,NA
588,239,"UGA","Uganda",38,"Mbale",99,"Bungokho",588,"Bukonde","Sub-county","Sub-county",NA,NA
589,239,"UGA","Uganda",38,"Mbale",99,"Bungokho",589,"Bukyiende","Sub-county","Sub-county",NA,NA
590,239,"UGA","Uganda",38,"Mbale",99,"Bungokho",590,"Bungokho-Mutoto","Sub-county","Sub-county",NA,NA
591,239,"UGA","Uganda",38,"Mbale",99,"Bungokho",591,"Bungokho","Sub-county","Sub-county",NA,NA
592,239,"UGA","Uganda",38,"Mbale",99,"Bungokho",592,"Busano","Sub-county","Sub-county",NA,NA
593,239,"UGA","Uganda",38,"Mbale",99,"Bungokho",593,"Busiu","Sub-county","Sub-county",NA,NA
594,239,"UGA","Uganda",38,"Mbale",99,"Bungokho",594,"Busoba","Sub-county","Sub-county",NA,NA
595,239,"UGA","Uganda",38,"Mbale",99,"Bungokho",595,"Nakaloke","Sub-county","Sub-county",NA,NA
596,239,"UGA","Uganda",38,"Mbale",99,"Bungokho",596,"Namanyonyi","Sub-county","Sub-county",NA,NA
597,239,"UGA","Uganda",38,"Mbale",99,"Bungokho",597,"Wanale","Sub-county","Sub-county",NA,NA
598,239,"UGA","Uganda",38,"Mbale",100,"Manjiya",598,"Bubiita","Sub-county","Sub-county",NA,NA
599,239,"UGA","Uganda",38,"Mbale",100,"Manjiya",599,"Bududa","Sub-county","Sub-county",NA,NA
600,239,"UGA","Uganda",38,"Mbale",100,"Manjiya",600,"Bukibokolo","Sub-county","Sub-county",NA,NA
601,239,"UGA","Uganda",38,"Mbale",100,"Manjiya",601,"Bukigai","Sub-county","Sub-county",NA,NA
602,239,"UGA","Uganda",38,"Mbale",100,"Manjiya",602,"Bulucheke","Sub-county","Sub-county",NA,NA
603,239,"UGA","Uganda",38,"Mbale",100,"Manjiya",603,"Bumayoka","Sub-county","Sub-county",NA,NA
604,239,"UGA","Uganda",38,"Mbale",100,"Manjiya",604,"Bushika","Sub-county","Sub-county",NA,NA
605,239,"UGA","Uganda",38,"Mbale",101,"Mbale",605,"Industrial","Sub-county","Sub-county",NA,NA
606,239,"UGA","Uganda",38,"Mbale",101,"Mbale",606,"Northern Division","Sub-county","Sub-county",NA,NA
607,239,"UGA","Uganda",38,"Mbale",101,"Mbale",607,"Wanale Division","Sub-county","Sub-county",NA,NA
608,239,"UGA","Uganda",39,"Mbarara",102,"Bukanga",608,"Endinzi","Sub-county","Sub-county",NA,NA
609,239,"UGA","Uganda",39,"Mbarara",102,"Bukanga",609,"Kashumba","Sub-county","Sub-county",NA,NA
610,239,"UGA","Uganda",39,"Mbarara",102,"Bukanga",610,"Ngarama","Sub-county","Sub-county",NA,NA
611,239,"UGA","Uganda",39,"Mbarara",102,"Bukanga",611,"Rugaaga","Sub-county","Sub-county",NA,NA
612,239,"UGA","Uganda",39,"Mbarara",103,"Ibanda",612,"Bisheshe","Sub-county","Sub-county",NA,NA
613,239,"UGA","Uganda",39,"Mbarara",103,"Ibanda",613,"Ibanda Tc","Sub-county","Sub-county",NA,NA
614,239,"UGA","Uganda",39,"Mbarara",103,"Ibanda",614,"Ishongororo","Sub-county","Sub-county",NA,NA
615,239,"UGA","Uganda",39,"Mbarara",103,"Ibanda",615,"Kicuzi","Sub-county","Sub-county",NA,NA
616,239,"UGA","Uganda",39,"Mbarara",103,"Ibanda",616,"Kikyenkye","Sub-county","Sub-county",NA,NA
617,239,"UGA","Uganda",39,"Mbarara",103,"Ibanda",617,"Nyabuhikye","Sub-county","Sub-county",NA,NA
618,239,"UGA","Uganda",39,"Mbarara",103,"Ibanda",618,"Nyamarebe","Sub-county","Sub-county",NA,NA
619,239,"UGA","Uganda",39,"Mbarara",103,"Ibanda",619,"Rukiri","Sub-county","Sub-county",NA,NA
620,239,"UGA","Uganda",39,"Mbarara",104,"Isingiro",620,"Birere","Sub-county","Sub-county",NA,NA
621,239,"UGA","Uganda",39,"Mbarara",104,"Isingiro",621,"Kabingo","Sub-county","Sub-county",NA,NA
622,239,"UGA","Uganda",39,"Mbarara",104,"Isingiro",622,"Kabuyanda","Sub-county","Sub-county",NA,NA
623,239,"UGA","Uganda",39,"Mbarara",104,"Isingiro",623,"Kikagate","Sub-county","Sub-county",NA,NA
624,239,"UGA","Uganda",39,"Mbarara",104,"Isingiro",624,"Masha","Sub-county","Sub-county",NA,NA
625,239,"UGA","Uganda",39,"Mbarara",104,"Isingiro",625,"Nyakitunda","Sub-county","Sub-county",NA,NA
626,239,"UGA","Uganda",39,"Mbarara",105,"Kashari",626,"Bubaare","Sub-county","Sub-county",NA,NA
627,239,"UGA","Uganda",39,"Mbarara",105,"Kashari",627,"Bukiro","Sub-county","Sub-county",NA,NA
628,239,"UGA","Uganda",39,"Mbarara",105,"Kashari",628,"Kagongi","Sub-county","Sub-county",NA,NA
629,239,"UGA","Uganda",39,"Mbarara",105,"Kashari",629,"Kakiika","Sub-county","Sub-county",NA,NA
630,239,"UGA","Uganda",39,"Mbarara",105,"Kashari",630,"Kashare","Sub-county","Sub-county",NA,NA
631,239,"UGA","Uganda",39,"Mbarara",105,"Kashari",631,"Rubaya","Sub-county","Sub-county",NA,NA
632,239,"UGA","Uganda",39,"Mbarara",105,"Kashari",632,"Rubindi","Sub-county","Sub-county",NA,NA
633,239,"UGA","Uganda",39,"Mbarara",105,"Kashari",633,"Rwanyamahembe","Sub-county","Sub-county",NA,NA
634,239,"UGA","Uganda",39,"Mbarara",106,"Kazo",634,"Buremba","Sub-county","Sub-county",NA,NA
635,239,"UGA","Uganda",39,"Mbarara",106,"Kazo",635,"Burunga","Sub-county","Sub-county",NA,NA
636,239,"UGA","Uganda",39,"Mbarara",106,"Kazo",636,"Kanoni","Sub-county","Sub-county",NA,NA
637,239,"UGA","Uganda",39,"Mbarara",106,"Kazo",637,"Kazo","Sub-county","Sub-county",NA,NA
638,239,"UGA","Uganda",39,"Mbarara",106,"Kazo",638,"Rwemikoma","Sub-county","Sub-county",NA,NA
639,239,"UGA","Uganda",39,"Mbarara",107,"Mbarara",639,"Kakoba","Sub-county","Sub-county",NA,NA
640,239,"UGA","Uganda",39,"Mbarara",107,"Mbarara",640,"Kamukuzi","Sub-county","Sub-county",NA,NA
641,239,"UGA","Uganda",39,"Mbarara",107,"Mbarara",641,"Nyamitanga","Sub-county","Sub-county",NA,NA
642,239,"UGA","Uganda",39,"Mbarara",108,"Nyabushozi",642,"Kanyaryeru","Sub-county","Sub-county",NA,NA
643,239,"UGA","Uganda",39,"Mbarara",108,"Nyabushozi",643,"Kashongi","Sub-county","Sub-county",NA,NA
644,239,"UGA","Uganda",39,"Mbarara",108,"Nyabushozi",644,"Kenshunga","Sub-county","Sub-county",NA,NA
645,239,"UGA","Uganda",39,"Mbarara",108,"Nyabushozi",645,"Kikatsi","Sub-county","Sub-county",NA,NA
646,239,"UGA","Uganda",39,"Mbarara",108,"Nyabushozi",646,"Kinoni","Sub-county","Sub-county",NA,NA
647,239,"UGA","Uganda",39,"Mbarara",108,"Nyabushozi",647,"Nyakashashara","Sub-county","Sub-county",NA,NA
648,239,"UGA","Uganda",39,"Mbarara",108,"Nyabushozi",648,"Sanga","Sub-county","Sub-county",NA,NA
649,239,"UGA","Uganda",39,"Mbarara",109,"Rwampara",649,"Bugamba","Sub-county","Sub-county",NA,NA
650,239,"UGA","Uganda",39,"Mbarara",109,"Rwampara",650,"Mwizi","Sub-county","Sub-county",NA,NA
651,239,"UGA","Uganda",39,"Mbarara",109,"Rwampara",651,"Ndaija","Sub-county","Sub-county",NA,NA
652,239,"UGA","Uganda",39,"Mbarara",109,"Rwampara",652,"Nyakayojo","Sub-county","Sub-county",NA,NA
653,239,"UGA","Uganda",39,"Mbarara",109,"Rwampara",653,"Rugando","Sub-county","Sub-county",NA,NA
654,239,"UGA","Uganda",40,"Moroto",110,"Bokora",654,"Iriiri","Sub-county","Sub-county",NA,NA
655,239,"UGA","Uganda",40,"Moroto",110,"Bokora",655,"Lokopo","Sub-county","Sub-county",NA,NA
656,239,"UGA","Uganda",40,"Moroto",110,"Bokora",656,"Lopei","Sub-county","Sub-county",NA,NA
657,239,"UGA","Uganda",40,"Moroto",110,"Bokora",657,"Lotome","Sub-county","Sub-county",NA,NA
658,239,"UGA","Uganda",40,"Moroto",110,"Bokora",658,"Matany","Sub-county","Sub-county",NA,NA
659,239,"UGA","Uganda",40,"Moroto",110,"Bokora",659,"Ngoleriet","Sub-county","Sub-county",NA,NA
660,239,"UGA","Uganda",40,"Moroto",111,"Matheniko",660,"Katikekile","Sub-county","Sub-county",NA,NA
661,239,"UGA","Uganda",40,"Moroto",111,"Matheniko",661,"Nadunget","Sub-county","Sub-county",NA,NA
662,239,"UGA","Uganda",40,"Moroto",111,"Matheniko",662,"Rupa","Sub-county","Sub-county",NA,NA
663,239,"UGA","Uganda",40,"Moroto",112,"Moroto",663,"Northern Division","Sub-county","Sub-county",NA,NA
664,239,"UGA","Uganda",40,"Moroto",112,"Moroto",664,"Southern Division","Sub-county","Sub-county",NA,NA
665,239,"UGA","Uganda",41,"Moyo",113,"Obongi",665,"Aliba","Sub-county","Sub-county",NA,NA
666,239,"UGA","Uganda",41,"Moyo",113,"Obongi",666,"Gimara","Sub-county","Sub-county",NA,NA
667,239,"UGA","Uganda",41,"Moyo",113,"Obongi",667,"Itula","Sub-county","Sub-county",NA,NA
668,239,"UGA","Uganda",41,"Moyo",114,"West Moyo",668,"Dufile","Sub-county","Sub-county",NA,NA
669,239,"UGA","Uganda",41,"Moyo",114,"West Moyo",669,"Lefori","Sub-county","Sub-county",NA,NA
670,239,"UGA","Uganda",41,"Moyo",114,"West Moyo",670,"Metu","Sub-county","Sub-county",NA,NA
671,239,"UGA","Uganda",41,"Moyo",114,"West Moyo",671,"Moyo Tc","Sub-county","Sub-county",NA,NA
672,239,"UGA","Uganda",41,"Moyo",114,"West Moyo",672,"Moyo","Sub-county","Sub-county",NA,NA
673,239,"UGA","Uganda",42,"Mpigi",115,"Butambala",673,"Budde","Sub-county","Sub-county",NA,NA
674,239,"UGA","Uganda",42,"Mpigi",115,"Butambala",674,"Bulo","Sub-county","Sub-county",NA,NA
675,239,"UGA","Uganda",42,"Mpigi",115,"Butambala",675,"Kalamba","Sub-county","Sub-county",NA,NA
676,239,"UGA","Uganda",42,"Mpigi",115,"Butambala",676,"Kibibi","Sub-county","Sub-county",NA,NA
677,239,"UGA","Uganda",42,"Mpigi",115,"Butambala",677,"Ngando","Sub-county","Sub-county",NA,NA
678,239,"UGA","Uganda",42,"Mpigi",116,"Gomba",678,"Kabulasoke","Sub-county","Sub-county",NA,NA
679,239,"UGA","Uganda",42,"Mpigi",116,"Gomba",679,"Kyegonza","Sub-county","Sub-county",NA,NA
680,239,"UGA","Uganda",42,"Mpigi",116,"Gomba",680,"Maddu","Sub-county","Sub-county",NA,NA
681,239,"UGA","Uganda",42,"Mpigi",116,"Gomba",681,"Mpenja","Sub-county","Sub-county",NA,NA
682,239,"UGA","Uganda",42,"Mpigi",117,"Mawokota",682,"Buwama","Sub-county","Sub-county",NA,NA
683,239,"UGA","Uganda",42,"Mpigi",117,"Mawokota",683,"Kamengo","Sub-county","Sub-county",NA,NA
684,239,"UGA","Uganda",42,"Mpigi",117,"Mawokota",684,"Kiringente","Sub-county","Sub-county",NA,NA
685,239,"UGA","Uganda",42,"Mpigi",117,"Mawokota",685,"Kituntu","Sub-county","Sub-county",NA,NA
686,239,"UGA","Uganda",42,"Mpigi",117,"Mawokota",686,"Mpigi Tc","Sub-county","Sub-county",NA,NA
687,239,"UGA","Uganda",42,"Mpigi",117,"Mawokota",687,"Mpigi","Sub-county","Sub-county",NA,NA
688,239,"UGA","Uganda",42,"Mpigi",117,"Mawokota",688,"Muduma","Sub-county","Sub-county",NA,NA
689,239,"UGA","Uganda",42,"Mpigi",117,"Mawokota",689,"Nkozi","Sub-county","Sub-county",NA,NA
690,239,"UGA","Uganda",43,"Mubende",118,"Busujju",690,"Butayunja","Sub-county","Sub-county",NA,NA
691,239,"UGA","Uganda",43,"Mubende",118,"Busujju",691,"Kakindu","Sub-county","Sub-county",NA,NA
692,239,"UGA","Uganda",43,"Mubende",118,"Busujju",692,"Maanyi","Sub-county","Sub-county",NA,NA
693,239,"UGA","Uganda",43,"Mubende",118,"Busujju",693,"Malangala","Sub-county","Sub-county",NA,NA
694,239,"UGA","Uganda",43,"Mubende",119,"Buwekula",694,"Bagezza","Sub-county","Sub-county",NA,NA
695,239,"UGA","Uganda",43,"Mubende",119,"Buwekula",695,"Butoloogo","Sub-county","Sub-county",NA,NA
696,239,"UGA","Uganda",43,"Mubende",119,"Buwekula",696,"Kasambya","Sub-county","Sub-county",NA,NA
697,239,"UGA","Uganda",43,"Mubende",119,"Buwekula",697,"Kitenga","Sub-county","Sub-county",NA,NA
698,239,"UGA","Uganda",43,"Mubende",119,"Buwekula",698,"Kiyuni","Sub-county","Sub-county",NA,NA
699,239,"UGA","Uganda",43,"Mubende",119,"Buwekula",699,"Madudu","Sub-county","Sub-county",NA,NA
700,239,"UGA","Uganda",43,"Mubende",119,"Buwekula",700,"Mubende Tc","Sub-county","Sub-county",NA,NA
701,239,"UGA","Uganda",43,"Mubende",120,"Kassanda",701,"Bukuya","Sub-county","Sub-county",NA,NA
702,239,"UGA","Uganda",43,"Mubende",120,"Kassanda",702,"Kassanda","Sub-county","Sub-county",NA,NA
703,239,"UGA","Uganda",43,"Mubende",120,"Kassanda",703,"Kiganda","Sub-county","Sub-county",NA,NA
704,239,"UGA","Uganda",43,"Mubende",120,"Kassanda",704,"Myanzi","Sub-county","Sub-county",NA,NA
705,239,"UGA","Uganda",43,"Mubende",121,"Mityana",705,"Bulera","Sub-county","Sub-county",NA,NA
706,239,"UGA","Uganda",43,"Mubende",121,"Mityana",706,"Busimbi","Sub-county","Sub-county",NA,NA
707,239,"UGA","Uganda",43,"Mubende",121,"Mityana",707,"Kikandwa","Sub-county","Sub-county",NA,NA
708,239,"UGA","Uganda",43,"Mubende",121,"Mityana",708,"Mityana Tc","Sub-county","Sub-county",NA,NA
709,239,"UGA","Uganda",43,"Mubende",121,"Mityana",709,"Ssekanyonyi","Sub-county","Sub-county",NA,NA
710,239,"UGA","Uganda",44,"Mukono",122,"Buikwe",710,"Buikwe","Sub-county","Sub-county",NA,NA
711,239,"UGA","Uganda",44,"Mukono",122,"Buikwe",711,"Kawolo","Sub-county","Sub-county",NA,NA
712,239,"UGA","Uganda",44,"Mukono",122,"Buikwe",712,"Lugazi Tc","Sub-county","Sub-county",NA,NA
713,239,"UGA","Uganda",44,"Mukono",122,"Buikwe",713,"Najja","Sub-county","Sub-county",NA,NA
714,239,"UGA","Uganda",44,"Mukono",122,"Buikwe",714,"Najjembe","Sub-county","Sub-county",NA,NA
715,239,"UGA","Uganda",44,"Mukono",122,"Buikwe",715,"Ngogwe","Sub-county","Sub-county",NA,NA
716,239,"UGA","Uganda",44,"Mukono",122,"Buikwe",716,"Njeru Tc","Sub-county","Sub-county",NA,NA
717,239,"UGA","Uganda",44,"Mukono",122,"Buikwe",717,"Nkonkonjeru Tc","Sub-county","Sub-county",NA,NA
718,239,"UGA","Uganda",44,"Mukono",122,"Buikwe",718,"Nyenga","Sub-county","Sub-county",NA,NA
719,239,"UGA","Uganda",44,"Mukono",122,"Buikwe",719,"Ssi-Bukunja","Sub-county","Sub-county",NA,NA
720,239,"UGA","Uganda",44,"Mukono",122,"Buikwe",720,"Wakisi","Sub-county","Sub-county",NA,NA
721,239,"UGA","Uganda",44,"Mukono",123,"Buvuma Islands",721,"Bugaya","Sub-county","Sub-county",NA,NA
722,239,"UGA","Uganda",44,"Mukono",123,"Buvuma Islands",722,"Busamuzi","Sub-county","Sub-county",NA,NA
723,239,"UGA","Uganda",44,"Mukono",123,"Buvuma Islands",723,"Bwema","Sub-county","Sub-county",NA,"Bweema"
724,239,"UGA","Uganda",44,"Mukono",123,"Buvuma Islands",724,"Nairambi","Sub-county","Sub-county",NA,NA
725,239,"UGA","Uganda",44,"Mukono",124,"Mukono",725,"Goma","Sub-county","Sub-county",NA,NA
726,239,"UGA","Uganda",44,"Mukono",124,"Mukono",726,"Kkome Islands","Sub-county","Sub-county",NA,NA
727,239,"UGA","Uganda",44,"Mukono",124,"Mukono",727,"Kyampisi","Sub-county","Sub-county",NA,NA
728,239,"UGA","Uganda",44,"Mukono",124,"Mukono",728,"Mukono Tc","Sub-county","Sub-county",NA,NA
729,239,"UGA","Uganda",44,"Mukono",124,"Mukono",729,"Nakisunga","Sub-county","Sub-county",NA,NA
730,239,"UGA","Uganda",44,"Mukono",124,"Mukono",730,"Nama","Sub-county","Sub-county",NA,NA
731,239,"UGA","Uganda",44,"Mukono",124,"Mukono",731,"Ntenjeru","Sub-county","Sub-county",NA,NA
732,239,"UGA","Uganda",44,"Mukono",125,"Nakifuma",732,"Kasawo","Sub-county","Sub-county",NA,NA
733,239,"UGA","Uganda",44,"Mukono",125,"Nakifuma",733,"Kimenyedde","Sub-county","Sub-county",NA,NA
734,239,"UGA","Uganda",44,"Mukono",125,"Nakifuma",734,"Nabaale","Sub-county","Sub-county",NA,NA
735,239,"UGA","Uganda",44,"Mukono",125,"Nakifuma",735,"Nagojje","Sub-county","Sub-county",NA,NA
736,239,"UGA","Uganda",44,"Mukono",125,"Nakifuma",736,"Ntunda","Sub-county","Sub-county",NA,NA
737,239,"UGA","Uganda",44,"Mukono",125,"Nakifuma",737,"Seeta-Namuganga","Sub-county","Sub-county",NA,NA
738,239,"UGA","Uganda",45,"Nakapiripirit",126,"Chekwii",738,"Kakomongole","Sub-county","Sub-county",NA,NA
739,239,"UGA","Uganda",45,"Nakapiripirit",126,"Chekwii",739,"Moruita","Sub-county","Sub-county",NA,NA
740,239,"UGA","Uganda",45,"Nakapiripirit",126,"Chekwii",740,"Nakapiripirit T.C.","Sub-county","Sub-county",NA,NA
741,239,"UGA","Uganda",45,"Nakapiripirit",126,"Chekwii",741,"Namalu","Sub-county","Sub-county",NA,NA
742,239,"UGA","Uganda",45,"Nakapiripirit",127,"Pian",742,"Lolachat","Sub-county","Sub-county",NA,NA
743,239,"UGA","Uganda",45,"Nakapiripirit",127,"Pian",743,"Lorengedwat","Sub-county","Sub-county",NA,NA
744,239,"UGA","Uganda",45,"Nakapiripirit",127,"Pian",744,"Nabilatuk","Sub-county","Sub-county",NA,NA
745,239,"UGA","Uganda",45,"Nakapiripirit",128,"Pokot",745,"Amudat","Sub-county","Sub-county",NA,NA
746,239,"UGA","Uganda",45,"Nakapiripirit",128,"Pokot",746,"Karita","Sub-county","Sub-county",NA,NA
747,239,"UGA","Uganda",45,"Nakapiripirit",128,"Pokot",747,"Loroo","Sub-county","Sub-county",NA,NA
748,239,"UGA","Uganda",46,"Nakasongola",129,"Buruli",748,"Kakooge","Sub-county","Sub-county",NA,NA
749,239,"UGA","Uganda",46,"Nakasongola",129,"Buruli",749,"Kalongo","Sub-county","Sub-county",NA,NA
750,239,"UGA","Uganda",46,"Nakasongola",129,"Buruli",750,"Kalungi","Sub-county","Sub-county",NA,NA
751,239,"UGA","Uganda",46,"Nakasongola",129,"Buruli",751,"Lwabyata","Sub-county","Sub-county",NA,NA
752,239,"UGA","Uganda",46,"Nakasongola",129,"Buruli",752,"Lwampanga","Sub-county","Sub-county",NA,NA
753,239,"UGA","Uganda",46,"Nakasongola",129,"Buruli",753,"Nabiswera","Sub-county","Sub-county",NA,NA
754,239,"UGA","Uganda",46,"Nakasongola",129,"Buruli",754,"Nakasongola Tc","Sub-county","Sub-county",NA,NA
755,239,"UGA","Uganda",46,"Nakasongola",129,"Buruli",755,"Nakitoma","Sub-county","Sub-county",NA,NA
756,239,"UGA","Uganda",46,"Nakasongola",129,"Buruli",756,"Wabinyonyi","Sub-county","Sub-county",NA,NA
757,239,"UGA","Uganda",47,"Nebbi",130,"Jonam",757,"Pakwach Tc","Sub-county","Sub-county",NA,NA
758,239,"UGA","Uganda",47,"Nebbi",130,"Jonam",758,"Pakwach","Sub-county","Sub-county",NA,NA
759,239,"UGA","Uganda",47,"Nebbi",130,"Jonam",759,"Panyango","Sub-county","Sub-county",NA,NA
760,239,"UGA","Uganda",47,"Nebbi",130,"Jonam",760,"Panyimur","Sub-county","Sub-county",NA,NA
761,239,"UGA","Uganda",47,"Nebbi",130,"Jonam",761,"Wadelai","Sub-county","Sub-county",NA,NA
762,239,"UGA","Uganda",47,"Nebbi",131,"Okoro",762,"Atyak","Sub-county","Sub-county",NA,NA
763,239,"UGA","Uganda",47,"Nebbi",131,"Okoro",763,"Jangokoro","Sub-county","Sub-county",NA,NA
764,239,"UGA","Uganda",47,"Nebbi",131,"Okoro",764,"Kango","Sub-county","Sub-county",NA,NA
765,239,"UGA","Uganda",47,"Nebbi",131,"Okoro",765,"Nyapea","Sub-county","Sub-county",NA,NA
766,239,"UGA","Uganda",47,"Nebbi",131,"Okoro",766,"Paidha Tc","Sub-county","Sub-county",NA,NA
767,239,"UGA","Uganda",47,"Nebbi",131,"Okoro",767,"Paidha","Sub-county","Sub-county",NA,NA
768,239,"UGA","Uganda",47,"Nebbi",131,"Okoro",768,"Zeu","Sub-county","Sub-county",NA,NA
769,239,"UGA","Uganda",47,"Nebbi",132,"Padyere",769,"Akworo","Sub-county","Sub-county",NA,NA
770,239,"UGA","Uganda",47,"Nebbi",132,"Padyere",770,"Erussi","Sub-county","Sub-county",NA,NA
771,239,"UGA","Uganda",47,"Nebbi",132,"Padyere",771,"Kucwiny","Sub-county","Sub-county",NA,NA
772,239,"UGA","Uganda",47,"Nebbi",132,"Padyere",772,"Nebbi Tc","Sub-county","Sub-county",NA,NA
773,239,"UGA","Uganda",47,"Nebbi",132,"Padyere",773,"Nebbi","Sub-county","Sub-county",NA,NA
774,239,"UGA","Uganda",47,"Nebbi",132,"Padyere",774,"Nyaravur","Sub-county","Sub-county",NA,NA
775,239,"UGA","Uganda",47,"Nebbi",132,"Padyere",775,"Parombo","Sub-county","Sub-county",NA,NA
776,239,"UGA","Uganda",48,"Ntungamo",133,"Kajara",776,"Bwongyera","Sub-county","Sub-county",NA,NA
777,239,"UGA","Uganda",48,"Ntungamo",133,"Kajara",777,"Ihunga","Sub-county","Sub-county",NA,NA
778,239,"UGA","Uganda",48,"Ntungamo",133,"Kajara",778,"Kibatsi","Sub-county","Sub-county",NA,NA
779,239,"UGA","Uganda",48,"Ntungamo",133,"Kajara",779,"Nyabihoko","Sub-county","Sub-county",NA,NA
780,239,"UGA","Uganda",48,"Ntungamo",134,"Ruhaama",780,"Itojo","Sub-county","Sub-county",NA,NA
781,239,"UGA","Uganda",48,"Ntungamo",134,"Ruhaama",781,"Ntungamo Tc","Sub-county","Sub-county",NA,NA
782,239,"UGA","Uganda",48,"Ntungamo",134,"Ruhaama",782,"Ntungamo","Sub-county","Sub-county",NA,NA
783,239,"UGA","Uganda",48,"Ntungamo",134,"Ruhaama",783,"Nyakyera","Sub-county","Sub-county",NA,NA
784,239,"UGA","Uganda",48,"Ntungamo",134,"Ruhaama",784,"Ruhaama","Sub-county","Sub-county",NA,NA
785,239,"UGA","Uganda",48,"Ntungamo",134,"Ruhaama",785,"Rukoni","Sub-county","Sub-county",NA,NA
786,239,"UGA","Uganda",48,"Ntungamo",134,"Ruhaama",786,"Rweikiniro","Sub-county","Sub-county",NA,NA
787,239,"UGA","Uganda",48,"Ntungamo",135,"Rushenyi",787,"Kayonza","Sub-county","Sub-county",NA,NA
788,239,"UGA","Uganda",48,"Ntungamo",135,"Rushenyi",788,"Ngoma","Sub-county","Sub-county",NA,NA
789,239,"UGA","Uganda",48,"Ntungamo",135,"Rushenyi",789,"Rubaare","Sub-county","Sub-county",NA,NA
790,239,"UGA","Uganda",48,"Ntungamo",135,"Rushenyi",790,"Rugarama","Sub-county","Sub-county",NA,NA
791,239,"UGA","Uganda",49,"Pader",136,"Agago",791,"Adilang","Sub-county","Sub-county",NA,NA
792,239,"UGA","Uganda",49,"Pader",136,"Agago",792,"Lapono","Sub-county","Sub-county",NA,NA
793,239,"UGA","Uganda",49,"Pader",136,"Agago",793,"Lira Palwo","Sub-county","Sub-county",NA,NA
794,239,"UGA","Uganda",49,"Pader",136,"Agago",794,"Lukole","Sub-county","Sub-county",NA,NA
795,239,"UGA","Uganda",49,"Pader",136,"Agago",795,"Omot","Sub-county","Sub-county",NA,NA
796,239,"UGA","Uganda",49,"Pader",136,"Agago",796,"Paimol","Sub-county","Sub-county",NA,NA
797,239,"UGA","Uganda",49,"Pader",136,"Agago",797,"Parabongo","Sub-county","Sub-county",NA,NA
798,239,"UGA","Uganda",49,"Pader",136,"Agago",798,"Patongo","Sub-county","Sub-county",NA,NA
799,239,"UGA","Uganda",49,"Pader",136,"Agago",799,"Wol","Sub-county","Sub-county",NA,NA
800,239,"UGA","Uganda",49,"Pader",137,"Aruu",800,"Acholibur","Sub-county","Sub-county",NA,NA
801,239,"UGA","Uganda",49,"Pader",137,"Aruu",801,"Atanga","Sub-county","Sub-county",NA,NA
802,239,"UGA","Uganda",49,"Pader",137,"Aruu",802,"Awere","Sub-county","Sub-county",NA,"Awer"
803,239,"UGA","Uganda",49,"Pader",137,"Aruu",803,"Kilak","Sub-county","Sub-county",NA,NA
804,239,"UGA","Uganda",49,"Pader",137,"Aruu",804,"Laguti","Sub-county","Sub-county",NA,NA
805,239,"UGA","Uganda",49,"Pader",137,"Aruu",805,"Lapul","Sub-county","Sub-county",NA,NA
806,239,"UGA","Uganda",49,"Pader",137,"Aruu",806,"Pader T.C.","Sub-county","Sub-county",NA,NA
807,239,"UGA","Uganda",49,"Pader",137,"Aruu",807,"Pajule","Sub-county","Sub-county",NA,NA
808,239,"UGA","Uganda",49,"Pader",137,"Aruu",808,"Puranga","Sub-county","Sub-county",NA,NA
809,239,"UGA","Uganda",50,"Pallisa",138,"Budaka",809,"Budaka","Sub-county","Sub-county",NA,NA
810,239,"UGA","Uganda",50,"Pallisa",138,"Budaka",810,"Iki-Iki","Sub-county","Sub-county",NA,NA
811,239,"UGA","Uganda",50,"Pallisa",138,"Budaka",811,"Kaderuna","Sub-county","Sub-county",NA,NA
812,239,"UGA","Uganda",50,"Pallisa",138,"Budaka",812,"Kameruka","Sub-county","Sub-county",NA,NA
813,239,"UGA","Uganda",50,"Pallisa",138,"Budaka",813,"Kamonkoli","Sub-county","Sub-county",NA,NA
814,239,"UGA","Uganda",50,"Pallisa",138,"Budaka",814,"Lyama","Sub-county","Sub-county",NA,NA
815,239,"UGA","Uganda",50,"Pallisa",138,"Budaka",815,"Naboa","Sub-county","Sub-county",NA,NA
816,239,"UGA","Uganda",50,"Pallisa",139,"Butebo",816,"Butebo","Sub-county","Sub-county",NA,NA
817,239,"UGA","Uganda",50,"Pallisa",139,"Butebo",817,"Kabwangasi","Sub-county","Sub-county",NA,NA
818,239,"UGA","Uganda",50,"Pallisa",139,"Butebo",818,"Kakoro","Sub-county","Sub-county",NA,NA
819,239,"UGA","Uganda",50,"Pallisa",139,"Butebo",819,"Kibale","Sub-county","Sub-county",NA,NA
820,239,"UGA","Uganda",50,"Pallisa",139,"Butebo",820,"Petete","Sub-county","Sub-county",NA,NA
821,239,"UGA","Uganda",50,"Pallisa",140,"Kibuku",821,"Bulangira","Sub-county","Sub-county",NA,NA
822,239,"UGA","Uganda",50,"Pallisa",140,"Kibuku",822,"Buseta","Sub-county","Sub-county",NA,NA
823,239,"UGA","Uganda",50,"Pallisa",140,"Kibuku",823,"Kadama","Sub-county","Sub-county",NA,NA
824,239,"UGA","Uganda",50,"Pallisa",140,"Kibuku",824,"Kagumu","Sub-county","Sub-county",NA,NA
825,239,"UGA","Uganda",50,"Pallisa",140,"Kibuku",825,"Kibuku","Sub-county","Sub-county",NA,NA
826,239,"UGA","Uganda",50,"Pallisa",140,"Kibuku",826,"Kirika","Sub-county","Sub-county",NA,NA
827,239,"UGA","Uganda",50,"Pallisa",140,"Kibuku",827,"Tirinyi","Sub-county","Sub-county",NA,NA
828,239,"UGA","Uganda",50,"Pallisa",141,"Pallisa",828,"Agule","Sub-county","Sub-county",NA,NA
829,239,"UGA","Uganda",50,"Pallisa",141,"Pallisa",829,"Apopong","Sub-county","Sub-county",NA,NA
830,239,"UGA","Uganda",50,"Pallisa",141,"Pallisa",830,"Gogonyo","Sub-county","Sub-county",NA,NA
831,239,"UGA","Uganda",50,"Pallisa",141,"Pallisa",831,"Kameke","Sub-county","Sub-county",NA,NA
832,239,"UGA","Uganda",50,"Pallisa",141,"Pallisa",832,"Kamuge","Sub-county","Sub-county",NA,NA
833,239,"UGA","Uganda",50,"Pallisa",141,"Pallisa",833,"Kasodo","Sub-county","Sub-county",NA,NA
834,239,"UGA","Uganda",50,"Pallisa",141,"Pallisa",834,"Pallisa Tc","Sub-county","Sub-county",NA,NA
835,239,"UGA","Uganda",50,"Pallisa",141,"Pallisa",835,"Pallisa","Sub-county","Sub-county",NA,NA
836,239,"UGA","Uganda",50,"Pallisa",141,"Pallisa",836,"Puti-Puti","Sub-county","Sub-county",NA,NA
837,239,"UGA","Uganda",51,"Rakai",142,"Kabula",837,"Kaliiro","Sub-county","Sub-county",NA,NA
838,239,"UGA","Uganda",51,"Rakai",142,"Kabula",838,"Kasagama","Sub-county","Sub-county",NA,NA
839,239,"UGA","Uganda",51,"Rakai",142,"Kabula",839,"Kinuuka","Sub-county","Sub-county",NA,NA
840,239,"UGA","Uganda",51,"Rakai",142,"Kabula",840,"Lyantonde Tc","Sub-county","Sub-county",NA,NA
841,239,"UGA","Uganda",51,"Rakai",142,"Kabula",841,"Lyantonde","Sub-county","Sub-county",NA,NA
842,239,"UGA","Uganda",51,"Rakai",142,"Kabula",842,"Mpumudde","Sub-county","Sub-county",NA,NA
843,239,"UGA","Uganda",51,"Rakai",143,"Kakuuto",843,"Kakuuto","Sub-county","Sub-county",NA,NA
844,239,"UGA","Uganda",51,"Rakai",143,"Kakuuto",844,"Kasasa","Sub-county","Sub-county",NA,NA
845,239,"UGA","Uganda",51,"Rakai",143,"Kakuuto",845,"Kibanda","Sub-county","Sub-county",NA,NA
846,239,"UGA","Uganda",51,"Rakai",143,"Kakuuto",846,"Kitumba","Sub-county","Sub-county",NA,"Kifamba"
847,239,"UGA","Uganda",51,"Rakai",143,"Kakuuto",847,"Kyebe","Sub-county","Sub-county",NA,NA
848,239,"UGA","Uganda",51,"Rakai",144,"Kooki",848,"Byakabanda","Sub-county","Sub-county",NA,NA
849,239,"UGA","Uganda",51,"Rakai",144,"Kooki",849,"Ddwaniro","Sub-county","Sub-county",NA,NA
850,239,"UGA","Uganda",51,"Rakai",144,"Kooki",850,"Kacheera","Sub-county","Sub-county",NA,NA
851,239,"UGA","Uganda",51,"Rakai",144,"Kooki",851,"Kagamba","Sub-county","Sub-county",NA,"Kagamba (Buyamba)"
852,239,"UGA","Uganda",51,"Rakai",144,"Kooki",852,"Kakuuto","Sub-county","Sub-county",NA,NA
853,239,"UGA","Uganda",51,"Rakai",144,"Kooki",853,"Kyalulangira","Sub-county","Sub-county",NA,NA
854,239,"UGA","Uganda",51,"Rakai",144,"Kooki",854,"Lwamaggwa","Sub-county","Sub-county",NA,NA
855,239,"UGA","Uganda",51,"Rakai",144,"Kooki",855,"Lwanda","Sub-county","Sub-county",NA,NA
856,239,"UGA","Uganda",51,"Rakai",144,"Kooki",856,"Rakai Tc","Sub-county","Sub-county",NA,NA
857,239,"UGA","Uganda",51,"Rakai",145,"Kyotera",857,"Kabira","Sub-county","Sub-county",NA,NA
858,239,"UGA","Uganda",51,"Rakai",145,"Kyotera",858,"Kalisizo","Sub-county","Sub-county",NA,NA
859,239,"UGA","Uganda",51,"Rakai",145,"Kyotera",859,"Kasaali","Sub-county","Sub-county",NA,NA
860,239,"UGA","Uganda",51,"Rakai",145,"Kyotera",860,"Kirumba","Sub-county","Sub-county",NA,NA
861,239,"UGA","Uganda",51,"Rakai",145,"Kyotera",861,"Kyotera Tc","Sub-county","Sub-county",NA,NA
862,239,"UGA","Uganda",51,"Rakai",145,"Kyotera",862,"Lwankoni","Sub-county","Sub-county",NA,NA
863,239,"UGA","Uganda",51,"Rakai",145,"Kyotera",863,"Nabigasa","Sub-county","Sub-county",NA,NA
864,239,"UGA","Uganda",52,"Rukungiri",146,"Bufumbira",864,"Bugangari","Sub-county","Sub-county",NA,NA
865,239,"UGA","Uganda",52,"Rukungiri",146,"Bufumbira",865,"Buhunga","Sub-county","Sub-county",NA,NA
866,239,"UGA","Uganda",52,"Rukungiri",146,"Bufumbira",866,"Bwambara","Sub-county","Sub-county",NA,NA
867,239,"UGA","Uganda",52,"Rukungiri",146,"Bufumbira",867,"Kagunga","Sub-county","Sub-county",NA,NA
868,239,"UGA","Uganda",52,"Rukungiri",146,"Bufumbira",868,"Nyakagyeme","Sub-county","Sub-county",NA,NA
869,239,"UGA","Uganda",52,"Rukungiri",146,"Bufumbira",869,"Ruhinda","Sub-county","Sub-county",NA,NA
870,239,"UGA","Uganda",52,"Rukungiri",146,"Bufumbira",870,"Rukungiri Tc","Sub-county","Sub-county",NA,NA
871,239,"UGA","Uganda",52,"Rukungiri",147,"Rubabo",871,"Buyanja","Sub-county","Sub-county",NA,NA
872,239,"UGA","Uganda",52,"Rukungiri",147,"Rubabo",872,"Kebisoni","Sub-county","Sub-county",NA,NA
873,239,"UGA","Uganda",52,"Rukungiri",147,"Rubabo",873,"Nyakishenyi","Sub-county","Sub-county",NA,NA
874,239,"UGA","Uganda",52,"Rukungiri",147,"Rubabo",874,"Nyarushanje","Sub-county","Sub-county",NA,NA
875,239,"UGA","Uganda",53,"Sembabule",148,"Lwemiyaga",875,"Lwemiyaga","Sub-county","Sub-county",NA,NA
876,239,"UGA","Uganda",53,"Sembabule",148,"Lwemiyaga",876,"Ntusi","Sub-county","Sub-county",NA,NA
877,239,"UGA","Uganda",53,"Sembabule",149,"Mawogola",877,"Lugusulu","Sub-county","Sub-county",NA,NA
878,239,"UGA","Uganda",53,"Sembabule",149,"Mawogola",878,"Lwebitakuli","Sub-county","Sub-county",NA,NA
879,239,"UGA","Uganda",53,"Sembabule",149,"Mawogola",879,"Mateete","Sub-county","Sub-county",NA,NA
880,239,"UGA","Uganda",53,"Sembabule",149,"Mawogola",880,"Mijwala","Sub-county","Sub-county",NA,NA
881,239,"UGA","Uganda",53,"Sembabule",149,"Mawogola",881,"Sembabule Tc","Sub-county","Sub-county",NA,NA
882,239,"UGA","Uganda",54,"Sironko",150,"Budadiri",882,"Buhugu","Sub-county","Sub-county",NA,NA
883,239,"UGA","Uganda",54,"Sironko",150,"Budadiri",883,"Bukhulo","Sub-county","Sub-county",NA,NA
884,239,"UGA","Uganda",54,"Sironko",150,"Budadiri",884,"Bumasifwa","Sub-county","Sub-county",NA,NA
885,239,"UGA","Uganda",54,"Sironko",150,"Budadiri",885,"Busulani","Sub-county","Sub-county",NA,NA
886,239,"UGA","Uganda",54,"Sironko",150,"Budadiri",886,"Butandiga","Sub-county","Sub-county",NA,NA
887,239,"UGA","Uganda",54,"Sironko",150,"Budadiri",887,"Buteza","Sub-county","Sub-county",NA,NA
888,239,"UGA","Uganda",54,"Sironko",150,"Budadiri",888,"Buwalasi","Sub-county","Sub-county",NA,NA
889,239,"UGA","Uganda",54,"Sironko",150,"Budadiri",889,"Buyobo","Sub-county","Sub-county",NA,NA
890,239,"UGA","Uganda",54,"Sironko",150,"Budadiri",890,"Sironko Tc","Sub-county","Sub-county",NA,NA
891,239,"UGA","Uganda",54,"Sironko",150,"Budadiri",891,"Zesui","Sub-county","Sub-county",NA,NA
892,239,"UGA","Uganda",54,"Sironko",151,"Bulambuli",892,"Buginyanya","Sub-county","Sub-county",NA,NA
893,239,"UGA","Uganda",54,"Sironko",151,"Bulambuli",893,"Bukhalu","Sub-county","Sub-county",NA,NA
894,239,"UGA","Uganda",54,"Sironko",151,"Bulambuli",894,"Bulago","Sub-county","Sub-county",NA,NA
895,239,"UGA","Uganda",54,"Sironko",151,"Bulambuli",895,"Bulegeni","Sub-county","Sub-county",NA,NA
896,239,"UGA","Uganda",54,"Sironko",151,"Bulambuli",896,"Buluganya","Sub-county","Sub-county",NA,NA
897,239,"UGA","Uganda",54,"Sironko",151,"Bulambuli",897,"Bunambutye","Sub-county","Sub-county",NA,NA
898,239,"UGA","Uganda",54,"Sironko",151,"Bulambuli",898,"Masiira","Sub-county","Sub-county",NA,NA
899,239,"UGA","Uganda",54,"Sironko",151,"Bulambuli",899,"Muyembe","Sub-county","Sub-county",NA,NA
900,239,"UGA","Uganda",54,"Sironko",151,"Bulambuli",900,"Sisiyi","Sub-county","Sub-county",NA,NA
901,239,"UGA","Uganda",54,"Sironko",152,"Mt. Elgon Np",901,"Mt. Elgon Np","Sub-county","Sub-county",NA,NA
902,239,"UGA","Uganda",55,"Soroti",153,"Kasilo",902,"Bugondo","Sub-county","Sub-county",NA,NA
903,239,"UGA","Uganda",55,"Soroti",153,"Kasilo",903,"Kadungulu","Sub-county","Sub-county",NA,NA
904,239,"UGA","Uganda",55,"Soroti",153,"Kasilo",904,"Pingire","Sub-county","Sub-county",NA,NA
905,239,"UGA","Uganda",55,"Soroti",154,"Serere",905,"Atiira","Sub-county","Sub-county",NA,NA
906,239,"UGA","Uganda",55,"Soroti",154,"Serere",906,"Kateta","Sub-county","Sub-county",NA,NA
907,239,"UGA","Uganda",55,"Soroti",154,"Serere",907,"Kyere","Sub-county","Sub-county",NA,NA
908,239,"UGA","Uganda",55,"Soroti",154,"Serere",908,"Olio","Sub-county","Sub-county",NA,NA
909,239,"UGA","Uganda",55,"Soroti",155,"Soroti",909,"Arapai","Sub-county","Sub-county",NA,NA
910,239,"UGA","Uganda",55,"Soroti",155,"Soroti",910,"Asuret","Sub-county","Sub-county",NA,NA
911,239,"UGA","Uganda",55,"Soroti",155,"Soroti",911,"Eastern Division","Sub-county","Sub-county",NA,NA
912,239,"UGA","Uganda",55,"Soroti",155,"Soroti",912,"Gweri","Sub-county","Sub-county",NA,NA
913,239,"UGA","Uganda",55,"Soroti",155,"Soroti",913,"Kamuda","Sub-county","Sub-county",NA,NA
914,239,"UGA","Uganda",55,"Soroti",155,"Soroti",914,"Katine","Sub-county","Sub-county",NA,NA
915,239,"UGA","Uganda",55,"Soroti",155,"Soroti",915,"Northern Division","Sub-county","Sub-county",NA,NA
916,239,"UGA","Uganda",55,"Soroti",155,"Soroti",916,"Soroti","Sub-county","Sub-county",NA,NA
917,239,"UGA","Uganda",55,"Soroti",155,"Soroti",917,"Tubur","Sub-county","Sub-county",NA,NA
918,239,"UGA","Uganda",55,"Soroti",155,"Soroti",918,"Western Division","Sub-county","Sub-county",NA,NA
919,239,"UGA","Uganda",56,"Tororo",156,"Bunyole",919,"Budumba","Sub-county","Sub-county",NA,NA
920,239,"UGA","Uganda",56,"Tororo",156,"Bunyole",920,"Busaba","Sub-county","Sub-county",NA,NA
921,239,"UGA","Uganda",56,"Tororo",156,"Bunyole",921,"Busolwe","Sub-county","Sub-county",NA,NA
922,239,"UGA","Uganda",56,"Tororo",156,"Bunyole",922,"Butaleja","Sub-county","Sub-county",NA,NA
923,239,"UGA","Uganda",56,"Tororo",156,"Bunyole",923,"Kachonga","Sub-county","Sub-county",NA,NA
924,239,"UGA","Uganda",56,"Tororo",156,"Bunyole",924,"Nawanjofu","Sub-county","Sub-county",NA,NA
925,239,"UGA","Uganda",56,"Tororo",156,"Bunyole",925,"Nazimasa","Sub-county","Sub-county",NA,NA
926,239,"UGA","Uganda",56,"Tororo",157,"Kisoko (West Budama)",926,"Iyolwa","Sub-county","Sub-county",NA,NA
927,239,"UGA","Uganda",56,"Tororo",157,"Kisoko (West Budama)",927,"Kirewa","Sub-county","Sub-county",NA,NA
928,239,"UGA","Uganda",56,"Tororo",157,"Kisoko (West Budama)",928,"Kisoko","Sub-county","Sub-county",NA,NA
929,239,"UGA","Uganda",56,"Tororo",157,"Kisoko (West Budama)",929,"Mulanda","Sub-county","Sub-county",NA,NA
930,239,"UGA","Uganda",56,"Tororo",157,"Kisoko (West Budama)",930,"Nabuyoga","Sub-county","Sub-county",NA,NA
931,239,"UGA","Uganda",56,"Tororo",157,"Kisoko (West Budama)",931,"Nagongera","Sub-county","Sub-county",NA,NA
932,239,"UGA","Uganda",56,"Tororo",157,"Kisoko (West Budama)",932,"Paya","Sub-county","Sub-county",NA,NA
933,239,"UGA","Uganda",56,"Tororo",157,"Kisoko (West Budama)",933,"Petta","Sub-county","Sub-county",NA,NA
934,239,"UGA","Uganda",56,"Tororo",157,"Kisoko (West Budama)",934,"Rubongi","Sub-county","Sub-county",NA,NA
935,239,"UGA","Uganda",56,"Tororo",158,"Tororo",935,"Eastern Divisioni","Sub-county","Sub-county",NA,NA
936,239,"UGA","Uganda",56,"Tororo",158,"Tororo",936,"Kwapa","Sub-county","Sub-county",NA,NA
937,239,"UGA","Uganda",56,"Tororo",158,"Tororo",937,"Mella","Sub-county","Sub-county",NA,NA
938,239,"UGA","Uganda",56,"Tororo",158,"Tororo",938,"Merikit","Sub-county","Sub-county",NA,NA
939,239,"UGA","Uganda",56,"Tororo",158,"Tororo",939,"Molo","Sub-county","Sub-county",NA,NA
940,239,"UGA","Uganda",56,"Tororo",158,"Tororo",940,"Mukuju","Sub-county","Sub-county",NA,NA
941,239,"UGA","Uganda",56,"Tororo",158,"Tororo",941,"Osukuru","Sub-county","Sub-county",NA,NA
942,239,"UGA","Uganda",56,"Tororo",158,"Tororo",942,"Western Divisioni","Sub-county","Sub-county",NA,NA
943,239,"UGA","Uganda",57,"Wakiso",159,"Busiiro",943,"Kakiri","Sub-county","Sub-county",NA,NA
944,239,"UGA","Uganda",57,"Wakiso",159,"Busiiro",944,"Kasanje","Sub-county","Sub-county",NA,NA
945,239,"UGA","Uganda",57,"Wakiso",159,"Busiiro",945,"Katabi-Entebbe","Sub-county","Sub-county",NA,"Katabi"
946,239,"UGA","Uganda",57,"Wakiso",159,"Busiiro",946,"Masulita","Sub-county","Sub-county",NA,NA
947,239,"UGA","Uganda",57,"Wakiso",159,"Busiiro",947,"Namayumba","Sub-county","Sub-county",NA,NA
948,239,"UGA","Uganda",57,"Wakiso",159,"Busiiro",948,"Nsangi","Sub-county","Sub-county",NA,NA
949,239,"UGA","Uganda",57,"Wakiso",159,"Busiiro",949,"Ssisa","Sub-county","Sub-county",NA,NA
950,239,"UGA","Uganda",57,"Wakiso",159,"Busiiro",950,"Wakiso Tc","Sub-county","Sub-county",NA,NA
951,239,"UGA","Uganda",57,"Wakiso",159,"Busiiro",951,"Wakiso","Sub-county","Sub-county",NA,NA
952,239,"UGA","Uganda",57,"Wakiso",160,"Entebbe",952,"Division A","Sub-county","Sub-county",NA,NA
953,239,"UGA","Uganda",57,"Wakiso",160,"Entebbe",953,"Division B","Sub-county","Sub-county",NA,NA
954,239,"UGA","Uganda",57,"Wakiso",161,"Jinja",954,"Busukuma","Sub-county","Sub-county",NA,NA
955,239,"UGA","Uganda",57,"Wakiso",161,"Jinja",955,"Gombe","Sub-county","Sub-county",NA,NA
956,239,"UGA","Uganda",57,"Wakiso",161,"Jinja",956,"Kira","Sub-county","Sub-county",NA,NA
957,239,"UGA","Uganda",57,"Wakiso",161,"Jinja",957,"Nabweru","Sub-county","Sub-county",NA,NA
958,239,"UGA","Uganda",57,"Wakiso",161,"Jinja",958,"Nangabo","Sub-county","Sub-county",NA,NA
959,239,"UGA","Uganda",57,"Wakiso",161,"Jinja",959,"Ssabagabo-Makindye","Sub-county","Sub-county",NA,NA
960,239,"UGA","Uganda",58,"Yumbe",162,"Aringa",960,"Apo","Sub-county","Sub-county",NA,NA
961,239,"UGA","Uganda",58,"Yumbe",162,"Aringa",961,"Drajani","Sub-county","Sub-county",NA,NA
962,239,"UGA","Uganda",58,"Yumbe",162,"Aringa",962,"Kei","Sub-county","Sub-county",NA,NA
963,239,"UGA","Uganda",58,"Yumbe",162,"Aringa",963,"Kuru","Sub-county","Sub-county",NA,NA
964,239,"UGA","Uganda",58,"Yumbe",162,"Aringa",964,"Midigo","Sub-county","Sub-county",NA,NA
965,239,"UGA","Uganda",58,"Yumbe",162,"Aringa",965,"Odravu","Sub-county","Sub-county",NA,NA
966,239,"UGA","Uganda",58,"Yumbe",162,"Aringa",966,"Romogi","Sub-county","Sub-county",NA,NA
967,239,"UGA","Uganda",58,"Yumbe",162,"Aringa",967,"Yumbe Tc","Sub-county","Sub-county",NA,NA
