"OBJECTID","ID_0","ISO","NAME_0","ID_1","NAME_1","ID_2","NAME_2","TYPE_2","ENGTYPE_2","NL_NAME_2","VARNAME_2"
1,159,"NCL","New Caledonia",1,"Îles Loyauté",1,"Lifou",NA,"Commune",NA,NA
2,159,"NCL","New Caledonia",1,"Îles Loyauté",2,"Maré",NA,"Commune",NA,NA
3,159,"NCL","New Caledonia",1,"Îles Loyauté",3,"Ouvéa",NA,"Commune",NA,NA
4,159,"NCL","New Caledonia",2,"Nord",4,"Bélep",NA,"Commune",NA,"Belep"
5,159,"NCL","New Caledonia",2,"Nord",5,"Canala",NA,"Commune",NA,NA
6,159,"NCL","New Caledonia",2,"Nord",6,"Hienghène",NA,"Commune",NA,NA
7,159,"NCL","New Caledonia",2,"Nord",7,"Houaïlou",NA,"Commune",NA,NA
8,159,"NCL","New Caledonia",2,"Nord",8,"Kaala-Gomen",NA,"Commune",NA,NA
9,159,"NCL","New Caledonia",2,"Nord",9,"Koné",NA,"Commune",NA,NA
10,159,"NCL","New Caledonia",2,"Nord",10,"Kouaoua",NA,"Commune",NA,NA
11,159,"NCL","New Caledonia",2,"Nord",11,"Koumac",NA,"Commune",NA,NA
12,159,"NCL","New Caledonia",2,"Nord",12,"Ouégoa",NA,"Commune",NA,NA
13,159,"NCL","New Caledonia",2,"Nord",13,"Poindimié",NA,"Commune",NA,NA
14,159,"NCL","New Caledonia",2,"Nord",14,"Ponérihouen",NA,"Commune",NA,NA
15,159,"NCL","New Caledonia",2,"Nord",15,"Pouébo",NA,"Commune",NA,"Oubatche"
16,159,"NCL","New Caledonia",2,"Nord",16,"Pouembout",NA,"Commune",NA,NA
17,159,"NCL","New Caledonia",2,"Nord",17,"Poum",NA,"Commune",NA,NA
18,159,"NCL","New Caledonia",2,"Nord",18,"Poya (north part)",NA,"Commune",NA,NA
19,159,"NCL","New Caledonia",2,"Nord",19,"Touho",NA,"Commune",NA,NA
20,159,"NCL","New Caledonia",2,"Nord",20,"Unkknown",NA,"Commune",NA,NA
21,159,"NCL","New Caledonia",2,"Nord",21,"Voh",NA,"Commune",NA,NA
22,159,"NCL","New Caledonia",3,"Sud",22,"Boulouparis",NA,"Commune",NA,"Bouloupari"
23,159,"NCL","New Caledonia",3,"Sud",23,"Bourail",NA,"Commune",NA,NA
24,159,"NCL","New Caledonia",3,"Sud",24,"Dumbéa",NA,"Commune",NA,NA
25,159,"NCL","New Caledonia",3,"Sud",25,"Farino",NA,"Commune",NA,NA
26,159,"NCL","New Caledonia",3,"Sud",26,"l'Île des Pins",NA,"Commune",NA,"L'Île-des-Pins"
27,159,"NCL","New Caledonia",3,"Sud",27,"La Foa",NA,"Commune",NA,NA
28,159,"NCL","New Caledonia",3,"Sud",28,"Moindou",NA,"Commune",NA,NA
29,159,"NCL","New Caledonia",3,"Sud",29,"Mont-Dore",NA,"Commune",NA,"Le Mont-Dore"
30,159,"NCL","New Caledonia",3,"Sud",30,"Nouméa",NA,"Commune",NA,NA
31,159,"NCL","New Caledonia",3,"Sud",31,"Païta",NA,"Commune",NA,NA
32,159,"NCL","New Caledonia",3,"Sud",32,"Poya (south part)",NA,"Commune",NA,NA
33,159,"NCL","New Caledonia",3,"Sud",33,"Sarraméa",NA,"Commune",NA,NA
34,159,"NCL","New Caledonia",3,"Sud",34,"Thio",NA,"Commune",NA,NA
35,159,"NCL","New Caledonia",3,"Sud",35,"Yaté",NA,"Commune",NA,NA
