"OBJECTID","ID_0","ISO","NAME_0","ID_1","NAME_1","TYPE_1","ENGTYPE_1","NL_NAME_1","VARNAME_1"
1,243,"UMI","United States Minor Outlying Islands",1,"Baker","Island","Island",NA,NA
2,243,"UMI","United States Minor Outlying Islands",2,"Howland","Island","Island",NA,NA
3,243,"UMI","United States Minor Outlying Islands",3,"Jarvis island",NA,NA,NA,NA
4,243,"UMI","United States Minor Outlying Islands",4,"Johnston","Atoll","Atoll",NA,NA
5,243,"UMI","United States Minor Outlying Islands",5,"Kingman Reef","Reef","Reef",NA,NA
6,243,"UMI","United States Minor Outlying Islands",6,"Midway","Island|Atoll","Island|Atoll",NA,NA
7,243,"UMI","United States Minor Outlying Islands",7,"Navassa","Island","Island",NA,NA
8,243,"UMI","United States Minor Outlying Islands",8,"Palmyra","Atoll","Atoll",NA,NA
9,243,"UMI","United States Minor Outlying Islands",9,"Wake","Island|Atoll","Island|Atoll",NA,NA
