"OBJECTID","ID_0","ISO","NAME_0","ID_1","NAME_1","ID_2","NAME_2","TYPE_2","ENGTYPE_2","NL_NAME_2","VARNAME_2"
1,255,"ZMB","Zambia",1,"Central",1,"Chibombo","District","District",NA,NA
2,255,"ZMB","Zambia",1,"Central",2,"Kabwe","District","District",NA,NA
3,255,"ZMB","Zambia",1,"Central",3,"Kapiri Mposhi","District","District",NA,NA
4,255,"ZMB","Zambia",1,"Central",4,"Mkushi","District","District",NA,NA
5,255,"ZMB","Zambia",1,"Central",5,"Mumbwa","District","District",NA,NA
6,255,"ZMB","Zambia",1,"Central",6,"Serenje","District","District",NA,NA
7,255,"ZMB","Zambia",2,"Copperbelt",7,"Chililabombwe","District","District",NA,NA
8,255,"ZMB","Zambia",2,"Copperbelt",8,"Chingola","District","District",NA,NA
9,255,"ZMB","Zambia",2,"Copperbelt",9,"Kalulushi","District","District",NA,NA
10,255,"ZMB","Zambia",2,"Copperbelt",10,"Kitwe","District","District",NA,NA
11,255,"ZMB","Zambia",2,"Copperbelt",11,"Luanshya","District","District",NA,NA
12,255,"ZMB","Zambia",2,"Copperbelt",12,"Lufwanyama","District","District",NA,NA
13,255,"ZMB","Zambia",2,"Copperbelt",13,"Masaiti","District","District",NA,NA
14,255,"ZMB","Zambia",2,"Copperbelt",14,"MPongwe","District","District",NA,NA
15,255,"ZMB","Zambia",2,"Copperbelt",15,"Mufulira","District","District",NA,NA
16,255,"ZMB","Zambia",2,"Copperbelt",16,"Ndola","District","District",NA,NA
17,255,"ZMB","Zambia",3,"Eastern",17,"Chadiza","District","District",NA,NA
18,255,"ZMB","Zambia",3,"Eastern",18,"Chipata","District","District",NA,NA
19,255,"ZMB","Zambia",3,"Eastern",19,"Katete","District","District",NA,NA
20,255,"ZMB","Zambia",3,"Eastern",20,"Lundazi","District","District",NA,NA
21,255,"ZMB","Zambia",3,"Eastern",21,"Mambwe","District","District",NA,NA
22,255,"ZMB","Zambia",3,"Eastern",22,"Nyimba","District","District",NA,NA
23,255,"ZMB","Zambia",3,"Eastern",23,"Petauke","District","District",NA,NA
24,255,"ZMB","Zambia",4,"Luapula",24,"Chiengi","District","District",NA,NA
25,255,"ZMB","Zambia",4,"Luapula",25,"Kawambwa","District","District",NA,NA
26,255,"ZMB","Zambia",4,"Luapula",26,"Mansa","District","District",NA,NA
27,255,"ZMB","Zambia",4,"Luapula",27,"Milenge","District","District",NA,NA
28,255,"ZMB","Zambia",4,"Luapula",28,"Mwense","District","District",NA,NA
29,255,"ZMB","Zambia",4,"Luapula",29,"Nchelenge","District","District",NA,NA
30,255,"ZMB","Zambia",4,"Luapula",30,"Samfya","District","District",NA,NA
31,255,"ZMB","Zambia",5,"Lusaka",31,"Chongwe","District","District",NA,NA
32,255,"ZMB","Zambia",5,"Lusaka",32,"Kafue","District","District",NA,NA
33,255,"ZMB","Zambia",5,"Lusaka",33,"Luangwa","District","District",NA,NA
34,255,"ZMB","Zambia",5,"Lusaka",34,"Lusaka","District","District",NA,NA
35,255,"ZMB","Zambia",6,"Muchinga",35,"Chama","District","District",NA,NA
36,255,"ZMB","Zambia",6,"Muchinga",36,"Chinsali","District","District",NA,NA
37,255,"ZMB","Zambia",6,"Muchinga",37,"Isoka","District","District",NA,NA
38,255,"ZMB","Zambia",6,"Muchinga",38,"Mpika","District","District",NA,NA
39,255,"ZMB","Zambia",6,"Muchinga",39,"Nakonde","District","District",NA,NA
40,255,"ZMB","Zambia",7,"North-Western",40,"Chavuma","District","District",NA,NA
41,255,"ZMB","Zambia",7,"North-Western",41,"Kabompo","District","District",NA,NA
42,255,"ZMB","Zambia",7,"North-Western",42,"Kasempa","District","District",NA,NA
43,255,"ZMB","Zambia",7,"North-Western",43,"Mufumbwe","District","District",NA,NA
44,255,"ZMB","Zambia",7,"North-Western",44,"Mwinilunga","District","District",NA,NA
45,255,"ZMB","Zambia",7,"North-Western",45,"Solwezi","District","District",NA,NA
46,255,"ZMB","Zambia",7,"North-Western",46,"Zambezi","District","District",NA,NA
47,255,"ZMB","Zambia",8,"Northern",47,"Chilubi","District","District",NA,NA
48,255,"ZMB","Zambia",8,"Northern",48,"Kaputa","District","District",NA,NA
49,255,"ZMB","Zambia",8,"Northern",49,"Kasama","District","District",NA,NA
50,255,"ZMB","Zambia",8,"Northern",50,"Luwingu","District","District",NA,NA
51,255,"ZMB","Zambia",8,"Northern",51,"Mbala","District","District",NA,NA
52,255,"ZMB","Zambia",8,"Northern",52,"Mporokoso","District","District",NA,NA
53,255,"ZMB","Zambia",8,"Northern",53,"Mpulungu","District","District",NA,NA
54,255,"ZMB","Zambia",8,"Northern",54,"Mungwi","District","District",NA,NA
55,255,"ZMB","Zambia",9,"Southern",55,"Choma","District","District",NA,NA
56,255,"ZMB","Zambia",9,"Southern",56,"Gwembe","District","District",NA,NA
57,255,"ZMB","Zambia",9,"Southern",57,"Itezhi-Tezhi","District","District",NA,NA
58,255,"ZMB","Zambia",9,"Southern",58,"Kalomo","District","District",NA,NA
59,255,"ZMB","Zambia",9,"Southern",59,"Kazungula","District","District",NA,NA
60,255,"ZMB","Zambia",9,"Southern",60,"Livingstone","District","District",NA,NA
61,255,"ZMB","Zambia",9,"Southern",61,"Mazabuka","District","District",NA,NA
62,255,"ZMB","Zambia",9,"Southern",62,"Monze","District","District",NA,NA
63,255,"ZMB","Zambia",9,"Southern",63,"Namwala","District","District",NA,NA
64,255,"ZMB","Zambia",9,"Southern",64,"Siavonga","District","District",NA,NA
65,255,"ZMB","Zambia",9,"Southern",65,"Sinazongwe","District","District",NA,NA
66,255,"ZMB","Zambia",10,"Western",66,"Kalabo","District","District",NA,NA
67,255,"ZMB","Zambia",10,"Western",67,"Kaoma","District","District",NA,NA
68,255,"ZMB","Zambia",10,"Western",68,"Lukulu","District","District",NA,NA
69,255,"ZMB","Zambia",10,"Western",69,"Mongu","District","District",NA,NA
70,255,"ZMB","Zambia",10,"Western",70,"Senanga","District","District",NA,NA
71,255,"ZMB","Zambia",10,"Western",71,"Sesheke","District","District",NA,NA
72,255,"ZMB","Zambia",10,"Western",72,"Shangombo","District","District",NA,NA
