"OBJECTID","ID_0","ISO","NAME_0","ID_1","NAME_1","TYPE_1","ENGTYPE_1","NL_NAME_1","VARNAME_1"
1,219,"SUR","Suriname",1,"Brokopondo","Distrikt","District",NA,NA
2,219,"SUR","Suriname",2,"Commewijne","Distrikt","District",NA,NA
3,219,"SUR","Suriname",3,"Coronie","Distrikt","District",NA,NA
4,219,"SUR","Suriname",4,"Marowijne","Distrikt","District",NA,NA
5,219,"SUR","Suriname",5,"Nickerie","Distrikt","District",NA,NA
6,219,"SUR","Suriname",6,"Para","Distrikt","District",NA,NA
7,219,"SUR","Suriname",7,"Paramaribo","Distrikt","District",NA,NA
8,219,"SUR","Suriname",8,"Saramacca","Distrikt","District",NA,NA
9,219,"SUR","Suriname",9,"Sipaliwini","Distrikt","District",NA,NA
10,219,"SUR","Suriname",10,"Wanica","Distrikt","District",NA,NA
