"OBJECTID","ID_0","ISO","NAME_0","ID_1","NAME_1","ID_2","NAME_2","TYPE_2","ENGTYPE_2","NL_NAME_2","VARNAME_2"
1,219,"SUR","Suriname",1,"Brokopondo",1,"Brownsweg","Ressort","Ressort",NA,NA
2,219,"SUR","Suriname",1,"Brokopondo",2,"Centrum","Ressort","Ressort",NA,NA
3,219,"SUR","Suriname",1,"Brokopondo",3,"Klaaskreek","Ressort","Ressort",NA,NA
4,219,"SUR","Suriname",1,"Brokopondo",4,"Kwakoegron","Ressort","Ressort",NA,NA
5,219,"SUR","Suriname",1,"Brokopondo",5,"Marechalskreek","Ressort","Ressort",NA,"Marshallkreek"
6,219,"SUR","Suriname",1,"Brokopondo",6,"Sarakreek","Ressort","Ressort",NA,NA
7,219,"SUR","Suriname",2,"Commewijne",7,"Alkmaar","Ressort","Ressort",NA,NA
8,219,"SUR","Suriname",2,"Commewijne",8,"Bakki","Ressort","Ressort",NA,"Bakkie"
9,219,"SUR","Suriname",2,"Commewijne",9,"Margaretha","Ressort","Ressort",NA,NA
10,219,"SUR","Suriname",2,"Commewijne",10,"Meerzorg","Ressort","Ressort",NA,NA
11,219,"SUR","Suriname",2,"Commewijne",11,"Nw. Amsterdam","Ressort","Ressort",NA,"Nieuw Amsterdam"
12,219,"SUR","Suriname",2,"Commewijne",12,"Tamanredjo","Ressort","Ressort",NA,NA
13,219,"SUR","Suriname",3,"Coronie",13,"Johanna Maria","Ressort","Ressort",NA,NA
14,219,"SUR","Suriname",3,"Coronie",14,"Totness","Ressort","Ressort",NA,NA
15,219,"SUR","Suriname",3,"Coronie",15,"Welgelegen","Ressort","Ressort",NA,NA
16,219,"SUR","Suriname",4,"Marowijne",16,"Albina","Ressort","Ressort",NA,NA
17,219,"SUR","Suriname",4,"Marowijne",17,"Galibi","Ressort","Ressort",NA,NA
18,219,"SUR","Suriname",4,"Marowijne",18,"Moengo","Ressort","Ressort",NA,NA
19,219,"SUR","Suriname",4,"Marowijne",19,"Moengotapoe","Ressort","Ressort",NA,NA
20,219,"SUR","Suriname",4,"Marowijne",20,"Patamacca","Ressort","Ressort",NA,NA
21,219,"SUR","Suriname",4,"Marowijne",21,"Wanhatti","Ressort","Ressort",NA,NA
22,219,"SUR","Suriname",5,"Nickerie",22,"Groot Henar","Ressort","Ressort",NA,NA
23,219,"SUR","Suriname",5,"Nickerie",23,"Nw . Nickerie","Ressort","Ressort",NA,"Nieuw Nickerie"
24,219,"SUR","Suriname",5,"Nickerie",24,"Oostelijke Polders","Ressort","Ressort",NA,NA
25,219,"SUR","Suriname",5,"Nickerie",25,"Wageningen","Ressort","Ressort",NA,NA
26,219,"SUR","Suriname",5,"Nickerie",26,"Westelijke Polders","Ressort","Ressort",NA,NA
27,219,"SUR","Suriname",6,"Para",27,"Bigi Poika","Ressort","Ressort",NA,NA
28,219,"SUR","Suriname",6,"Para",28,"Carolina","Ressort","Ressort",NA,NA
29,219,"SUR","Suriname",6,"Para",29,"Noord","Ressort","Ressort",NA,NA
30,219,"SUR","Suriname",6,"Para",30,"Oost","Ressort","Ressort",NA,NA
31,219,"SUR","Suriname",6,"Para",31,"Zuid","Ressort","Ressort",NA,NA
32,219,"SUR","Suriname",7,"Paramaribo",32,"Beekhuizen","Ressort","Ressort",NA,NA
33,219,"SUR","Suriname",7,"Paramaribo",33,"Blauwgrond","Ressort","Ressort",NA,NA
34,219,"SUR","Suriname",7,"Paramaribo",34,"Centrum","Ressort","Ressort",NA,NA
35,219,"SUR","Suriname",7,"Paramaribo",35,"Flora","Ressort","Ressort",NA,NA
36,219,"SUR","Suriname",7,"Paramaribo",36,"Latour","Ressort","Ressort",NA,NA
37,219,"SUR","Suriname",7,"Paramaribo",37,"Livorno","Ressort","Ressort",NA,NA
38,219,"SUR","Suriname",7,"Paramaribo",38,"Munder","Ressort","Ressort",NA,NA
39,219,"SUR","Suriname",7,"Paramaribo",39,"Pontbuiten","Ressort","Ressort",NA,NA
40,219,"SUR","Suriname",7,"Paramaribo",40,"Rainville","Ressort","Ressort",NA,NA
41,219,"SUR","Suriname",7,"Paramaribo",41,"Tammenga","Ressort","Ressort",NA,NA
42,219,"SUR","Suriname",7,"Paramaribo",42,"Weg Naar Zee","Ressort","Ressort",NA,"Weg Naar See"
43,219,"SUR","Suriname",7,"Paramaribo",43,"Welgelegen","Ressort","Ressort",NA,NA
44,219,"SUR","Suriname",8,"Saramacca",44,"Calcutta","Ressort","Ressort",NA,NA
45,219,"SUR","Suriname",8,"Saramacca",45,"Groningen","Ressort","Ressort",NA,NA
46,219,"SUR","Suriname",8,"Saramacca",46,"Jarikaba","Ressort","Ressort",NA,NA
47,219,"SUR","Suriname",8,"Saramacca",47,"Kampong Baroe","Ressort","Ressort",NA,NA
48,219,"SUR","Suriname",8,"Saramacca",48,"Tijgerkreek","Ressort","Ressort",NA,NA
49,219,"SUR","Suriname",8,"Saramacca",49,"Wayambo Weg","Ressort","Ressort",NA,"Wayamboweg"
50,219,"SUR","Suriname",9,"Sipaliwini",50,"Boven Suriname","Ressort","Ressort",NA,NA
51,219,"SUR","Suriname",9,"Sipaliwini",51,"Bven Saramacca","Ressort","Ressort",NA,"Boven Saramacca"
52,219,"SUR","Suriname",9,"Sipaliwini",52,"Coeroeni","Ressort","Ressort",NA,NA
53,219,"SUR","Suriname",9,"Sipaliwini",53,"Coppename","Ressort","Ressort",NA,"Boven Coppename"
54,219,"SUR","Suriname",9,"Sipaliwini",54,"Kabalebo","Ressort","Ressort",NA,NA
55,219,"SUR","Suriname",9,"Sipaliwini",55,"Tapanahony","Ressort","Ressort",NA,NA
56,219,"SUR","Suriname",10,"Wanica",56,"De Nieuwe Grond","Ressort","Ressort",NA,NA
57,219,"SUR","Suriname",10,"Wanica",57,"Domburg","Ressort","Ressort",NA,NA
58,219,"SUR","Suriname",10,"Wanica",58,"Houttuin","Ressort","Ressort",NA,NA
59,219,"SUR","Suriname",10,"Wanica",59,"Koewarasan","Ressort","Ressort",NA,NA
60,219,"SUR","Suriname",10,"Wanica",60,"Kwatta","Ressort","Ressort",NA,NA
61,219,"SUR","Suriname",10,"Wanica",61,"Lelydorp","Ressort","Ressort",NA,NA
62,219,"SUR","Suriname",10,"Wanica",62,"Saramaccapolder","Ressort","Ressort",NA,"Saramacca Polder"
