"OBJECTID","ID_0","ISO","NAME_0","ID_1","NAME_1","TYPE_1","ENGTYPE_1","NL_NAME_1","VARNAME_1"
1,13,"ARM","Armenia",1,"Aragatsotn","Marz","Province","<U+0531><U+0580><U+0561><U+0563><U+0561><U+056E><U+0578><U+057F><U+0576>|<U+0410><U+0440><U+0430><U+0433><U+0430><U+0446><U+043E><U+0442><U+043D>","Aragacot'n"
2,13,"ARM","Armenia",2,"Ararat","Marz","Province","<U+0531><U+0580><U+0561><U+0580><U+0561><U+057F>|<U+0410><U+0440><U+0430><U+0440><U+0430><U+0442>",NA
3,13,"ARM","Armenia",3,"Armavir","Marz","Province","<U+0531><U+0580><U+0574><U+0561><U+057E><U+056B><U+0580>|<U+0410><U+0440><U+043C><U+0430><U+0432><U+0438><U+0440>",NA
4,13,"ARM","Armenia",4,"Erevan","Kaghak","City","<U+0535><U+0580><U+0587><U+0561><U+0576>|<U+0415><U+0440><U+0435><U+0432><U+0430><U+043D>","Yerevan"
5,13,"ARM","Armenia",5,"Gegharkunik","Marz","Province","<U+0533><U+0565><U+0572><U+0561><U+0580><U+0584><U+0578><U+0582><U+0576><U+056B><U+0584>|<U+0413><U+0435><U+0433><U+0430><U+0440><U+043A><U+0443><U+043D><U+0438><U+043A>","Gelark'unik'"
6,13,"ARM","Armenia",6,"Kotayk","Marz","Province","<U+053F><U+0578><U+057F><U+0561><U+0575><U+0584>|<U+041A><U+043E><U+0442><U+0430><U+0439><U+043A>","Kotaik|Kotayk'"
7,13,"ARM","Armenia",7,"Lori","Marz","Province","<U+053C><U+0578><U+057C><U+056B>|<U+041B><U+043E><U+0440><U+0438>","Lo<U+1E59>i"
8,13,"ARM","Armenia",8,"Shirak","Marz","Province","<U+0547><U+056B><U+0580><U+0561><U+056F>|<U+0428><U+0438><U+0440><U+0430><U+043A>","Širak"
9,13,"ARM","Armenia",9,"Syunik","Marz","Province","<U+054D><U+0575><U+0578><U+0582><U+0576><U+056B><U+0584>|<U+0421><U+044E><U+043D><U+0438><U+043A>","Syunik'"
10,13,"ARM","Armenia",10,"Tavush","Marz","Province","<U+054F><U+0561><U+057E><U+0578><U+0582><U+0577>|<U+0422><U+0430><U+0432><U+0443><U+0448>","Tavuš"
11,13,"ARM","Armenia",11,"Vayots Dzor","Marz","Province","<U+054E><U+0561><U+0575><U+0578><U+0581> <U+0541><U+0578><U+0580>|<U+0412><U+0430><U+0439><U+043E><U+0446> <U+0414><U+0437><U+043E><U+0440>","Vayoc'Jor"
