"OBJECTID","ID_0","ISO","NAME_0","ID_1","NAME_1","TYPE_1","ENGTYPE_1","NL_NAME_1","VARNAME_1"
1,91,"GRD","Grenada",1,"Carriacou","Dependency","Dependency",NA,NA
2,91,"GRD","Grenada",2,"Saint Andrew","Parish","Parish",NA,NA
3,91,"GRD","Grenada",3,"Saint David","Parish","Parish",NA,NA
4,91,"GRD","Grenada",4,"Saint George","Parish","Parish",NA,"Saint George's"
5,91,"GRD","Grenada",5,"Saint John","Parish","Parish",NA,NA
6,91,"GRD","Grenada",6,"Saint Mark","Parish","Parish",NA,NA
7,91,"GRD","Grenada",7,"Saint Patrick","Parish","Parish",NA,NA
