"OBJECTID","ID_0","ISO","NAME_0","ID_1","NAME_1","TYPE_1","ENGTYPE_1","NL_NAME_1","VARNAME_1"
1,67,"DMA","Dominica",1,"Saint Andrew","Parish","Parish",NA,NA
2,67,"DMA","Dominica",2,"Saint David","Parish","Parish",NA,NA
3,67,"DMA","Dominica",3,"Saint George","Parish","Parish",NA,NA
4,67,"DMA","Dominica",4,"Saint John","Parish","Parish",NA,NA
5,67,"DMA","Dominica",5,"Saint Joseph","Parish","Parish",NA,NA
6,67,"DMA","Dominica",6,"Saint Luke","Parish","Parish",NA,NA
7,67,"DMA","Dominica",7,"Saint Mark","Parish","Parish",NA,NA
8,67,"DMA","Dominica",8,"Saint Patrick","Parish","Parish",NA,NA
9,67,"DMA","Dominica",9,"Saint Paul","Parish","Parish",NA,NA
10,67,"DMA","Dominica",10,"Saint Peter","Parish","Parish",NA,NA
