"OBJECTID","ID_0","ISO","NAME_0","ID_1","NAME_1","TYPE_1","ENGTYPE_1","NL_NAME_1","VARNAME_1"
1,177,"PRY","Paraguay",1,"Ñeembucú","Departamento","Department",NA,NA
2,177,"PRY","Paraguay",2,"Alto Paraguay","Departamento","Department",NA,NA
3,177,"PRY","Paraguay",3,"Alto Paraná","Departamento","Department",NA,NA
4,177,"PRY","Paraguay",4,"Amambay","Departamento","Department",NA,NA
5,177,"PRY","Paraguay",5,"Asunción","Distrito Capital","Capital District",NA,NA
6,177,"PRY","Paraguay",6,"Boquerón","Departamento","Department",NA,NA
7,177,"PRY","Paraguay",7,"Caaguazú","Departamento","Department",NA,NA
8,177,"PRY","Paraguay",8,"Caazapá","Departamento","Department",NA,NA
9,177,"PRY","Paraguay",9,"Canindeyú","Departamento","Department",NA,NA
10,177,"PRY","Paraguay",10,"Central","Departamento","Department",NA,NA
11,177,"PRY","Paraguay",11,"Concepción","Departamento","Department",NA,NA
12,177,"PRY","Paraguay",12,"Cordillera","Departamento","Department",NA,NA
13,177,"PRY","Paraguay",13,"Guairá","Departamento","Department",NA,NA
14,177,"PRY","Paraguay",14,"Itapúa","Departamento","Department",NA,NA
15,177,"PRY","Paraguay",15,"Misiones","Departamento","Department",NA,NA
16,177,"PRY","Paraguay",16,"Paraguarí","Departamento","Department",NA,NA
17,177,"PRY","Paraguay",17,"Presidente Hayes","Departamento","Department",NA,NA
18,177,"PRY","Paraguay",18,"San Pedro","Departamento","Department",NA,NA
