"OBJECTID","ID_0","ISO","NAME_0","ID_1","NAME_1","ID_2","NAME_2","ID_3","NAME_3","TYPE_3","ENGTYPE_3","NL_NAME_3","VARNAME_3"
1,57,"CIV","Côte d'Ivoire",1,"Agnéby",1,"Adzopé",1,"Adzope","Sous-préfecture","Sub-prefecture",NA,NA
2,57,"CIV","Côte d'Ivoire",1,"Agnéby",1,"Adzopé",2,"Affery","Sous-préfecture","Sub-prefecture",NA,NA
3,57,"CIV","Côte d'Ivoire",1,"Agnéby",1,"Adzopé",3,"Agou","Sous-préfecture","Sub-prefecture",NA,NA
4,57,"CIV","Côte d'Ivoire",1,"Agnéby",1,"Adzopé",4,"Akoupe","Sous-préfecture","Sub-prefecture",NA,NA
5,57,"CIV","Côte d'Ivoire",1,"Agnéby",1,"Adzopé",5,"Yakasse-Attobrou","Sous-préfecture","Sub-prefecture",NA,NA
6,57,"CIV","Côte d'Ivoire",1,"Agnéby",2,"Agboville",6,"Agboville","Sous-préfecture","Sub-prefecture",NA,NA
7,57,"CIV","Côte d'Ivoire",1,"Agnéby",2,"Agboville",7,"Azaguie","Sous-préfecture","Sub-prefecture",NA,NA
8,57,"CIV","Côte d'Ivoire",1,"Agnéby",2,"Agboville",8,"Rubino","Sous-préfecture","Sub-prefecture",NA,NA
9,57,"CIV","Côte d'Ivoire",2,"Bafing",3,"Touba",9,"Booko","Sous-préfecture","Sub-prefecture",NA,NA
10,57,"CIV","Côte d'Ivoire",2,"Bafing",3,"Touba",10,"Borotou","Sous-préfecture","Sub-prefecture",NA,NA
11,57,"CIV","Côte d'Ivoire",2,"Bafing",3,"Touba",11,"Guinteguela","Sous-préfecture","Sub-prefecture",NA,NA
12,57,"CIV","Côte d'Ivoire",2,"Bafing",3,"Touba",12,"Koonan","Sous-préfecture","Sub-prefecture",NA,NA
13,57,"CIV","Côte d'Ivoire",2,"Bafing",3,"Touba",13,"Koro","Sous-préfecture","Sub-prefecture",NA,NA
14,57,"CIV","Côte d'Ivoire",2,"Bafing",3,"Touba",14,"Ouaninou","Sous-préfecture","Sub-prefecture",NA,NA
15,57,"CIV","Côte d'Ivoire",2,"Bafing",3,"Touba",15,"Touba","Sous-préfecture","Sub-prefecture",NA,NA
16,57,"CIV","Côte d'Ivoire",3,"Bas-Sassandra",4,"San-Pédro",16,"Grand-Bereby","Sous-préfecture","Sub-prefecture",NA,NA
17,57,"CIV","Côte d'Ivoire",3,"Bas-Sassandra",4,"San-Pédro",17,"San-Pedro","Sous-préfecture","Sub-prefecture",NA,NA
18,57,"CIV","Côte d'Ivoire",3,"Bas-Sassandra",5,"Sassandra",18,"Gueyo","Sous-préfecture","Sub-prefecture",NA,NA
19,57,"CIV","Côte d'Ivoire",3,"Bas-Sassandra",5,"Sassandra",19,"Sassandra","Sous-préfecture","Sub-prefecture",NA,NA
20,57,"CIV","Côte d'Ivoire",3,"Bas-Sassandra",6,"Soubré",20,"Buyo","Sous-préfecture","Sub-prefecture",NA,NA
21,57,"CIV","Côte d'Ivoire",3,"Bas-Sassandra",6,"Soubré",21,"Grand-Zattry","Sous-préfecture","Sub-prefecture",NA,NA
22,57,"CIV","Côte d'Ivoire",3,"Bas-Sassandra",6,"Soubré",22,"Meagui (Gnamangui)","Sous-préfecture","Sub-prefecture",NA,NA
23,57,"CIV","Côte d'Ivoire",3,"Bas-Sassandra",6,"Soubré",23,"Soubre","Sous-préfecture","Sub-prefecture",NA,NA
24,57,"CIV","Côte d'Ivoire",3,"Bas-Sassandra",7,"Tabou",24,"Grabo","Sous-préfecture","Sub-prefecture",NA,NA
25,57,"CIV","Côte d'Ivoire",3,"Bas-Sassandra",7,"Tabou",25,"Tabou","Sous-préfecture","Sub-prefecture",NA,NA
26,57,"CIV","Côte d'Ivoire",4,"Denguélé",8,"Odienné",26,"Bako","Sous-préfecture","Sub-prefecture",NA,NA
27,57,"CIV","Côte d'Ivoire",4,"Denguélé",8,"Odienné",27,"Dioulatiedougou","Sous-préfecture","Sub-prefecture",NA,NA
28,57,"CIV","Côte d'Ivoire",4,"Denguélé",8,"Odienné",28,"Goulia","Sous-préfecture","Sub-prefecture",NA,NA
29,57,"CIV","Côte d'Ivoire",4,"Denguélé",8,"Odienné",29,"Kaniasso","Sous-préfecture","Sub-prefecture",NA,NA
30,57,"CIV","Côte d'Ivoire",4,"Denguélé",8,"Odienné",30,"Madinani","Sous-préfecture","Sub-prefecture",NA,NA
31,57,"CIV","Côte d'Ivoire",4,"Denguélé",8,"Odienné",31,"Minignan","Sous-préfecture","Sub-prefecture",NA,NA
32,57,"CIV","Côte d'Ivoire",4,"Denguélé",8,"Odienné",32,"Odienne","Sous-préfecture","Sub-prefecture",NA,NA
33,57,"CIV","Côte d'Ivoire",4,"Denguélé",8,"Odienné",33,"Samatiguila","Sous-préfecture","Sub-prefecture",NA,NA
34,57,"CIV","Côte d'Ivoire",4,"Denguélé",8,"Odienné",34,"Seguelon","Sous-préfecture","Sub-prefecture",NA,NA
35,57,"CIV","Côte d'Ivoire",4,"Denguélé",8,"Odienné",35,"Seydougou","Sous-préfecture","Sub-prefecture",NA,NA
36,57,"CIV","Côte d'Ivoire",4,"Denguélé",8,"Odienné",36,"Tieme","Sous-préfecture","Sub-prefecture",NA,NA
37,57,"CIV","Côte d'Ivoire",4,"Denguélé",8,"Odienné",37,"Tienko","Sous-préfecture","Sub-prefecture",NA,NA
38,57,"CIV","Côte d'Ivoire",5,"Dix-Huit Montagnes",9,"Bangolo",38,"Bangolo","Sous-préfecture","Sub-prefecture",NA,NA
39,57,"CIV","Côte d'Ivoire",5,"Dix-Huit Montagnes",10,"Biankouma",39,"Biankouma","Sous-préfecture","Sub-prefecture",NA,NA
40,57,"CIV","Côte d'Ivoire",5,"Dix-Huit Montagnes",10,"Biankouma",40,"Gbonne","Sous-préfecture","Sub-prefecture",NA,NA
41,57,"CIV","Côte d'Ivoire",5,"Dix-Huit Montagnes",10,"Biankouma",41,"Sipilou","Sous-préfecture","Sub-prefecture",NA,NA
42,57,"CIV","Côte d'Ivoire",5,"Dix-Huit Montagnes",11,"Danané",42,"Bin-Houye","Sous-préfecture","Sub-prefecture",NA,NA
43,57,"CIV","Côte d'Ivoire",5,"Dix-Huit Montagnes",11,"Danané",43,"Danane","Sous-préfecture","Sub-prefecture",NA,NA
44,57,"CIV","Côte d'Ivoire",5,"Dix-Huit Montagnes",11,"Danané",44,"Zouan-Hounien","Sous-préfecture","Sub-prefecture",NA,NA
45,57,"CIV","Côte d'Ivoire",5,"Dix-Huit Montagnes",12,"Man",45,"Facobly","Sous-préfecture","Sub-prefecture",NA,NA
46,57,"CIV","Côte d'Ivoire",5,"Dix-Huit Montagnes",12,"Man",46,"Kouibly","Sous-préfecture","Sub-prefecture",NA,NA
47,57,"CIV","Côte d'Ivoire",5,"Dix-Huit Montagnes",12,"Man",47,"Logouale","Sous-préfecture","Sub-prefecture",NA,NA
48,57,"CIV","Côte d'Ivoire",5,"Dix-Huit Montagnes",12,"Man",48,"Man","Sous-préfecture","Sub-prefecture",NA,NA
49,57,"CIV","Côte d'Ivoire",5,"Dix-Huit Montagnes",12,"Man",49,"Sangouine","Sous-préfecture","Sub-prefecture",NA,NA
50,57,"CIV","Côte d'Ivoire",6,"Fromager",13,"Gagnoa",50,"Gagnoa","Sous-préfecture","Sub-prefecture",NA,NA
51,57,"CIV","Côte d'Ivoire",6,"Fromager",13,"Gagnoa",51,"Guiberoua","Sous-préfecture","Sub-prefecture",NA,NA
52,57,"CIV","Côte d'Ivoire",6,"Fromager",13,"Gagnoa",52,"Ouragahio","Sous-préfecture","Sub-prefecture",NA,NA
53,57,"CIV","Côte d'Ivoire",6,"Fromager",14,"Oumé",53,"Diegonefla","Sous-préfecture","Sub-prefecture",NA,NA
54,57,"CIV","Côte d'Ivoire",6,"Fromager",14,"Oumé",54,"Oume","Sous-préfecture","Sub-prefecture",NA,NA
55,57,"CIV","Côte d'Ivoire",7,"Haut-Sassandra",15,"Daloa",55,"Bediala","Sous-préfecture","Sub-prefecture",NA,NA
56,57,"CIV","Côte d'Ivoire",7,"Haut-Sassandra",15,"Daloa",56,"Daloa","Sous-préfecture","Sub-prefecture",NA,NA
57,57,"CIV","Côte d'Ivoire",7,"Haut-Sassandra",15,"Daloa",57,"Gboguhe","Sous-préfecture","Sub-prefecture",NA,NA
58,57,"CIV","Côte d'Ivoire",7,"Haut-Sassandra",15,"Daloa",58,"Zoukougbeu","Sous-préfecture","Sub-prefecture",NA,NA
59,57,"CIV","Côte d'Ivoire",7,"Haut-Sassandra",16,"Issia",59,"Issia","Sous-préfecture","Sub-prefecture",NA,NA
60,57,"CIV","Côte d'Ivoire",7,"Haut-Sassandra",16,"Issia",60,"Saioua","Sous-préfecture","Sub-prefecture",NA,NA
61,57,"CIV","Côte d'Ivoire",7,"Haut-Sassandra",17,"Vavoua",61,"Vavoua","Sous-préfecture","Sub-prefecture",NA,NA
62,57,"CIV","Côte d'Ivoire",8,"Lacs",18,"Toumodi",62,"Kokoumbo","Sous-préfecture","Sub-prefecture",NA,NA
63,57,"CIV","Côte d'Ivoire",8,"Lacs",18,"Toumodi",63,"Toumodi","Sous-préfecture","Sub-prefecture",NA,NA
64,57,"CIV","Côte d'Ivoire",8,"Lacs",19,"Yamoussoukro",64,"Didievi","Sous-préfecture","Sub-prefecture",NA,NA
65,57,"CIV","Côte d'Ivoire",8,"Lacs",19,"Yamoussoukro",65,"Tie-N'diekro","Sous-préfecture","Sub-prefecture",NA,NA
66,57,"CIV","Côte d'Ivoire",8,"Lacs",19,"Yamoussoukro",66,"Tiebissou","Sous-préfecture","Sub-prefecture",NA,NA
67,57,"CIV","Côte d'Ivoire",8,"Lacs",19,"Yamoussoukro",67,"Yamoussoukro","Sous-préfecture","Sub-prefecture",NA,NA
68,57,"CIV","Côte d'Ivoire",9,"Lagunes",20,"Abidjan",68,"Abidjan-Ville","Sous-préfecture","Sub-prefecture",NA,NA
69,57,"CIV","Côte d'Ivoire",9,"Lagunes",20,"Abidjan",69,"Alepe","Sous-préfecture","Sub-prefecture",NA,NA
70,57,"CIV","Côte d'Ivoire",9,"Lagunes",20,"Abidjan",70,"Anyama","Sous-préfecture","Sub-prefecture",NA,NA
71,57,"CIV","Côte d'Ivoire",9,"Lagunes",20,"Abidjan",71,"Bingerville","Sous-préfecture","Sub-prefecture",NA,NA
72,57,"CIV","Côte d'Ivoire",9,"Lagunes",20,"Abidjan",72,"Bonoua","Sous-préfecture","Sub-prefecture",NA,NA
73,57,"CIV","Côte d'Ivoire",9,"Lagunes",20,"Abidjan",73,"Dabou","Sous-préfecture","Sub-prefecture",NA,NA
74,57,"CIV","Côte d'Ivoire",9,"Lagunes",20,"Abidjan",74,"Grand-Bassam","Sous-préfecture","Sub-prefecture",NA,NA
75,57,"CIV","Côte d'Ivoire",9,"Lagunes",20,"Abidjan",75,"Jacqueville","Sous-préfecture","Sub-prefecture",NA,NA
76,57,"CIV","Côte d'Ivoire",9,"Lagunes",20,"Abidjan",76,"Sikensi","Sous-préfecture","Sub-prefecture",NA,NA
77,57,"CIV","Côte d'Ivoire",9,"Lagunes",20,"Abidjan",77,"Songon","Sous-préfecture","Sub-prefecture",NA,NA
78,57,"CIV","Côte d'Ivoire",9,"Lagunes",21,"Grand-Lahou",78,"Grand-Lahou","Sous-préfecture","Sub-prefecture",NA,NA
79,57,"CIV","Côte d'Ivoire",9,"Lagunes",22,"Tiassalé",79,"Taabo","Sous-préfecture","Sub-prefecture",NA,NA
80,57,"CIV","Côte d'Ivoire",9,"Lagunes",22,"Tiassalé",80,"Tiassale","Sous-préfecture","Sub-prefecture",NA,NA
81,57,"CIV","Côte d'Ivoire",10,"Marahoué",23,"Bouaflé",81,"Bonon","Sous-préfecture","Sub-prefecture",NA,NA
82,57,"CIV","Côte d'Ivoire",10,"Marahoué",23,"Bouaflé",82,"Bouafle","Sous-préfecture","Sub-prefecture",NA,NA
83,57,"CIV","Côte d'Ivoire",10,"Marahoué",24,"Sinfra",83,"Sinfra","Sous-préfecture","Sub-prefecture",NA,NA
84,57,"CIV","Côte d'Ivoire",10,"Marahoué",25,"Zuénoula",84,"Gohitafla","Sous-préfecture","Sub-prefecture",NA,NA
85,57,"CIV","Côte d'Ivoire",10,"Marahoué",25,"Zuénoula",85,"Zuenoula","Sous-préfecture","Sub-prefecture",NA,NA
86,57,"CIV","Côte d'Ivoire",11,"Moyen-Cavally",26,"Duékoué",86,"Duekoue","Sous-préfecture","Sub-prefecture",NA,NA
87,57,"CIV","Côte d'Ivoire",11,"Moyen-Cavally",27,"Guiglo",87,"Blolequin","Sous-préfecture","Sub-prefecture",NA,NA
88,57,"CIV","Côte d'Ivoire",11,"Moyen-Cavally",27,"Guiglo",88,"Guiglo","Sous-préfecture","Sub-prefecture",NA,NA
89,57,"CIV","Côte d'Ivoire",11,"Moyen-Cavally",27,"Guiglo",89,"Tahi","Sous-préfecture","Sub-prefecture",NA,NA
90,57,"CIV","Côte d'Ivoire",11,"Moyen-Cavally",27,"Guiglo",90,"Toulepleu","Sous-préfecture","Sub-prefecture",NA,NA
91,57,"CIV","Côte d'Ivoire",12,"Moyen-Comoé",28,"Abengourou",91,"Abengourou","Sous-préfecture","Sub-prefecture",NA,NA
92,57,"CIV","Côte d'Ivoire",12,"Moyen-Comoé",28,"Abengourou",92,"Bettie","Sous-préfecture","Sub-prefecture",NA,NA
93,57,"CIV","Côte d'Ivoire",12,"Moyen-Comoé",28,"Abengourou",93,"Niable","Sous-préfecture","Sub-prefecture",NA,NA
94,57,"CIV","Côte d'Ivoire",12,"Moyen-Comoé",29,"Agnibilékrou",94,"Agnibilekro","Sous-préfecture","Sub-prefecture",NA,NA
95,57,"CIV","Côte d'Ivoire",13,"N'zi-Comoé",30,"Bongouanou",95,"Arrah","Sous-préfecture","Sub-prefecture",NA,NA
96,57,"CIV","Côte d'Ivoire",13,"N'zi-Comoé",30,"Bongouanou",96,"Bongouanou","Sous-préfecture","Sub-prefecture",NA,NA
97,57,"CIV","Côte d'Ivoire",13,"N'zi-Comoé",30,"Bongouanou",97,"M'batto","Sous-préfecture","Sub-prefecture",NA,NA
98,57,"CIV","Côte d'Ivoire",13,"N'zi-Comoé",30,"Bongouanou",98,"Tiemelekro","Sous-préfecture","Sub-prefecture",NA,NA
99,57,"CIV","Côte d'Ivoire",13,"N'zi-Comoé",31,"Daoukro",99,"Daoukro","Sous-préfecture","Sub-prefecture",NA,NA
100,57,"CIV","Côte d'Ivoire",13,"N'zi-Comoé",31,"Daoukro",100,"Ettrokro","Sous-préfecture","Sub-prefecture",NA,NA
101,57,"CIV","Côte d'Ivoire",13,"N'zi-Comoé",31,"Daoukro",101,"Ouelle","Sous-préfecture","Sub-prefecture",NA,NA
102,57,"CIV","Côte d'Ivoire",13,"N'zi-Comoé",32,"Dimbokro",102,"Bocanda","Sous-préfecture","Sub-prefecture",NA,NA
103,57,"CIV","Côte d'Ivoire",13,"N'zi-Comoé",32,"Dimbokro",103,"Dimbokro","Sous-préfecture","Sub-prefecture",NA,NA
104,57,"CIV","Côte d'Ivoire",13,"N'zi-Comoé",32,"Dimbokro",104,"Kouassikro","Sous-préfecture","Sub-prefecture",NA,NA
105,57,"CIV","Côte d'Ivoire",13,"N'zi-Comoé",33,"Mbahiakro",105,"M'bahiakro","Sous-préfecture","Sub-prefecture",NA,NA
106,57,"CIV","Côte d'Ivoire",13,"N'zi-Comoé",33,"Mbahiakro",106,"Prikro","Sous-préfecture","Sub-prefecture",NA,NA
107,57,"CIV","Côte d'Ivoire",14,"Savanes",34,"Boundiali",107,"Boundiali","Sous-préfecture","Sub-prefecture",NA,NA
108,57,"CIV","Côte d'Ivoire",14,"Savanes",34,"Boundiali",108,"Gbon","Sous-préfecture","Sub-prefecture",NA,NA
109,57,"CIV","Côte d'Ivoire",14,"Savanes",34,"Boundiali",109,"Kassere","Sous-préfecture","Sub-prefecture",NA,NA
110,57,"CIV","Côte d'Ivoire",14,"Savanes",34,"Boundiali",110,"Kolia","Sous-préfecture","Sub-prefecture",NA,NA
111,57,"CIV","Côte d'Ivoire",14,"Savanes",34,"Boundiali",111,"Kouto","Sous-préfecture","Sub-prefecture",NA,NA
112,57,"CIV","Côte d'Ivoire",14,"Savanes",35,"Ferkessédougou",112,"Diawala","Sous-préfecture","Sub-prefecture",NA,NA
113,57,"CIV","Côte d'Ivoire",14,"Savanes",35,"Ferkessédougou",113,"Ferkessedougou","Sous-préfecture","Sub-prefecture",NA,NA
114,57,"CIV","Côte d'Ivoire",14,"Savanes",35,"Ferkessédougou",114,"Kong","Sous-préfecture","Sub-prefecture",NA,NA
115,57,"CIV","Côte d'Ivoire",14,"Savanes",35,"Ferkessédougou",115,"Koumbala","Sous-préfecture","Sub-prefecture",NA,NA
116,57,"CIV","Côte d'Ivoire",14,"Savanes",35,"Ferkessédougou",116,"Nielle","Sous-préfecture","Sub-prefecture",NA,NA
117,57,"CIV","Côte d'Ivoire",14,"Savanes",35,"Ferkessédougou",117,"Ouangolodougou","Sous-préfecture","Sub-prefecture",NA,NA
118,57,"CIV","Côte d'Ivoire",14,"Savanes",36,"Korhogo",118,"Dikodougou","Sous-préfecture","Sub-prefecture",NA,NA
119,57,"CIV","Côte d'Ivoire",14,"Savanes",36,"Korhogo",119,"Guiembe","Sous-préfecture","Sub-prefecture",NA,NA
120,57,"CIV","Côte d'Ivoire",14,"Savanes",36,"Korhogo",120,"Karakoro","Sous-préfecture","Sub-prefecture",NA,NA
121,57,"CIV","Côte d'Ivoire",14,"Savanes",36,"Korhogo",121,"Komborodougou","Sous-préfecture","Sub-prefecture",NA,NA
122,57,"CIV","Côte d'Ivoire",14,"Savanes",36,"Korhogo",122,"Korhogo","Sous-préfecture","Sub-prefecture",NA,NA
123,57,"CIV","Côte d'Ivoire",14,"Savanes",36,"Korhogo",123,"M'bengue","Sous-préfecture","Sub-prefecture",NA,NA
124,57,"CIV","Côte d'Ivoire",14,"Savanes",36,"Korhogo",124,"Napieoledougou","Sous-préfecture","Sub-prefecture",NA,NA
125,57,"CIV","Côte d'Ivoire",14,"Savanes",36,"Korhogo",125,"Niofoin","Sous-préfecture","Sub-prefecture",NA,NA
126,57,"CIV","Côte d'Ivoire",14,"Savanes",36,"Korhogo",126,"Sinematiali","Sous-préfecture","Sub-prefecture",NA,NA
127,57,"CIV","Côte d'Ivoire",14,"Savanes",36,"Korhogo",127,"Sirasso","Sous-préfecture","Sub-prefecture",NA,NA
128,57,"CIV","Côte d'Ivoire",14,"Savanes",36,"Korhogo",128,"Tioroniaradougou","Sous-préfecture","Sub-prefecture",NA,NA
129,57,"CIV","Côte d'Ivoire",14,"Savanes",37,"Tengréla",129,"Kanakono","Sous-préfecture","Sub-prefecture",NA,NA
130,57,"CIV","Côte d'Ivoire",14,"Savanes",37,"Tengréla",130,"Tengrela","Sous-préfecture","Sub-prefecture",NA,NA
131,57,"CIV","Côte d'Ivoire",15,"Sud-Bandama",38,"Divo",131,"Divo","Sous-préfecture","Sub-prefecture",NA,NA
132,57,"CIV","Côte d'Ivoire",15,"Sud-Bandama",38,"Divo",132,"Fresco","Sous-préfecture","Sub-prefecture",NA,NA
133,57,"CIV","Côte d'Ivoire",15,"Sud-Bandama",38,"Divo",133,"Guitry","Sous-préfecture","Sub-prefecture",NA,NA
134,57,"CIV","Côte d'Ivoire",15,"Sud-Bandama",38,"Divo",134,"Hire","Sous-préfecture","Sub-prefecture",NA,NA
135,57,"CIV","Côte d'Ivoire",15,"Sud-Bandama",39,"Lakota",135,"Lakota","Sous-préfecture","Sub-prefecture",NA,NA
136,57,"CIV","Côte d'Ivoire",15,"Sud-Bandama",39,"Lakota",136,"Zikisso","Sous-préfecture","Sub-prefecture",NA,NA
137,57,"CIV","Côte d'Ivoire",16,"Sud-Comoé",40,"Aboisso",137,"Aboisso","Sous-préfecture","Sub-prefecture",NA,NA
138,57,"CIV","Côte d'Ivoire",16,"Sud-Comoé",40,"Aboisso",138,"Adiake","Sous-préfecture","Sub-prefecture",NA,NA
139,57,"CIV","Côte d'Ivoire",16,"Sud-Comoé",40,"Aboisso",139,"Ayame","Sous-préfecture","Sub-prefecture",NA,NA
140,57,"CIV","Côte d'Ivoire",16,"Sud-Comoé",40,"Aboisso",140,"Mafere","Sous-préfecture","Sub-prefecture",NA,NA
141,57,"CIV","Côte d'Ivoire",16,"Sud-Comoé",40,"Aboisso",141,"Tiapoum","Sous-préfecture","Sub-prefecture",NA,NA
142,57,"CIV","Côte d'Ivoire",17,"Vallée du Bandama",41,"Béoumi",142,"Beoumi","Sous-préfecture","Sub-prefecture",NA,NA
143,57,"CIV","Côte d'Ivoire",17,"Vallée du Bandama",41,"Béoumi",143,"Bodokro","Sous-préfecture","Sub-prefecture",NA,NA
144,57,"CIV","Côte d'Ivoire",17,"Vallée du Bandama",42,"Bouaké",144,"Botro","Sous-préfecture","Sub-prefecture",NA,NA
145,57,"CIV","Côte d'Ivoire",17,"Vallée du Bandama",42,"Bouaké",145,"Bouake","Sous-préfecture","Sub-prefecture",NA,NA
146,57,"CIV","Côte d'Ivoire",17,"Vallée du Bandama",42,"Bouaké",146,"Brobo","Sous-préfecture","Sub-prefecture",NA,NA
147,57,"CIV","Côte d'Ivoire",17,"Vallée du Bandama",42,"Bouaké",147,"Diabo","Sous-préfecture","Sub-prefecture",NA,NA
148,57,"CIV","Côte d'Ivoire",17,"Vallée du Bandama",42,"Bouaké",148,"Djebonoua","Sous-préfecture","Sub-prefecture",NA,NA
149,57,"CIV","Côte d'Ivoire",17,"Vallée du Bandama",43,"Dabakala",149,"Bassawa","Sous-préfecture","Sub-prefecture",NA,NA
150,57,"CIV","Côte d'Ivoire",17,"Vallée du Bandama",43,"Dabakala",150,"Bonieredougou","Sous-préfecture","Sub-prefecture",NA,NA
151,57,"CIV","Côte d'Ivoire",17,"Vallée du Bandama",43,"Dabakala",151,"Dabakala","Sous-préfecture","Sub-prefecture",NA,NA
152,57,"CIV","Côte d'Ivoire",17,"Vallée du Bandama",43,"Dabakala",152,"Foumbolo","Sous-préfecture","Sub-prefecture",NA,NA
153,57,"CIV","Côte d'Ivoire",17,"Vallée du Bandama",43,"Dabakala",153,"Santama-Sokoro","Sous-préfecture","Sub-prefecture",NA,NA
154,57,"CIV","Côte d'Ivoire",17,"Vallée du Bandama",43,"Dabakala",154,"Satama-Sokoura","Sous-préfecture","Sub-prefecture",NA,NA
155,57,"CIV","Côte d'Ivoire",17,"Vallée du Bandama",44,"Katiola",155,"Fronan","Sous-préfecture","Sub-prefecture",NA,NA
156,57,"CIV","Côte d'Ivoire",17,"Vallée du Bandama",44,"Katiola",156,"Katiola","Sous-préfecture","Sub-prefecture",NA,NA
157,57,"CIV","Côte d'Ivoire",17,"Vallée du Bandama",44,"Katiola",157,"Niakarmadougou","Sous-préfecture","Sub-prefecture",NA,NA
158,57,"CIV","Côte d'Ivoire",17,"Vallée du Bandama",44,"Katiola",158,"Tafiere","Sous-préfecture","Sub-prefecture",NA,NA
159,57,"CIV","Côte d'Ivoire",17,"Vallée du Bandama",44,"Katiola",159,"Tortiya","Sous-préfecture","Sub-prefecture",NA,NA
160,57,"CIV","Côte d'Ivoire",17,"Vallée du Bandama",45,"Sakassou",160,"Sakassou","Sous-préfecture","Sub-prefecture",NA,NA
161,57,"CIV","Côte d'Ivoire",18,"Worodougou",46,"Mankono",161,"Dianra","Sous-préfecture","Sub-prefecture",NA,NA
162,57,"CIV","Côte d'Ivoire",18,"Worodougou",46,"Mankono",162,"Kongasso","Sous-préfecture","Sub-prefecture",NA,NA
163,57,"CIV","Côte d'Ivoire",18,"Worodougou",46,"Mankono",163,"Kounahiri","Sous-préfecture","Sub-prefecture",NA,NA
164,57,"CIV","Côte d'Ivoire",18,"Worodougou",46,"Mankono",164,"Mankono","Sous-préfecture","Sub-prefecture",NA,NA
165,57,"CIV","Côte d'Ivoire",18,"Worodougou",46,"Mankono",165,"Sarhala","Sous-préfecture","Sub-prefecture",NA,NA
166,57,"CIV","Côte d'Ivoire",18,"Worodougou",46,"Mankono",166,"Tieningboue","Sous-préfecture","Sub-prefecture",NA,NA
167,57,"CIV","Côte d'Ivoire",18,"Worodougou",47,"Séguéla",167,"Djibrosso","Sous-préfecture","Sub-prefecture",NA,NA
168,57,"CIV","Côte d'Ivoire",18,"Worodougou",47,"Séguéla",168,"Dualla","Sous-préfecture","Sub-prefecture",NA,NA
169,57,"CIV","Côte d'Ivoire",18,"Worodougou",47,"Séguéla",169,"Kani","Sous-préfecture","Sub-prefecture",NA,NA
170,57,"CIV","Côte d'Ivoire",18,"Worodougou",47,"Séguéla",170,"Massala","Sous-préfecture","Sub-prefecture",NA,NA
171,57,"CIV","Côte d'Ivoire",18,"Worodougou",47,"Séguéla",171,"Morondo","Sous-préfecture","Sub-prefecture",NA,NA
172,57,"CIV","Côte d'Ivoire",18,"Worodougou",47,"Séguéla",172,"Seguela","Sous-préfecture","Sub-prefecture",NA,NA
173,57,"CIV","Côte d'Ivoire",18,"Worodougou",47,"Séguéla",173,"Sifie","Sous-préfecture","Sub-prefecture",NA,NA
174,57,"CIV","Côte d'Ivoire",18,"Worodougou",47,"Séguéla",174,"Worofla","Sous-préfecture","Sub-prefecture",NA,NA
175,57,"CIV","Côte d'Ivoire",19,"Zanzan",48,"Bondoukou",175,"Bondoukou","Sous-préfecture","Sub-prefecture",NA,NA
176,57,"CIV","Côte d'Ivoire",19,"Zanzan",48,"Bondoukou",176,"Sandegue","Sous-préfecture","Sub-prefecture",NA,NA
177,57,"CIV","Côte d'Ivoire",19,"Zanzan",49,"Bouna",177,"Bouna","Sous-préfecture","Sub-prefecture",NA,NA
178,57,"CIV","Côte d'Ivoire",19,"Zanzan",49,"Bouna",178,"Dropo","Sous-préfecture","Sub-prefecture",NA,NA
179,57,"CIV","Côte d'Ivoire",19,"Zanzan",49,"Bouna",179,"Nassian","Sous-préfecture","Sub-prefecture",NA,NA
180,57,"CIV","Côte d'Ivoire",19,"Zanzan",49,"Bouna",180,"Tehini","Sous-préfecture","Sub-prefecture",NA,NA
181,57,"CIV","Côte d'Ivoire",19,"Zanzan",50,"Tanda",181,"Assuefry","Sous-préfecture","Sub-prefecture",NA,NA
182,57,"CIV","Côte d'Ivoire",19,"Zanzan",50,"Tanda",182,"Kouassi-Datekro","Sous-préfecture","Sub-prefecture",NA,NA
183,57,"CIV","Côte d'Ivoire",19,"Zanzan",50,"Tanda",183,"Koun-Fao","Sous-préfecture","Sub-prefecture",NA,NA
184,57,"CIV","Côte d'Ivoire",19,"Zanzan",50,"Tanda",184,"Tanda","Sous-préfecture","Sub-prefecture",NA,NA
185,57,"CIV","Côte d'Ivoire",19,"Zanzan",50,"Tanda",185,"Transua","Sous-préfecture","Sub-prefecture",NA,NA
