"OBJECTID","ID_0","ISO","NAME_0","ID_1","NAME_1","ID_2","NAME_2","TYPE_2","ENGTYPE_2","NL_NAME_2","VARNAME_2"
1,185,"COG","Republic of Congo",1,"Bouenza",1,"Boko-Songho","District","District",NA,NA
2,185,"COG","Republic of Congo",1,"Bouenza",2,"Loudima","District","District",NA,NA
3,185,"COG","Republic of Congo",1,"Bouenza",3,"Madingou","District","District",NA,NA
4,185,"COG","Republic of Congo",1,"Bouenza",4,"Mfouati","District","District",NA,NA
5,185,"COG","Republic of Congo",1,"Bouenza",5,"Mouyondzi","District","District",NA,NA
6,185,"COG","Republic of Congo",1,"Bouenza",6,"Nkayi District","District","District",NA,NA
7,185,"COG","Republic of Congo",2,"Brazzaville",7,"Brazzaville","District","District",NA,NA
8,185,"COG","Republic of Congo",3,"Cuvette-Ouest",8,"Ewo","District","District",NA,NA
9,185,"COG","Republic of Congo",3,"Cuvette-Ouest",9,"Kéllé","District","District",NA,NA
10,185,"COG","Republic of Congo",3,"Cuvette-Ouest",10,"Mbomo","District","District",NA,NA
11,185,"COG","Republic of Congo",4,"Cuvette",11,"Boundji","District","District",NA,NA
12,185,"COG","Republic of Congo",4,"Cuvette",12,"Loukoléla","District","District",NA,"Loukela"
13,185,"COG","Republic of Congo",4,"Cuvette",13,"Makoua","District","District",NA,NA
14,185,"COG","Republic of Congo",4,"Cuvette",14,"Mossaka","District","District",NA,NA
15,185,"COG","Republic of Congo",4,"Cuvette",15,"Okoyo","District","District",NA,NA
16,185,"COG","Republic of Congo",4,"Cuvette",16,"Owando","District","District",NA,NA
17,185,"COG","Republic of Congo",5,"Kouilou",17,"Kakamoeka","District","District",NA,NA
18,185,"COG","Republic of Congo",5,"Kouilou",18,"Loandjili","District","District",NA,"Pointe Noire"
19,185,"COG","Republic of Congo",5,"Kouilou",19,"Madingo-Kayes","District","District",NA,NA
20,185,"COG","Republic of Congo",5,"Kouilou",20,"Mvouti","District","District",NA,NA
21,185,"COG","Republic of Congo",6,"Lékoumou",21,"Bambama","District","District",NA,NA
22,185,"COG","Republic of Congo",6,"Lékoumou",22,"Komono","District","District",NA,NA
23,185,"COG","Republic of Congo",6,"Lékoumou",23,"Sibiti","District","District",NA,NA
24,185,"COG","Republic of Congo",6,"Lékoumou",24,"Zanaga","District","District",NA,NA
25,185,"COG","Republic of Congo",7,"Likouala",25,"Dongou","District","District",NA,NA
26,185,"COG","Republic of Congo",7,"Likouala",26,"Epéna","District","District",NA,NA
27,185,"COG","Republic of Congo",7,"Likouala",27,"Impfondo","District","District",NA,NA
28,185,"COG","Republic of Congo",8,"Niari",28,"Divénié","District","District",NA,"Divnie"
29,185,"COG","Republic of Congo",8,"Niari",29,"Kibangou","District","District",NA,NA
30,185,"COG","Republic of Congo",8,"Niari",30,"Kimongo","District","District",NA,NA
31,185,"COG","Republic of Congo",8,"Niari",31,"Louvakou (Loubomo)","District","District",NA,"Louvakou"
32,185,"COG","Republic of Congo",8,"Niari",32,"Mayoko","District","District",NA,NA
33,185,"COG","Republic of Congo",8,"Niari",33,"Mossendjo","District","District",NA,NA
34,185,"COG","Republic of Congo",9,"Plateaux",34,"Abala","District","District",NA,NA
35,185,"COG","Republic of Congo",9,"Plateaux",35,"Djambala","District","District",NA,NA
36,185,"COG","Republic of Congo",9,"Plateaux",36,"Gamboma","District","District",NA,NA
37,185,"COG","Republic of Congo",9,"Plateaux",37,"Lékana","District","District",NA,NA
38,185,"COG","Republic of Congo",10,"Pointe Noire",38,"Pointe Noire","District","District",NA,NA
39,185,"COG","Republic of Congo",11,"Pool",39,"Boko","District","District",NA,NA
40,185,"COG","Republic of Congo",11,"Pool",40,"Kindamba","District","District",NA,NA
41,185,"COG","Republic of Congo",11,"Pool",41,"Kinkala","District","District",NA,NA
42,185,"COG","Republic of Congo",11,"Pool",42,"Mayama","District","District",NA,NA
43,185,"COG","Republic of Congo",11,"Pool",43,"Mindouli","District","District",NA,NA
44,185,"COG","Republic of Congo",11,"Pool",44,"Ngabé","District","District",NA,NA
45,185,"COG","Republic of Congo",11,"Pool",45,"Ngamaba","District","District",NA,"Brazzaville"
46,185,"COG","Republic of Congo",12,"Sangha",46,"Ouesso","District","District",NA,NA
47,185,"COG","Republic of Congo",12,"Sangha",47,"Sembé","District","District",NA,NA
48,185,"COG","Republic of Congo",12,"Sangha",48,"Souanké","District","District",NA,NA
