"OBJECTID","ID_0","ISO","NAME_0","ID_1","NAME_1","TYPE_1","ENGTYPE_1","NL_NAME_1","VARNAME_1"
1,18,"BHS","Bahamas",1,"Acklins","District","District",NA,NA
2,18,"BHS","Bahamas",2,"Berry Islands","District","District",NA,NA
3,18,"BHS","Bahamas",3,"Biminis","District","District",NA,"Bimini"
4,18,"BHS","Bahamas",4,"Black Point","District","District",NA,NA
5,18,"BHS","Bahamas",5,"Cat Island","District","District",NA,"Ilha do Gato|Isla del Gato"
6,18,"BHS","Bahamas",6,"Central Abaco","District","District",NA,NA
7,18,"BHS","Bahamas",7,"Central Andros","District","District",NA,NA
8,18,"BHS","Bahamas",8,"Central Eleuthera","District","District",NA,NA
9,18,"BHS","Bahamas",9,"City of Freeport","District","District",NA,NA
10,18,"BHS","Bahamas",10,"Crooked Island","District","District",NA,NA
11,18,"BHS","Bahamas",11,"East Grand Bahama","District","District",NA,NA
12,18,"BHS","Bahamas",12,"Exuma","District","District",NA,NA
13,18,"BHS","Bahamas",13,"Grand Cay","District","District",NA,NA
14,18,"BHS","Bahamas",14,"Harbour Island","District","District",NA,NA
15,18,"BHS","Bahamas",15,"Hope Town","District","District",NA,NA
16,18,"BHS","Bahamas",16,"Inagua","District","District",NA,"Inague"
17,18,"BHS","Bahamas",17,"Long Island","District","District",NA,"Ilha Longa|Isla Larga"
18,18,"BHS","Bahamas",18,"Mangrove Cay","District","District",NA,NA
19,18,"BHS","Bahamas",19,"Mayaguana","District","District",NA,NA
20,18,"BHS","Bahamas",20,"Moore's Island","District","District",NA,NA
21,18,"BHS","Bahamas",21,"New Providence","District","District",NA,"Nova Providência|Nueva Providencia"
22,18,"BHS","Bahamas",22,"North Abaco","District","District",NA,NA
23,18,"BHS","Bahamas",23,"North Andros","District","District",NA,NA
24,18,"BHS","Bahamas",24,"North Eleuthera","District","District",NA,NA
25,18,"BHS","Bahamas",25,"Ragged Island","District","District",NA,NA
26,18,"BHS","Bahamas",26,"Rum Cay","District","District",NA,NA
27,18,"BHS","Bahamas",27,"San Salvador","District","District",NA,"São Salvador|Watling Island"
28,18,"BHS","Bahamas",28,"South Abaco","District","District",NA,NA
29,18,"BHS","Bahamas",29,"South Andros","District","District",NA,NA
30,18,"BHS","Bahamas",30,"South Eleuthera","District","District",NA,NA
31,18,"BHS","Bahamas",31,"Spanish Wells","District","District",NA,NA
32,18,"BHS","Bahamas",32,"West Grand Bahama","District","District",NA,NA
