"OBJECTID","ID_0","ISO","NAME_0","ID_1","NAME_1","ID_2","NAME_2","TYPE_2","ENGTYPE_2","NL_NAME_2","VARNAME_2"
1,77,"FJI","Fiji",1,"Central",1,"Naitasiri","Province","Province",NA,NA
2,77,"FJI","Fiji",1,"Central",2,"Namosi","Province","Province",NA,NA
3,77,"FJI","Fiji",1,"Central",3,"Rewa","Province","Province",NA,NA
4,77,"FJI","Fiji",1,"Central",4,"Serua","Province","Province",NA,NA
5,77,"FJI","Fiji",1,"Central",5,"Tailevu","Province","Province",NA,NA
6,77,"FJI","Fiji",2,"Eastern",6,"Kadavu","Province","Province",NA,"Kandavu"
7,77,"FJI","Fiji",2,"Eastern",7,"Lau","Province","Province",NA,NA
8,77,"FJI","Fiji",2,"Eastern",8,"Lomaiviti","Province","Province",NA,NA
9,77,"FJI","Fiji",3,"Northern",9,"Bua","Province","Province",NA,"Mbua"
10,77,"FJI","Fiji",3,"Northern",10,"Cakaudrove","Province","Province",NA,"Thakaundrove"
11,77,"FJI","Fiji",3,"Northern",11,"Macuata","Province","Province",NA,"Mathuata"
12,77,"FJI","Fiji",4,"Rotuma",12,"Rotuma","Province","Province",NA,NA
13,77,"FJI","Fiji",5,"Western",13,"Ba","Province","Province",NA,"Mba"
14,77,"FJI","Fiji",5,"Western",14,"Nadroga/Navosa","Province","Province",NA,"Nandronga-Navosa"
15,77,"FJI","Fiji",5,"Western",15,"Ra","Province","Province",NA,NA
