"OBJECTID","ID_0","ISO","NAME_0","ID_1","NAME_1","TYPE_1","ENGTYPE_1","NL_NAME_1","VARNAME_1"
1,196,"VCT","Saint Vincent and the Grenadines",1,"Charlotte","Parish","Parish",NA,NA
2,196,"VCT","Saint Vincent and the Grenadines",2,"Grenadines","Parish","Parish",NA,NA
3,196,"VCT","Saint Vincent and the Grenadines",3,"Saint Andrew","Parish","Parish",NA,NA
4,196,"VCT","Saint Vincent and the Grenadines",4,"Saint David","Parish","Parish",NA,NA
5,196,"VCT","Saint Vincent and the Grenadines",5,"Saint George","Parish","Parish",NA,NA
6,196,"VCT","Saint Vincent and the Grenadines",6,"Saint Patrick","Parish","Parish",NA,NA
