"OBJECTID","ID_0","ISO","NAME_0","ID_1","NAME_1","ID_2","NAME_2","ID_3","NAME_3","TYPE_3","ENGTYPE_3","NL_NAME_3","VARNAME_3"
1,204,"SLE","Sierra Leone",1,"Eastern",1,"Kailahun",1,"Dia","Chiefdom","Chiefdom",NA,NA
2,204,"SLE","Sierra Leone",1,"Eastern",1,"Kailahun",2,"Jawie","Chiefdom","Chiefdom",NA,NA
3,204,"SLE","Sierra Leone",1,"Eastern",1,"Kailahun",3,"Kissi Kama","Chiefdom","Chiefdom",NA,NA
4,204,"SLE","Sierra Leone",1,"Eastern",1,"Kailahun",4,"Kissi Teng","Chiefdom","Chiefdom",NA,NA
5,204,"SLE","Sierra Leone",1,"Eastern",1,"Kailahun",5,"Kissi Tongi","Chiefdom","Chiefdom",NA,NA
6,204,"SLE","Sierra Leone",1,"Eastern",1,"Kailahun",6,"Luawa","Chiefdom","Chiefdom",NA,NA
7,204,"SLE","Sierra Leone",1,"Eastern",1,"Kailahun",7,"Malema","Chiefdom","Chiefdom",NA,NA
8,204,"SLE","Sierra Leone",1,"Eastern",1,"Kailahun",8,"Mandu","Chiefdom","Chiefdom",NA,NA
9,204,"SLE","Sierra Leone",1,"Eastern",1,"Kailahun",9,"Njaluahun","Chiefdom","Chiefdom",NA,NA
10,204,"SLE","Sierra Leone",1,"Eastern",1,"Kailahun",10,"Pehe Bongre","Chiefdom","Chiefdom",NA,NA
11,204,"SLE","Sierra Leone",1,"Eastern",1,"Kailahun",11,"Peje West","Chiefdom","Chiefdom",NA,NA
12,204,"SLE","Sierra Leone",1,"Eastern",1,"Kailahun",12,"Penguia","Chiefdom","Chiefdom",NA,NA
13,204,"SLE","Sierra Leone",1,"Eastern",1,"Kailahun",13,"Upper Bambara","Chiefdom","Chiefdom",NA,NA
14,204,"SLE","Sierra Leone",1,"Eastern",1,"Kailahun",14,"Yawei","Chiefdom","Chiefdom",NA,NA
15,204,"SLE","Sierra Leone",1,"Eastern",2,"Kenema",15,"Dama","Chiefdom","Chiefdom",NA,NA
16,204,"SLE","Sierra Leone",1,"Eastern",2,"Kenema",16,"Dodo","Chiefdom","Chiefdom",NA,NA
17,204,"SLE","Sierra Leone",1,"Eastern",2,"Kenema",17,"Gaura","Chiefdom","Chiefdom",NA,NA
18,204,"SLE","Sierra Leone",1,"Eastern",2,"Kenema",18,"Gorama Mende","Chiefdom","Chiefdom",NA,NA
19,204,"SLE","Sierra Leone",1,"Eastern",2,"Kenema",19,"Kando Leppeama","Chiefdom","Chiefdom",NA,NA
20,204,"SLE","Sierra Leone",1,"Eastern",2,"Kenema",20,"Koya","Chiefdom","Chiefdom",NA,NA
21,204,"SLE","Sierra Leone",1,"Eastern",2,"Kenema",21,"Langrama","Chiefdom","Chiefdom",NA,NA
22,204,"SLE","Sierra Leone",1,"Eastern",2,"Kenema",22,"Lower Bambara","Chiefdom","Chiefdom",NA,NA
23,204,"SLE","Sierra Leone",1,"Eastern",2,"Kenema",23,"Malegohun","Chiefdom","Chiefdom",NA,NA
24,204,"SLE","Sierra Leone",1,"Eastern",2,"Kenema",24,"Niawa","Chiefdom","Chiefdom",NA,NA
25,204,"SLE","Sierra Leone",1,"Eastern",2,"Kenema",25,"Nomo","Chiefdom","Chiefdom",NA,NA
26,204,"SLE","Sierra Leone",1,"Eastern",2,"Kenema",26,"Nongowa","Chiefdom","Chiefdom",NA,NA
27,204,"SLE","Sierra Leone",1,"Eastern",2,"Kenema",27,"Simbaru","Chiefdom","Chiefdom",NA,NA
28,204,"SLE","Sierra Leone",1,"Eastern",2,"Kenema",28,"Small Bo","Chiefdom","Chiefdom",NA,NA
29,204,"SLE","Sierra Leone",1,"Eastern",2,"Kenema",29,"Tunkia","Chiefdom","Chiefdom",NA,NA
30,204,"SLE","Sierra Leone",1,"Eastern",2,"Kenema",30,"Wandor","Chiefdom","Chiefdom",NA,NA
31,204,"SLE","Sierra Leone",1,"Eastern",3,"Kono",31,"Fiama","Chiefdom","Chiefdom",NA,NA
32,204,"SLE","Sierra Leone",1,"Eastern",3,"Kono",32,"Gbane Kandor","Chiefdom","Chiefdom",NA,NA
33,204,"SLE","Sierra Leone",1,"Eastern",3,"Kono",33,"Gbane","Chiefdom","Chiefdom",NA,NA
34,204,"SLE","Sierra Leone",1,"Eastern",3,"Kono",34,"Gbense","Chiefdom","Chiefdom",NA,NA
35,204,"SLE","Sierra Leone",1,"Eastern",3,"Kono",35,"Gorama Kono","Chiefdom","Chiefdom",NA,NA
36,204,"SLE","Sierra Leone",1,"Eastern",3,"Kono",36,"Kamara","Chiefdom","Chiefdom",NA,NA
37,204,"SLE","Sierra Leone",1,"Eastern",3,"Kono",37,"Lei","Chiefdom","Chiefdom",NA,NA
38,204,"SLE","Sierra Leone",1,"Eastern",3,"Kono",38,"Mafindor","Chiefdom","Chiefdom",NA,NA
39,204,"SLE","Sierra Leone",1,"Eastern",3,"Kono",39,"Nimikoro","Chiefdom","Chiefdom",NA,NA
40,204,"SLE","Sierra Leone",1,"Eastern",3,"Kono",40,"Nimiyama","Chiefdom","Chiefdom",NA,NA
41,204,"SLE","Sierra Leone",1,"Eastern",3,"Kono",41,"Sandor","Chiefdom","Chiefdom",NA,NA
42,204,"SLE","Sierra Leone",1,"Eastern",3,"Kono",42,"Soa","Chiefdom","Chiefdom",NA,NA
43,204,"SLE","Sierra Leone",1,"Eastern",3,"Kono",43,"Tankoro","Chiefdom","Chiefdom",NA,NA
44,204,"SLE","Sierra Leone",1,"Eastern",3,"Kono",44,"Toli","Chiefdom","Chiefdom",NA,NA
45,204,"SLE","Sierra Leone",2,"Northern",4,"Bombali",45,"Biriwa","Chiefdom","Chiefdom",NA,NA
46,204,"SLE","Sierra Leone",2,"Northern",4,"Bombali",46,"Bombali Sebora","Chiefdom","Chiefdom",NA,NA
47,204,"SLE","Sierra Leone",2,"Northern",4,"Bombali",47,"Gbanti Kamaranka","Chiefdom","Chiefdom",NA,NA
48,204,"SLE","Sierra Leone",2,"Northern",4,"Bombali",48,"Gbendembu Ngowahun","Chiefdom","Chiefdom",NA,NA
49,204,"SLE","Sierra Leone",2,"Northern",4,"Bombali",49,"Libeisaygahun","Chiefdom","Chiefdom",NA,NA
50,204,"SLE","Sierra Leone",2,"Northern",4,"Bombali",50,"Magbemba Gowahun","Chiefdom","Chiefdom",NA,NA
51,204,"SLE","Sierra Leone",2,"Northern",4,"Bombali",51,"Makari Gbanti","Chiefdom","Chiefdom",NA,NA
52,204,"SLE","Sierra Leone",2,"Northern",4,"Bombali",52,"Paki Masabong","Chiefdom","Chiefdom",NA,NA
53,204,"SLE","Sierra Leone",2,"Northern",4,"Bombali",53,"Safroko Limba","Chiefdom","Chiefdom",NA,NA
54,204,"SLE","Sierra Leone",2,"Northern",4,"Bombali",54,"Sanda Loko","Chiefdom","Chiefdom",NA,NA
55,204,"SLE","Sierra Leone",2,"Northern",4,"Bombali",55,"Sanda Tendaren","Chiefdom","Chiefdom",NA,NA
56,204,"SLE","Sierra Leone",2,"Northern",4,"Bombali",56,"Sella Limba","Chiefdom","Chiefdom",NA,NA
57,204,"SLE","Sierra Leone",2,"Northern",4,"Bombali",57,"Tambakha","Chiefdom","Chiefdom",NA,NA
58,204,"SLE","Sierra Leone",2,"Northern",5,"Kambia",58,"Bramaia","Chiefdom","Chiefdom",NA,NA
59,204,"SLE","Sierra Leone",2,"Northern",5,"Kambia",59,"Gbinleh-Dixon","Chiefdom","Chiefdom",NA,NA
60,204,"SLE","Sierra Leone",2,"Northern",5,"Kambia",60,"Magbema","Chiefdom","Chiefdom",NA,NA
61,204,"SLE","Sierra Leone",2,"Northern",5,"Kambia",61,"Mambolo","Chiefdom","Chiefdom",NA,NA
62,204,"SLE","Sierra Leone",2,"Northern",5,"Kambia",62,"Masungbala","Chiefdom","Chiefdom",NA,NA
63,204,"SLE","Sierra Leone",2,"Northern",5,"Kambia",63,"Samu","Chiefdom","Chiefdom",NA,NA
64,204,"SLE","Sierra Leone",2,"Northern",5,"Kambia",64,"Tonko Limba","Chiefdom","Chiefdom",NA,NA
65,204,"SLE","Sierra Leone",2,"Northern",6,"Koinadugu",65,"Dembelia Sinkunia","Chiefdom","Chiefdom",NA,NA
66,204,"SLE","Sierra Leone",2,"Northern",6,"Koinadugu",66,"Diang","Chiefdom","Chiefdom",NA,NA
67,204,"SLE","Sierra Leone",2,"Northern",6,"Koinadugu",67,"Follosaba Dembelia","Chiefdom","Chiefdom",NA,"Dembelia Musala"
68,204,"SLE","Sierra Leone",2,"Northern",6,"Koinadugu",68,"Kassunko","Chiefdom","Chiefdom",NA,NA
69,204,"SLE","Sierra Leone",2,"Northern",6,"Koinadugu",69,"Mongo","Chiefdom","Chiefdom",NA,NA
70,204,"SLE","Sierra Leone",2,"Northern",6,"Koinadugu",70,"Neini","Chiefdom","Chiefdom",NA,NA
71,204,"SLE","Sierra Leone",2,"Northern",6,"Koinadugu",71,"Neya","Chiefdom","Chiefdom",NA,NA
72,204,"SLE","Sierra Leone",2,"Northern",6,"Koinadugu",72,"Sengbe","Chiefdom","Chiefdom",NA,NA
73,204,"SLE","Sierra Leone",2,"Northern",6,"Koinadugu",73,"Sulima","Chiefdom","Chiefdom",NA,NA
74,204,"SLE","Sierra Leone",2,"Northern",6,"Koinadugu",74,"Wara Wara Bafodia","Chiefdom","Chiefdom",NA,NA
75,204,"SLE","Sierra Leone",2,"Northern",6,"Koinadugu",75,"Wara Wara Yagala","Chiefdom","Chiefdom",NA,NA
76,204,"SLE","Sierra Leone",2,"Northern",7,"Port Loko",76,"Bureh","Chiefdom","Chiefdom",NA,"BKM"
77,204,"SLE","Sierra Leone",2,"Northern",7,"Port Loko",77,"Buya Romende","Chiefdom","Chiefdom",NA,NA
78,204,"SLE","Sierra Leone",2,"Northern",7,"Port Loko",78,"Dibia","Chiefdom","Chiefdom",NA,NA
79,204,"SLE","Sierra Leone",2,"Northern",7,"Port Loko",79,"Kaffu Bullom","Chiefdom","Chiefdom",NA,NA
80,204,"SLE","Sierra Leone",2,"Northern",7,"Port Loko",80,"Koya","Chiefdom","Chiefdom",NA,NA
81,204,"SLE","Sierra Leone",2,"Northern",7,"Port Loko",81,"Loko Massama","Chiefdom","Chiefdom",NA,NA
82,204,"SLE","Sierra Leone",2,"Northern",7,"Port Loko",82,"Maforki","Chiefdom","Chiefdom",NA,NA
83,204,"SLE","Sierra Leone",2,"Northern",7,"Port Loko",83,"Marampa","Chiefdom","Chiefdom",NA,NA
84,204,"SLE","Sierra Leone",2,"Northern",7,"Port Loko",84,"Masimera","Chiefdom","Chiefdom",NA,NA
85,204,"SLE","Sierra Leone",2,"Northern",7,"Port Loko",85,"Sanda Magbolontor","Chiefdom","Chiefdom",NA,NA
86,204,"SLE","Sierra Leone",2,"Northern",7,"Port Loko",86,"Tinkatupa Makama Safroko","Chiefdom","Chiefdom",NA,NA
87,204,"SLE","Sierra Leone",2,"Northern",8,"Tonkolili",87,"Gbonkolenken","Chiefdom","Chiefdom",NA,NA
88,204,"SLE","Sierra Leone",2,"Northern",8,"Tonkolili",88,"Kafe Simira","Chiefdom","Chiefdom",NA,NA
89,204,"SLE","Sierra Leone",2,"Northern",8,"Tonkolili",89,"Kalansogoia","Chiefdom","Chiefdom",NA,NA
90,204,"SLE","Sierra Leone",2,"Northern",8,"Tonkolili",90,"Kholifa Mabang","Chiefdom","Chiefdom",NA,NA
91,204,"SLE","Sierra Leone",2,"Northern",8,"Tonkolili",91,"Kholifa Rowalla","Chiefdom","Chiefdom",NA,NA
92,204,"SLE","Sierra Leone",2,"Northern",8,"Tonkolili",92,"Konike Barina","Chiefdom","Chiefdom",NA,NA
93,204,"SLE","Sierra Leone",2,"Northern",8,"Tonkolili",93,"Konike Sanda","Chiefdom","Chiefdom",NA,NA
94,204,"SLE","Sierra Leone",2,"Northern",8,"Tonkolili",94,"Malal Mara","Chiefdom","Chiefdom",NA,NA
95,204,"SLE","Sierra Leone",2,"Northern",8,"Tonkolili",95,"Sambaia Bendugu","Chiefdom","Chiefdom",NA,NA
96,204,"SLE","Sierra Leone",2,"Northern",8,"Tonkolili",96,"Tane","Chiefdom","Chiefdom",NA,NA
97,204,"SLE","Sierra Leone",2,"Northern",8,"Tonkolili",97,"Yoni","Chiefdom","Chiefdom",NA,NA
98,204,"SLE","Sierra Leone",3,"Southern",9,"Bo",98,"Badjia","Chiefdom","Chiefdom",NA,NA
99,204,"SLE","Sierra Leone",3,"Southern",9,"Bo",99,"Bagbe","Chiefdom","Chiefdom",NA,NA
100,204,"SLE","Sierra Leone",3,"Southern",9,"Bo",100,"Bagbo","Chiefdom","Chiefdom",NA,NA
101,204,"SLE","Sierra Leone",3,"Southern",9,"Bo",101,"Boama","Chiefdom","Chiefdom",NA,NA
102,204,"SLE","Sierra Leone",3,"Southern",9,"Bo",102,"Bumpeh","Chiefdom","Chiefdom",NA,NA
103,204,"SLE","Sierra Leone",3,"Southern",9,"Bo",103,"Gbo","Chiefdom","Chiefdom",NA,NA
104,204,"SLE","Sierra Leone",3,"Southern",9,"Bo",104,"Jiama-Bongor","Chiefdom","Chiefdom",NA,NA
105,204,"SLE","Sierra Leone",3,"Southern",9,"Bo",105,"Kakua","Chiefdom","Chiefdom",NA,NA
106,204,"SLE","Sierra Leone",3,"Southern",9,"Bo",106,"Komboya","Chiefdom","Chiefdom",NA,NA
107,204,"SLE","Sierra Leone",3,"Southern",9,"Bo",107,"Lugbu","Chiefdom","Chiefdom",NA,NA
108,204,"SLE","Sierra Leone",3,"Southern",9,"Bo",108,"Niawa Lenga","Chiefdom","Chiefdom",NA,NA
109,204,"SLE","Sierra Leone",3,"Southern",9,"Bo",109,"Selenga","Chiefdom","Chiefdom",NA,NA
110,204,"SLE","Sierra Leone",3,"Southern",9,"Bo",110,"Tikonko","Chiefdom","Chiefdom",NA,NA
111,204,"SLE","Sierra Leone",3,"Southern",9,"Bo",111,"Valunia","Chiefdom","Chiefdom",NA,NA
112,204,"SLE","Sierra Leone",3,"Southern",9,"Bo",112,"Wunde","Chiefdom","Chiefdom",NA,NA
113,204,"SLE","Sierra Leone",3,"Southern",10,"Bonthe",113,"Bendu Cha","Chiefdom","Chiefdom",NA,NA
114,204,"SLE","Sierra Leone",3,"Southern",10,"Bonthe",114,"Bum","Chiefdom","Chiefdom",NA,NA
115,204,"SLE","Sierra Leone",3,"Southern",10,"Bonthe",115,"Dema","Chiefdom","Chiefdom",NA,NA
116,204,"SLE","Sierra Leone",3,"Southern",10,"Bonthe",116,"Imperi","Chiefdom","Chiefdom",NA,NA
117,204,"SLE","Sierra Leone",3,"Southern",10,"Bonthe",117,"Jong","Chiefdom","Chiefdom",NA,NA
118,204,"SLE","Sierra Leone",3,"Southern",10,"Bonthe",118,"Kpanda Kemo","Chiefdom","Chiefdom",NA,NA
119,204,"SLE","Sierra Leone",3,"Southern",10,"Bonthe",119,"Kwamebai Krim","Chiefdom","Chiefdom",NA,NA
120,204,"SLE","Sierra Leone",3,"Southern",10,"Bonthe",120,"Nongoba Bullom","Chiefdom","Chiefdom",NA,NA
121,204,"SLE","Sierra Leone",3,"Southern",10,"Bonthe",121,"Sogbini","Chiefdom","Chiefdom",NA,NA
122,204,"SLE","Sierra Leone",3,"Southern",10,"Bonthe",122,"Yawbeko","Chiefdom","Chiefdom",NA,NA
123,204,"SLE","Sierra Leone",3,"Southern",11,"Moyamba",123,"Bagruwa","Chiefdom","Chiefdom",NA,NA
124,204,"SLE","Sierra Leone",3,"Southern",11,"Moyamba",124,"Banta Gbangbatote","Chiefdom","Chiefdom",NA,NA
125,204,"SLE","Sierra Leone",3,"Southern",11,"Moyamba",125,"Banta Mokele","Chiefdom","Chiefdom",NA,NA
126,204,"SLE","Sierra Leone",3,"Southern",11,"Moyamba",126,"Bumpe","Chiefdom","Chiefdom",NA,NA
127,204,"SLE","Sierra Leone",3,"Southern",11,"Moyamba",127,"Dasse","Chiefdom","Chiefdom",NA,NA
128,204,"SLE","Sierra Leone",3,"Southern",11,"Moyamba",128,"Fakunya","Chiefdom","Chiefdom",NA,NA
129,204,"SLE","Sierra Leone",3,"Southern",11,"Moyamba",129,"Kagboro","Chiefdom","Chiefdom",NA,NA
130,204,"SLE","Sierra Leone",3,"Southern",11,"Moyamba",130,"Kaiyamba","Chiefdom","Chiefdom",NA,NA
131,204,"SLE","Sierra Leone",3,"Southern",11,"Moyamba",131,"Kamajel","Chiefdom","Chiefdom",NA,NA
132,204,"SLE","Sierra Leone",3,"Southern",11,"Moyamba",132,"Kangbora","Chiefdom","Chiefdom",NA,NA
133,204,"SLE","Sierra Leone",3,"Southern",11,"Moyamba",133,"Kori","Chiefdom","Chiefdom",NA,NA
134,204,"SLE","Sierra Leone",3,"Southern",11,"Moyamba",134,"Kowa","Chiefdom","Chiefdom",NA,NA
135,204,"SLE","Sierra Leone",3,"Southern",11,"Moyamba",135,"Ribbi","Chiefdom","Chiefdom",NA,NA
136,204,"SLE","Sierra Leone",3,"Southern",11,"Moyamba",136,"Timdel","Chiefdom","Chiefdom",NA,NA
137,204,"SLE","Sierra Leone",3,"Southern",12,"Pujehun",137,"Barri","Chiefdom","Chiefdom",NA,NA
138,204,"SLE","Sierra Leone",3,"Southern",12,"Pujehun",138,"Gallinas Peri","Chiefdom","Chiefdom",NA,NA
139,204,"SLE","Sierra Leone",3,"Southern",12,"Pujehun",139,"Kpaka","Chiefdom","Chiefdom",NA,NA
140,204,"SLE","Sierra Leone",3,"Southern",12,"Pujehun",140,"Makpele","Chiefdom","Chiefdom",NA,NA
141,204,"SLE","Sierra Leone",3,"Southern",12,"Pujehun",141,"Malen","Chiefdom","Chiefdom",NA,NA
142,204,"SLE","Sierra Leone",3,"Southern",12,"Pujehun",142,"Mano Sakrim","Chiefdom","Chiefdom",NA,NA
143,204,"SLE","Sierra Leone",3,"Southern",12,"Pujehun",143,"Panga Kabonde","Chiefdom","Chiefdom",NA,NA
144,204,"SLE","Sierra Leone",3,"Southern",12,"Pujehun",144,"Panga Krim","Chiefdom","Chiefdom",NA,NA
145,204,"SLE","Sierra Leone",3,"Southern",12,"Pujehun",145,"Pejeh","Chiefdom","Chiefdom",NA,NA
146,204,"SLE","Sierra Leone",3,"Southern",12,"Pujehun",146,"Soro Gbema","Chiefdom","Chiefdom",NA,NA
147,204,"SLE","Sierra Leone",3,"Southern",12,"Pujehun",147,"Sowa","Chiefdom","Chiefdom",NA,NA
148,204,"SLE","Sierra Leone",3,"Southern",12,"Pujehun",148,"Yakemo-Kpukumu Krim","Chiefdom","Chiefdom",NA,NA
149,204,"SLE","Sierra Leone",4,"Western",13,"Western Rural",149,"Freetown2","Chiefdom","Chiefdom",NA,NA
150,204,"SLE","Sierra Leone",4,"Western",13,"Western Rural",150,"Freetown3","Chiefdom","Chiefdom",NA,NA
151,204,"SLE","Sierra Leone",4,"Western",13,"Western Rural",151,"Freetown4","Chiefdom","Chiefdom",NA,NA
152,204,"SLE","Sierra Leone",4,"Western",13,"Western Rural",152,"Freetown5","Chiefdom","Chiefdom",NA,NA
153,204,"SLE","Sierra Leone",4,"Western",14,"Western Urban",153,"Freetown1","Chiefdom","Chiefdom",NA,NA
