"OBJECTID","ID_0","ISO","NAME_0","ID_1","NAME_1","ID_2","NAME_2","ID_3","NAME_3","TYPE_3","ENGTYPE_3","NL_NAME_3","VARNAME_3"
1,47,"TCD","Chad",1,"Barh el Ghazel",1,"Barh El Gazel",1,"Michemire","Sub-prefecture","Sub-prefecture",NA,NA
2,47,"TCD","Chad",1,"Barh el Ghazel",1,"Barh El Gazel",2,"Moussoro","Sub-prefecture","Sub-prefecture",NA,NA
3,47,"TCD","Chad",1,"Barh el Ghazel",1,"Barh El Gazel",3,"Salal","Sub-prefecture","Sub-prefecture",NA,NA
4,47,"TCD","Chad",2,"Batha",2,"Batha Est",4,"Dhok/Dopdop","Sub-prefecture","Sub-prefecture",NA,NA
5,47,"TCD","Chad",2,"Batha",2,"Batha Est",5,"Kouka-Adjob","Sub-prefecture","Sub-prefecture",NA,NA
6,47,"TCD","Chad",2,"Batha",2,"Batha Est",6,"Massalat-Oum-Hadjer","Sub-prefecture","Sub-prefecture",NA,NA
7,47,"TCD","Chad",2,"Batha",2,"Batha Est",7,"Mesmedje","Sub-prefecture","Sub-prefecture",NA,NA
8,47,"TCD","Chad",2,"Batha",2,"Batha Est",8,"Ratanine-Har-Djombo","Sub-prefecture","Sub-prefecture",NA,NA
9,47,"TCD","Chad",2,"Batha",2,"Batha Est",9,"Sedamis-Mr-Mn-Assine","Sub-prefecture","Sub-prefecture",NA,NA
10,47,"TCD","Chad",2,"Batha",2,"Batha Est",10,"Zioud-Amsak","Sub-prefecture","Sub-prefecture",NA,NA
11,47,"TCD","Chad",2,"Batha",3,"Batha Oues",11,"Fitri","Sub-prefecture","Sub-prefecture",NA,NA
12,47,"TCD","Chad",2,"Batha",3,"Batha Oues",12,"Kouka-Ati","Sub-prefecture","Sub-prefecture",NA,NA
13,47,"TCD","Chad",2,"Batha",3,"Batha Oues",13,"Medego","Sub-prefecture","Sub-prefecture",NA,NA
14,47,"TCD","Chad",2,"Batha",3,"Batha Oues",14,"Salamat","Sub-prefecture","Sub-prefecture",NA,NA
15,47,"TCD","Chad",2,"Batha",4,"Fitri",15,"Djaatne","Sub-prefecture","Sub-prefecture",NA,NA
16,47,"TCD","Chad",2,"Batha",4,"Fitri",16,"Khozam","Sub-prefecture","Sub-prefecture",NA,NA
17,47,"TCD","Chad",2,"Batha",4,"Fitri",17,"Ouled-Himed","Sub-prefecture","Sub-prefecture",NA,NA
18,47,"TCD","Chad",2,"Batha",4,"Fitri",18,"Ouled-Rachid","Sub-prefecture","Sub-prefecture",NA,NA
19,47,"TCD","Chad",3,"Borkou",5,"Borkou",19,"Borkou","Sub-prefecture","Sub-prefecture",NA,NA
20,47,"TCD","Chad",4,"Chari-Baguirmi",6,"Baguirmi",20,"Batha-Lairi","Sub-prefecture","Sub-prefecture",NA,NA
21,47,"TCD","Chad",4,"Chari-Baguirmi",6,"Baguirmi",21,"Bougoumene","Sub-prefecture","Sub-prefecture",NA,NA
22,47,"TCD","Chad",4,"Chari-Baguirmi",6,"Baguirmi",22,"Deredia","Sub-prefecture","Sub-prefecture",NA,NA
23,47,"TCD","Chad",4,"Chari-Baguirmi",6,"Baguirmi",23,"Dourbali/Abouguerne","Sub-prefecture","Sub-prefecture",NA,NA
24,47,"TCD","Chad",4,"Chari-Baguirmi",6,"Baguirmi",24,"Mai-Ache","Sub-prefecture","Sub-prefecture",NA,NA
25,47,"TCD","Chad",4,"Chari-Baguirmi",6,"Baguirmi",25,"Mandjafa","Sub-prefecture","Sub-prefecture",NA,NA
26,47,"TCD","Chad",4,"Chari-Baguirmi",6,"Baguirmi",26,"Massenya","Sub-prefecture","Sub-prefecture",NA,NA
27,47,"TCD","Chad",4,"Chari-Baguirmi",7,"Loug Chari",27,"Ba-Illi","Sub-prefecture","Sub-prefecture",NA,NA
28,47,"TCD","Chad",4,"Chari-Baguirmi",7,"Loug Chari",28,"Bogomoro","Sub-prefecture","Sub-prefecture",NA,NA
29,47,"TCD","Chad",4,"Chari-Baguirmi",7,"Loug Chari",29,"Bousso","Sub-prefecture","Sub-prefecture",NA,NA
30,47,"TCD","Chad",4,"Chari-Baguirmi",7,"Loug Chari",30,"Miltou-Gourgara","Sub-prefecture","Sub-prefecture",NA,NA
31,47,"TCD","Chad",4,"Chari-Baguirmi",8,"N'Djamena",31,"El-Fass","Sub-prefecture","Sub-prefecture",NA,NA
32,47,"TCD","Chad",4,"Chari-Baguirmi",8,"N'Djamena",32,"Kadada","Sub-prefecture","Sub-prefecture",NA,NA
33,47,"TCD","Chad",4,"Chari-Baguirmi",8,"N'Djamena",33,"Madiago","Sub-prefecture","Sub-prefecture",NA,NA
34,47,"TCD","Chad",5,"Ennedi Est",9,"Ennedi Est",34,"Ennedi Est","Sub-prefecture","Sub-prefecture",NA,NA
35,47,"TCD","Chad",6,"Ennedi Ouest",10,"Ennedi Ouest",35,"Ennedi Ouest","Sub-prefecture","Sub-prefecture",NA,NA
36,47,"TCD","Chad",7,"Guéra",11,"Barh Signaka",36,"Bidio","Sub-prefecture","Sub-prefecture",NA,NA
37,47,"TCD","Chad",7,"Guéra",11,"Barh Signaka",37,"Dadjo-I","Sub-prefecture","Sub-prefecture",NA,NA
38,47,"TCD","Chad",7,"Guéra",11,"Barh Signaka",38,"Djonkor-Aboutelfane","Sub-prefecture","Sub-prefecture",NA,NA
39,47,"TCD","Chad",7,"Guéra",11,"Barh Signaka",39,"Koffa","Sub-prefecture","Sub-prefecture",NA,NA
40,47,"TCD","Chad",7,"Guéra",11,"Barh Signaka",40,"Yalnass","Sub-prefecture","Sub-prefecture",NA,NA
41,47,"TCD","Chad",7,"Guéra",12,"Bitkine",41,"Bitkine","Sub-prefecture","Sub-prefecture",NA,NA
42,47,"TCD","Chad",7,"Guéra",12,"Bitkine",42,"Dangaleat","Sub-prefecture","Sub-prefecture",NA,NA
43,47,"TCD","Chad",7,"Guéra",12,"Bitkine",43,"Djonkor-Guera","Sub-prefecture","Sub-prefecture",NA,NA
44,47,"TCD","Chad",7,"Guéra",12,"Bitkine",44,"Kenga","Sub-prefecture","Sub-prefecture",NA,NA
45,47,"TCD","Chad",7,"Guéra",12,"Bitkine",45,"Sara-Arabe","Sub-prefecture","Sub-prefecture",NA,NA
46,47,"TCD","Chad",7,"Guéra",13,"Guéra",46,"Daguela","Sub-prefecture","Sub-prefecture",NA,NA
47,47,"TCD","Chad",7,"Guéra",13,"Guéra",47,"Dekakire","Sub-prefecture","Sub-prefecture",NA,NA
48,47,"TCD","Chad",7,"Guéra",13,"Guéra",48,"Gogmi","Sub-prefecture","Sub-prefecture",NA,NA
49,47,"TCD","Chad",7,"Guéra",13,"Guéra",49,"Melfi","Sub-prefecture","Sub-prefecture",NA,NA
50,47,"TCD","Chad",7,"Guéra",13,"Guéra",50,"Mokofi","Sub-prefecture","Sub-prefecture",NA,NA
51,47,"TCD","Chad",7,"Guéra",13,"Guéra",51,"Mousmare","Sub-prefecture","Sub-prefecture",NA,NA
52,47,"TCD","Chad",7,"Guéra",13,"Guéra",52,"Sorki","Sub-prefecture","Sub-prefecture",NA,NA
53,47,"TCD","Chad",7,"Guéra",14,"Mangalmé",53,"Dadjo-Ii","Sub-prefecture","Sub-prefecture",NA,NA
54,47,"TCD","Chad",7,"Guéra",14,"Mangalmé",54,"Moubi-Goz","Sub-prefecture","Sub-prefecture",NA,NA
55,47,"TCD","Chad",7,"Guéra",14,"Mangalmé",55,"Moubi-Hadaba","Sub-prefecture","Sub-prefecture",NA,NA
56,47,"TCD","Chad",7,"Guéra",14,"Mangalmé",56,"Moubi-Zarga","Sub-prefecture","Sub-prefecture",NA,NA
57,47,"TCD","Chad",8,"Hadjer-Lamis",15,"Dababa",57,"Amladoba","Sub-prefecture","Sub-prefecture",NA,NA
58,47,"TCD","Chad",8,"Hadjer-Lamis",15,"Dababa",58,"Bokoro/Tania","Sub-prefecture","Sub-prefecture",NA,NA
59,47,"TCD","Chad",8,"Hadjer-Lamis",15,"Dababa",59,"Dababa","Sub-prefecture","Sub-prefecture",NA,NA
60,47,"TCD","Chad",8,"Hadjer-Lamis",15,"Dababa",60,"Mayakne","Sub-prefecture","Sub-prefecture",NA,NA
61,47,"TCD","Chad",8,"Hadjer-Lamis",15,"Dababa",61,"Moito","Sub-prefecture","Sub-prefecture",NA,NA
62,47,"TCD","Chad",8,"Hadjer-Lamis",15,"Dababa",62,"Yessie/Ngama","Sub-prefecture","Sub-prefecture",NA,NA
63,47,"TCD","Chad",8,"Hadjer-Lamis",16,"Dagana",63,"Massakory","Sub-prefecture","Sub-prefecture",NA,NA
64,47,"TCD","Chad",8,"Hadjer-Lamis",17,"Haraze Al Biar",64,"Afrouk","Sub-prefecture","Sub-prefecture",NA,NA
65,47,"TCD","Chad",8,"Hadjer-Lamis",17,"Haraze Al Biar",65,"Mani","Sub-prefecture","Sub-prefecture",NA,NA
66,47,"TCD","Chad",8,"Hadjer-Lamis",17,"Haraze Al Biar",66,"Massaguet","Sub-prefecture","Sub-prefecture",NA,NA
67,47,"TCD","Chad",9,"Kanem",18,"Kanem",67,"Amdobak","Sub-prefecture","Sub-prefecture",NA,NA
68,47,"TCD","Chad",9,"Kanem",18,"Kanem",68,"Dokora","Sub-prefecture","Sub-prefecture",NA,NA
69,47,"TCD","Chad",9,"Kanem",18,"Kanem",69,"Illili","Sub-prefecture","Sub-prefecture",NA,NA
70,47,"TCD","Chad",9,"Kanem",18,"Kanem",70,"Moal","Sub-prefecture","Sub-prefecture",NA,NA
71,47,"TCD","Chad",9,"Kanem",18,"Kanem",71,"Mondo","Sub-prefecture","Sub-prefecture",NA,NA
72,47,"TCD","Chad",9,"Kanem",18,"Kanem",72,"Motoa","Sub-prefecture","Sub-prefecture",NA,NA
73,47,"TCD","Chad",9,"Kanem",18,"Kanem",73,"Mourzigui","Sub-prefecture","Sub-prefecture",NA,NA
74,47,"TCD","Chad",9,"Kanem",18,"Kanem",74,"Sultanat","Sub-prefecture","Sub-prefecture",NA,NA
75,47,"TCD","Chad",9,"Kanem",19,"Nokou",75,"Nokou","Sub-prefecture","Sub-prefecture",NA,NA
76,47,"TCD","Chad",9,"Kanem",19,"Nokou",76,"Ntiona","Sub-prefecture","Sub-prefecture",NA,NA
77,47,"TCD","Chad",9,"Kanem",19,"Nokou",77,"Rig-Rig","Sub-prefecture","Sub-prefecture",NA,NA
78,47,"TCD","Chad",10,"Lac",20,"Mamdi",78,"Bol","Sub-prefecture","Sub-prefecture",NA,NA
79,47,"TCD","Chad",10,"Lac",21,"Wayi",79,"Ngouri","Sub-prefecture","Sub-prefecture",NA,NA
80,47,"TCD","Chad",11,"Logone Occidental",22,"Dodjé",80,"Beinamar","Sub-prefecture","Sub-prefecture",NA,NA
81,47,"TCD","Chad",11,"Logone Occidental",22,"Dodjé",81,"Beissa","Sub-prefecture","Sub-prefecture",NA,NA
82,47,"TCD","Chad",11,"Logone Occidental",22,"Dodjé",82,"Lao-Kassi","Sub-prefecture","Sub-prefecture",NA,NA
83,47,"TCD","Chad",11,"Logone Occidental",22,"Dodjé",83,"Tapol","Sub-prefecture","Sub-prefecture",NA,NA
84,47,"TCD","Chad",11,"Logone Occidental",23,"Lac Wey",84,"Bah","Sub-prefecture","Sub-prefecture",NA,NA
85,47,"TCD","Chad",11,"Logone Occidental",23,"Lac Wey",85,"Bao","Sub-prefecture","Sub-prefecture",NA,NA
86,47,"TCD","Chad",11,"Logone Occidental",23,"Lac Wey",86,"Biramanda","Sub-prefecture","Sub-prefecture",NA,NA
87,47,"TCD","Chad",11,"Logone Occidental",23,"Lac Wey",87,"Dadjile","Sub-prefecture","Sub-prefecture",NA,NA
88,47,"TCD","Chad",11,"Logone Occidental",23,"Lac Wey",88,"Deli","Sub-prefecture","Sub-prefecture",NA,NA
89,47,"TCD","Chad",11,"Logone Occidental",23,"Lac Wey",89,"Dodinda","Sub-prefecture","Sub-prefecture",NA,NA
90,47,"TCD","Chad",11,"Logone Occidental",23,"Lac Wey",90,"Kaga","Sub-prefecture","Sub-prefecture",NA,NA
91,47,"TCD","Chad",11,"Logone Occidental",23,"Lac Wey",91,"Krim-Krim","Sub-prefecture","Sub-prefecture",NA,NA
92,47,"TCD","Chad",11,"Logone Occidental",23,"Lac Wey",92,"Mbalkabra","Sub-prefecture","Sub-prefecture",NA,NA
93,47,"TCD","Chad",11,"Logone Occidental",23,"Lac Wey",93,"Mballa","Sub-prefecture","Sub-prefecture",NA,NA
94,47,"TCD","Chad",11,"Logone Occidental",23,"Lac Wey",94,"Moundou/Koutou","Sub-prefecture","Sub-prefecture",NA,NA
95,47,"TCD","Chad",11,"Logone Occidental",23,"Lac Wey",95,"Ngondong","Sub-prefecture","Sub-prefecture",NA,NA
96,47,"TCD","Chad",11,"Logone Occidental",23,"Lac Wey",96,"Tagoro","Sub-prefecture","Sub-prefecture",NA,NA
97,47,"TCD","Chad",11,"Logone Occidental",24,"Ngourkosso",97,"Bebalem","Sub-prefecture","Sub-prefecture",NA,NA
98,47,"TCD","Chad",11,"Logone Occidental",24,"Ngourkosso",98,"Beladjia","Sub-prefecture","Sub-prefecture",NA,NA
99,47,"TCD","Chad",11,"Logone Occidental",24,"Ngourkosso",99,"Benoye","Sub-prefecture","Sub-prefecture",NA,NA
100,47,"TCD","Chad",11,"Logone Occidental",24,"Ngourkosso",100,"Besseye","Sub-prefecture","Sub-prefecture",NA,NA
101,47,"TCD","Chad",11,"Logone Occidental",24,"Ngourkosso",101,"Bourou","Sub-prefecture","Sub-prefecture",NA,NA
102,47,"TCD","Chad",11,"Logone Occidental",24,"Ngourkosso",102,"Gore-Loc","Sub-prefecture","Sub-prefecture",NA,NA
103,47,"TCD","Chad",11,"Logone Occidental",24,"Ngourkosso",103,"Koutoutou","Sub-prefecture","Sub-prefecture",NA,NA
104,47,"TCD","Chad",11,"Logone Occidental",24,"Ngourkosso",104,"Manso","Sub-prefecture","Sub-prefecture",NA,NA
105,47,"TCD","Chad",11,"Logone Occidental",24,"Ngourkosso",105,"Mbaouroye","Sub-prefecture","Sub-prefecture",NA,NA
106,47,"TCD","Chad",11,"Logone Occidental",24,"Ngourkosso",106,"Saar","Sub-prefecture","Sub-prefecture",NA,NA
107,47,"TCD","Chad",11,"Logone Occidental",24,"Ngourkosso",107,"Tchaouen/Saoua","Sub-prefecture","Sub-prefecture",NA,NA
108,47,"TCD","Chad",12,"Logone Oriental",25,"Lanya",108,"Bebedjia","Sub-prefecture","Sub-prefecture",NA,NA
109,47,"TCD","Chad",12,"Logone Oriental",25,"Lanya",109,"Beboni","Sub-prefecture","Sub-prefecture",NA,NA
110,47,"TCD","Chad",12,"Logone Oriental",25,"Lanya",110,"Bero","Sub-prefecture","Sub-prefecture",NA,NA
111,47,"TCD","Chad",12,"Logone Oriental",25,"Lanya",111,"Kome/Ndobele","Sub-prefecture","Sub-prefecture",NA,NA
112,47,"TCD","Chad",12,"Logone Oriental",25,"Lanya",112,"Mbikou","Sub-prefecture","Sub-prefecture",NA,NA
113,47,"TCD","Chad",12,"Logone Oriental",25,"Lanya",113,"Miandoum","Sub-prefecture","Sub-prefecture",NA,NA
114,47,"TCD","Chad",12,"Logone Oriental",26,"Monts de Lam",114,"Andoum","Sub-prefecture","Sub-prefecture",NA,NA
115,47,"TCD","Chad",12,"Logone Oriental",26,"Monts de Lam",115,"Bessao","Sub-prefecture","Sub-prefecture",NA,NA
116,47,"TCD","Chad",12,"Logone Oriental",26,"Monts de Lam",116,"Gadjibian","Sub-prefecture","Sub-prefecture",NA,NA
117,47,"TCD","Chad",12,"Logone Oriental",26,"Monts de Lam",117,"Loumbogo","Sub-prefecture","Sub-prefecture",NA,NA
118,47,"TCD","Chad",12,"Logone Oriental",26,"Monts de Lam",118,"Mbaissaye","Sub-prefecture","Sub-prefecture",NA,NA
119,47,"TCD","Chad",12,"Logone Oriental",26,"Monts de Lam",119,"Mbouroum","Sub-prefecture","Sub-prefecture",NA,NA
120,47,"TCD","Chad",12,"Logone Oriental",26,"Monts de Lam",120,"Mont-De-Lam","Sub-prefecture","Sub-prefecture",NA,NA
121,47,"TCD","Chad",12,"Logone Oriental",26,"Monts de Lam",121,"Oudoumian","Sub-prefecture","Sub-prefecture",NA,NA
122,47,"TCD","Chad",12,"Logone Oriental",26,"Monts de Lam",122,"Pandzangue","Sub-prefecture","Sub-prefecture",NA,NA
123,47,"TCD","Chad",12,"Logone Oriental",26,"Monts de Lam",123,"Pao","Sub-prefecture","Sub-prefecture",NA,NA
124,47,"TCD","Chad",12,"Logone Oriental",27,"Nya Pendé",124,"Bekan","Sub-prefecture","Sub-prefecture",NA,NA
125,47,"TCD","Chad",12,"Logone Oriental",27,"Nya Pendé",125,"Boro","Sub-prefecture","Sub-prefecture",NA,NA
126,47,"TCD","Chad",12,"Logone Oriental",27,"Nya Pendé",126,"Boye-Bessao","Sub-prefecture","Sub-prefecture",NA,NA
127,47,"TCD","Chad",12,"Logone Oriental",27,"Nya Pendé",127,"Gore","Sub-prefecture","Sub-prefecture",NA,NA
128,47,"TCD","Chad",12,"Logone Oriental",27,"Nya Pendé",128,"Kaba-Donia","Sub-prefecture","Sub-prefecture",NA,NA
129,47,"TCD","Chad",12,"Logone Oriental",27,"Nya Pendé",129,"Kaba-Roangar","Sub-prefecture","Sub-prefecture",NA,NA
130,47,"TCD","Chad",12,"Logone Oriental",27,"Nya Pendé",130,"Mbaikoro","Sub-prefecture","Sub-prefecture",NA,NA
131,47,"TCD","Chad",12,"Logone Oriental",27,"Nya Pendé",131,"Miladi","Sub-prefecture","Sub-prefecture",NA,NA
132,47,"TCD","Chad",12,"Logone Oriental",27,"Nya Pendé",132,"Timberi","Sub-prefecture","Sub-prefecture",NA,NA
133,47,"TCD","Chad",12,"Logone Oriental",27,"Nya Pendé",133,"Yamodo","Sub-prefecture","Sub-prefecture",NA,NA
134,47,"TCD","Chad",12,"Logone Oriental",28,"Pendé",134,"Beboto","Sub-prefecture","Sub-prefecture",NA,NA
135,47,"TCD","Chad",12,"Logone Oriental",28,"Pendé",135,"Beti","Sub-prefecture","Sub-prefecture",NA,NA
136,47,"TCD","Chad",12,"Logone Oriental",28,"Pendé",136,"Bodo","Sub-prefecture","Sub-prefecture",NA,NA
137,47,"TCD","Chad",12,"Logone Oriental",28,"Pendé",137,"Doba","Sub-prefecture","Sub-prefecture",NA,NA
138,47,"TCD","Chad",12,"Logone Oriental",28,"Pendé",138,"Kara/Maibo-Goulaye","Sub-prefecture","Sub-prefecture",NA,NA
139,47,"TCD","Chad",12,"Logone Oriental",28,"Pendé",139,"Maibo-Mbaye","Sub-prefecture","Sub-prefecture",NA,NA
140,47,"TCD","Chad",12,"Logone Oriental",28,"Pendé",140,"Mango","Sub-prefecture","Sub-prefecture",NA,NA
141,47,"TCD","Chad",12,"Logone Oriental",28,"Pendé",141,"Nankesse","Sub-prefecture","Sub-prefecture",NA,NA
142,47,"TCD","Chad",12,"Logone Oriental",28,"Pendé",142,"Nassian","Sub-prefecture","Sub-prefecture",NA,NA
143,47,"TCD","Chad",12,"Logone Oriental",28,"Pendé",143,"Sama","Sub-prefecture","Sub-prefecture",NA,NA
144,47,"TCD","Chad",13,"Mandoul",29,"Barh Sara",144,"Beboro","Sub-prefecture","Sub-prefecture",NA,NA
145,47,"TCD","Chad",13,"Mandoul",29,"Barh Sara",145,"Begara","Sub-prefecture","Sub-prefecture",NA,NA
146,47,"TCD","Chad",13,"Mandoul",29,"Barh Sara",146,"Bekamba-Moissala","Sub-prefecture","Sub-prefecture",NA,NA
147,47,"TCD","Chad",13,"Mandoul",29,"Barh Sara",147,"Bekourou","Sub-prefecture","Sub-prefecture",NA,NA
148,47,"TCD","Chad",13,"Mandoul",29,"Barh Sara",148,"Bengoro","Sub-prefecture","Sub-prefecture",NA,NA
149,47,"TCD","Chad",13,"Mandoul",29,"Barh Sara",149,"Bessara","Sub-prefecture","Sub-prefecture",NA,NA
150,47,"TCD","Chad",13,"Mandoul",29,"Barh Sara",150,"Dembo","Sub-prefecture","Sub-prefecture",NA,NA
151,47,"TCD","Chad",13,"Mandoul",29,"Barh Sara",151,"Dilingala","Sub-prefecture","Sub-prefecture",NA,NA
152,47,"TCD","Chad",13,"Mandoul",29,"Barh Sara",152,"Doubadene","Sub-prefecture","Sub-prefecture",NA,NA
153,47,"TCD","Chad",13,"Mandoul",29,"Barh Sara",153,"Gabian","Sub-prefecture","Sub-prefecture",NA,NA
154,47,"TCD","Chad",13,"Mandoul",29,"Barh Sara",154,"Gon","Sub-prefecture","Sub-prefecture",NA,NA
155,47,"TCD","Chad",13,"Mandoul",29,"Barh Sara",155,"Koldaga","Sub-prefecture","Sub-prefecture",NA,NA
156,47,"TCD","Chad",13,"Mandoul",29,"Barh Sara",156,"Moissala","Sub-prefecture","Sub-prefecture",NA,NA
157,47,"TCD","Chad",13,"Mandoul",29,"Barh Sara",157,"Nadili","Sub-prefecture","Sub-prefecture",NA,NA
158,47,"TCD","Chad",13,"Mandoul",29,"Barh Sara",158,"Ngalo","Sub-prefecture","Sub-prefecture",NA,NA
159,47,"TCD","Chad",13,"Mandoul",29,"Barh Sara",159,"Takoua","Sub-prefecture","Sub-prefecture",NA,NA
160,47,"TCD","Chad",13,"Mandoul",30,"Mandoul Occidental",160,"Bangoul","Sub-prefecture","Sub-prefecture",NA,NA
161,47,"TCD","Chad",13,"Mandoul",30,"Mandoul Occidental",161,"Bebo-Pen","Sub-prefecture","Sub-prefecture",NA,NA
162,47,"TCD","Chad",13,"Mandoul",30,"Mandoul Occidental",162,"Bedjondo","Sub-prefecture","Sub-prefecture",NA,NA
163,47,"TCD","Chad",13,"Mandoul",30,"Mandoul Occidental",163,"Bekamba-Koumra","Sub-prefecture","Sub-prefecture",NA,NA
164,47,"TCD","Chad",13,"Mandoul",30,"Mandoul Occidental",164,"Nderguigui","Sub-prefecture","Sub-prefecture",NA,NA
165,47,"TCD","Chad",13,"Mandoul",30,"Mandoul Occidental",165,"Peni-Tchad","Sub-prefecture","Sub-prefecture",NA,NA
166,47,"TCD","Chad",13,"Mandoul",30,"Mandoul Occidental",166,"Yomi","Sub-prefecture","Sub-prefecture",NA,NA
167,47,"TCD","Chad",13,"Mandoul",31,"Mandoul Oriental",167,"Bedaya","Sub-prefecture","Sub-prefecture",NA,NA
168,47,"TCD","Chad",13,"Mandoul",31,"Mandoul Oriental",168,"Bessada","Sub-prefecture","Sub-prefecture",NA,NA
169,47,"TCD","Chad",13,"Mandoul",31,"Mandoul Oriental",169,"Dobo","Sub-prefecture","Sub-prefecture",NA,NA
170,47,"TCD","Chad",13,"Mandoul",31,"Mandoul Oriental",170,"Goundi","Sub-prefecture","Sub-prefecture",NA,NA
171,47,"TCD","Chad",13,"Mandoul",31,"Mandoul Oriental",171,"Koumra","Sub-prefecture","Sub-prefecture",NA,NA
172,47,"TCD","Chad",13,"Mandoul",31,"Mandoul Oriental",172,"Mahim-Toki","Sub-prefecture","Sub-prefecture",NA,NA
173,47,"TCD","Chad",13,"Mandoul",31,"Mandoul Oriental",173,"Matekaga","Sub-prefecture","Sub-prefecture",NA,NA
174,47,"TCD","Chad",13,"Mandoul",31,"Mandoul Oriental",174,"Mouroum-Goulaye","Sub-prefecture","Sub-prefecture",NA,NA
175,47,"TCD","Chad",13,"Mandoul",31,"Mandoul Oriental",175,"Ngangara","Sub-prefecture","Sub-prefecture",NA,NA
176,47,"TCD","Chad",14,"Mayo-Kebbi Est",32,"Kabbia",176,"Berem","Sub-prefecture","Sub-prefecture",NA,NA
177,47,"TCD","Chad",14,"Mayo-Kebbi Est",32,"Kabbia",177,"Djarao","Sub-prefecture","Sub-prefecture",NA,NA
178,47,"TCD","Chad",14,"Mayo-Kebbi Est",32,"Kabbia",178,"Domo","Sub-prefecture","Sub-prefecture",NA,NA
179,47,"TCD","Chad",14,"Mayo-Kebbi Est",32,"Kabbia",179,"Gounou-Gaya","Sub-prefecture","Sub-prefecture",NA,NA
180,47,"TCD","Chad",14,"Mayo-Kebbi Est",32,"Kabbia",180,"Gounou","Sub-prefecture","Sub-prefecture",NA,NA
181,47,"TCD","Chad",14,"Mayo-Kebbi Est",32,"Kabbia",181,"Leo-Mbassa","Sub-prefecture","Sub-prefecture",NA,NA
182,47,"TCD","Chad",14,"Mayo-Kebbi Est",32,"Kabbia",182,"Tagal","Sub-prefecture","Sub-prefecture",NA,NA
183,47,"TCD","Chad",14,"Mayo-Kebbi Est",33,"Mayo-Boneye",183,"Bongor","Sub-prefecture","Sub-prefecture",NA,NA
184,47,"TCD","Chad",14,"Mayo-Kebbi Est",33,"Mayo-Boneye",184,"Djoumane","Sub-prefecture","Sub-prefecture",NA,NA
185,47,"TCD","Chad",14,"Mayo-Kebbi Est",33,"Mayo-Boneye",185,"Ere","Sub-prefecture","Sub-prefecture",NA,NA
186,47,"TCD","Chad",14,"Mayo-Kebbi Est",33,"Mayo-Boneye",186,"Ham","Sub-prefecture","Sub-prefecture",NA,NA
187,47,"TCD","Chad",14,"Mayo-Kebbi Est",33,"Mayo-Boneye",187,"Katoa","Sub-prefecture","Sub-prefecture",NA,NA
188,47,"TCD","Chad",14,"Mayo-Kebbi Est",33,"Mayo-Boneye",188,"Kim","Sub-prefecture","Sub-prefecture",NA,NA
189,47,"TCD","Chad",14,"Mayo-Kebbi Est",33,"Mayo-Boneye",189,"Kolobo","Sub-prefecture","Sub-prefecture",NA,NA
190,47,"TCD","Chad",14,"Mayo-Kebbi Est",33,"Mayo-Boneye",190,"Koumi","Sub-prefecture","Sub-prefecture",NA,NA
191,47,"TCD","Chad",14,"Mayo-Kebbi Est",33,"Mayo-Boneye",191,"Magao","Sub-prefecture","Sub-prefecture",NA,NA
192,47,"TCD","Chad",14,"Mayo-Kebbi Est",33,"Mayo-Boneye",192,"Mitau","Sub-prefecture","Sub-prefecture",NA,NA
193,47,"TCD","Chad",14,"Mayo-Kebbi Est",33,"Mayo-Boneye",193,"Mogroum","Sub-prefecture","Sub-prefecture",NA,NA
194,47,"TCD","Chad",14,"Mayo-Kebbi Est",33,"Mayo-Boneye",194,"Ngam","Sub-prefecture","Sub-prefecture",NA,NA
195,47,"TCD","Chad",14,"Mayo-Kebbi Est",33,"Mayo-Boneye",195,"Teleme","Sub-prefecture","Sub-prefecture",NA,NA
196,47,"TCD","Chad",14,"Mayo-Kebbi Est",33,"Mayo-Boneye",196,"Tougoude","Sub-prefecture","Sub-prefecture",NA,NA
197,47,"TCD","Chad",14,"Mayo-Kebbi Est",33,"Mayo-Boneye",197,"Toura","Sub-prefecture","Sub-prefecture",NA,NA
198,47,"TCD","Chad",14,"Mayo-Kebbi Est",34,"Mont Illi",198,"Fianga","Sub-prefecture","Sub-prefecture",NA,NA
199,47,"TCD","Chad",14,"Mayo-Kebbi Est",34,"Mont Illi",199,"Gami","Sub-prefecture","Sub-prefecture",NA,NA
200,47,"TCD","Chad",14,"Mayo-Kebbi Est",34,"Mont Illi",200,"Kera","Sub-prefecture","Sub-prefecture",NA,NA
201,47,"TCD","Chad",14,"Mayo-Kebbi Est",34,"Mont Illi",201,"Malboum/Hollom","Sub-prefecture","Sub-prefecture",NA,NA
202,47,"TCD","Chad",14,"Mayo-Kebbi Est",34,"Mont Illi",202,"Tikem","Sub-prefecture","Sub-prefecture",NA,NA
203,47,"TCD","Chad",14,"Mayo-Kebbi Est",34,"Mont Illi",203,"Youe","Sub-prefecture","Sub-prefecture",NA,NA
204,47,"TCD","Chad",15,"Mayo-Kebbi Ouest",35,"Lac Léré",204,"Binder","Sub-prefecture","Sub-prefecture",NA,NA
205,47,"TCD","Chad",15,"Mayo-Kebbi Ouest",35,"Lac Léré",205,"Bipare","Sub-prefecture","Sub-prefecture",NA,NA
206,47,"TCD","Chad",15,"Mayo-Kebbi Ouest",35,"Lac Léré",206,"Guegou","Sub-prefecture","Sub-prefecture",NA,NA
207,47,"TCD","Chad",15,"Mayo-Kebbi Ouest",35,"Lac Léré",207,"Lagon","Sub-prefecture","Sub-prefecture",NA,NA
208,47,"TCD","Chad",15,"Mayo-Kebbi Ouest",35,"Lac Léré",208,"Lere-Tchad","Sub-prefecture","Sub-prefecture",NA,NA
209,47,"TCD","Chad",15,"Mayo-Kebbi Ouest",36,"Mayo-Dallah",209,"Dari","Sub-prefecture","Sub-prefecture",NA,NA
210,47,"TCD","Chad",15,"Mayo-Kebbi Ouest",36,"Mayo-Dallah",210,"Doue","Sub-prefecture","Sub-prefecture",NA,NA
211,47,"TCD","Chad",15,"Mayo-Kebbi Ouest",36,"Mayo-Dallah",211,"Erde-Pala","Sub-prefecture","Sub-prefecture",NA,NA
212,47,"TCD","Chad",15,"Mayo-Kebbi Ouest",36,"Mayo-Dallah",212,"Gagal","Sub-prefecture","Sub-prefecture",NA,NA
213,47,"TCD","Chad",15,"Mayo-Kebbi Ouest",36,"Mayo-Dallah",213,"Gouey-Goudoum","Sub-prefecture","Sub-prefecture",NA,NA
214,47,"TCD","Chad",15,"Mayo-Kebbi Ouest",36,"Mayo-Dallah",214,"Gouin","Sub-prefecture","Sub-prefecture",NA,NA
215,47,"TCD","Chad",15,"Mayo-Kebbi Ouest",36,"Mayo-Dallah",215,"Goumadji","Sub-prefecture","Sub-prefecture",NA,NA
216,47,"TCD","Chad",15,"Mayo-Kebbi Ouest",36,"Mayo-Dallah",216,"Keuni","Sub-prefecture","Sub-prefecture",NA,NA
217,47,"TCD","Chad",15,"Mayo-Kebbi Ouest",36,"Mayo-Dallah",217,"Korbo/Kordo","Sub-prefecture","Sub-prefecture",NA,NA
218,47,"TCD","Chad",15,"Mayo-Kebbi Ouest",36,"Mayo-Dallah",218,"Lame","Sub-prefecture","Sub-prefecture",NA,NA
219,47,"TCD","Chad",15,"Mayo-Kebbi Ouest",36,"Mayo-Dallah",219,"Salamata","Sub-prefecture","Sub-prefecture",NA,NA
220,47,"TCD","Chad",15,"Mayo-Kebbi Ouest",36,"Mayo-Dallah",220,"Tagobo-Foulbe","Sub-prefecture","Sub-prefecture",NA,NA
221,47,"TCD","Chad",15,"Mayo-Kebbi Ouest",36,"Mayo-Dallah",221,"Torrok","Sub-prefecture","Sub-prefecture",NA,NA
222,47,"TCD","Chad",16,"Moyen-Chari",37,"Barh Köh",222,"Balimba","Sub-prefecture","Sub-prefecture",NA,NA
223,47,"TCD","Chad",16,"Moyen-Chari",37,"Barh Köh",223,"Banda","Sub-prefecture","Sub-prefecture",NA,NA
224,47,"TCD","Chad",16,"Moyen-Chari",37,"Barh Köh",224,"Djoli","Sub-prefecture","Sub-prefecture",NA,NA
225,47,"TCD","Chad",16,"Moyen-Chari",37,"Barh Köh",225,"Kokaga","Sub-prefecture","Sub-prefecture",NA,NA
226,47,"TCD","Chad",16,"Moyen-Chari",37,"Barh Köh",226,"Korbol","Sub-prefecture","Sub-prefecture",NA,NA
227,47,"TCD","Chad",16,"Moyen-Chari",37,"Barh Köh",227,"Koumogo","Sub-prefecture","Sub-prefecture",NA,NA
228,47,"TCD","Chad",16,"Moyen-Chari",37,"Barh Köh",228,"Moussafoyo","Sub-prefecture","Sub-prefecture",NA,NA
229,47,"TCD","Chad",16,"Moyen-Chari",37,"Barh Köh",229,"Niellim","Sub-prefecture","Sub-prefecture",NA,NA
230,47,"TCD","Chad",16,"Moyen-Chari",37,"Barh Köh",230,"Sarh","Sub-prefecture","Sub-prefecture",NA,NA
231,47,"TCD","Chad",16,"Moyen-Chari",38,"Grande Sido",231,"Maro","Sub-prefecture","Sub-prefecture",NA,NA
232,47,"TCD","Chad",16,"Moyen-Chari",39,"Lac Iro",232,"Alako","Sub-prefecture","Sub-prefecture",NA,NA
233,47,"TCD","Chad",16,"Moyen-Chari",39,"Lac Iro",233,"Bale","Sub-prefecture","Sub-prefecture",NA,NA
234,47,"TCD","Chad",16,"Moyen-Chari",39,"Lac Iro",234,"Baltoubaye","Sub-prefecture","Sub-prefecture",NA,NA
235,47,"TCD","Chad",16,"Moyen-Chari",39,"Lac Iro",235,"Bohobe","Sub-prefecture","Sub-prefecture",NA,NA
236,47,"TCD","Chad",16,"Moyen-Chari",39,"Lac Iro",236,"Boum-Kebir","Sub-prefecture","Sub-prefecture",NA,NA
237,47,"TCD","Chad",16,"Moyen-Chari",39,"Lac Iro",237,"Dindje","Sub-prefecture","Sub-prefecture",NA,NA
238,47,"TCD","Chad",16,"Moyen-Chari",39,"Lac Iro",238,"Koskobo","Sub-prefecture","Sub-prefecture",NA,NA
239,47,"TCD","Chad",16,"Moyen-Chari",39,"Lac Iro",239,"Kotongoro","Sub-prefecture","Sub-prefecture",NA,NA
240,47,"TCD","Chad",16,"Moyen-Chari",39,"Lac Iro",240,"Kyabe","Sub-prefecture","Sub-prefecture",NA,NA
241,47,"TCD","Chad",16,"Moyen-Chari",39,"Lac Iro",241,"Marabe","Sub-prefecture","Sub-prefecture",NA,NA
242,47,"TCD","Chad",16,"Moyen-Chari",39,"Lac Iro",242,"Moufa","Sub-prefecture","Sub-prefecture",NA,NA
243,47,"TCD","Chad",16,"Moyen-Chari",39,"Lac Iro",243,"Ndjokou","Sub-prefecture","Sub-prefecture",NA,NA
244,47,"TCD","Chad",16,"Moyen-Chari",39,"Lac Iro",244,"Simegotobe","Sub-prefecture","Sub-prefecture",NA,NA
245,47,"TCD","Chad",16,"Moyen-Chari",39,"Lac Iro",245,"Singako","Sub-prefecture","Sub-prefecture",NA,NA
246,47,"TCD","Chad",17,"Ouaddaï",40,"Assoungha",246,"Barde","Sub-prefecture","Sub-prefecture",NA,NA
247,47,"TCD","Chad",17,"Ouaddaï",40,"Assoungha",247,"Guergne","Sub-prefecture","Sub-prefecture",NA,NA
248,47,"TCD","Chad",17,"Ouaddaï",40,"Assoungha",248,"Kado","Sub-prefecture","Sub-prefecture",NA,NA
249,47,"TCD","Chad",17,"Ouaddaï",40,"Assoungha",249,"Mabrone","Sub-prefecture","Sub-prefecture",NA,NA
250,47,"TCD","Chad",17,"Ouaddaï",40,"Assoungha",250,"Molou","Sub-prefecture","Sub-prefecture",NA,NA
251,47,"TCD","Chad",17,"Ouaddaï",40,"Assoungha",251,"Troane","Sub-prefecture","Sub-prefecture",NA,NA
252,47,"TCD","Chad",17,"Ouaddaï",41,"Djourf Al Ahmar",252,"Abker","Sub-prefecture","Sub-prefecture",NA,NA
253,47,"TCD","Chad",17,"Ouaddaï",41,"Djourf Al Ahmar",253,"Kognere","Sub-prefecture","Sub-prefecture",NA,NA
254,47,"TCD","Chad",17,"Ouaddaï",41,"Djourf Al Ahmar",254,"Korio","Sub-prefecture","Sub-prefecture",NA,NA
255,47,"TCD","Chad",17,"Ouaddaï",42,"Ouara",255,"Bourtail","Sub-prefecture","Sub-prefecture",NA,NA
256,47,"TCD","Chad",17,"Ouaddaï",42,"Ouara",256,"Guerri","Sub-prefecture","Sub-prefecture",NA,NA
257,47,"TCD","Chad",17,"Ouaddaï",42,"Ouara",257,"Kachimel-Abeche","Sub-prefecture","Sub-prefecture",NA,NA
258,47,"TCD","Chad",17,"Ouaddaï",42,"Ouara",258,"Mandjobo","Sub-prefecture","Sub-prefecture",NA,NA
259,47,"TCD","Chad",17,"Ouaddaï",42,"Ouara",259,"Marfa","Sub-prefecture","Sub-prefecture",NA,NA
260,47,"TCD","Chad",17,"Ouaddaï",42,"Ouara",260,"Ouadi-Chok-Abougouda","Sub-prefecture","Sub-prefecture",NA,NA
261,47,"TCD","Chad",17,"Ouaddaï",42,"Ouara",261,"Ouadi-Hamra","Sub-prefecture","Sub-prefecture",NA,NA
262,47,"TCD","Chad",18,"Salamat",43,"Aboudeïa",262,"Autochtone","Sub-prefecture","Sub-prefecture",NA,NA
263,47,"TCD","Chad",18,"Salamat",43,"Aboudeïa",263,"Rachid","Sub-prefecture","Sub-prefecture",NA,NA
264,47,"TCD","Chad",18,"Salamat",43,"Aboudeïa",264,"Torom","Sub-prefecture","Sub-prefecture",NA,NA
265,47,"TCD","Chad",18,"Salamat",43,"Aboudeïa",265,"Yalnas-Abou-Deia","Sub-prefecture","Sub-prefecture",NA,NA
266,47,"TCD","Chad",18,"Salamat",44,"Barh Azoum",266,"Am-Timan","Sub-prefecture","Sub-prefecture",NA,NA
267,47,"TCD","Chad",18,"Salamat",44,"Barh Azoum",267,"Barh-Azoum-Am-Timan","Sub-prefecture","Sub-prefecture",NA,NA
268,47,"TCD","Chad",18,"Salamat",44,"Barh Azoum",268,"Dagal","Sub-prefecture","Sub-prefecture",NA,NA
269,47,"TCD","Chad",18,"Salamat",44,"Barh Azoum",269,"Dar-Salim","Sub-prefecture","Sub-prefecture",NA,NA
270,47,"TCD","Chad",18,"Salamat",44,"Barh Azoum",270,"Hemat-Am-Timan","Sub-prefecture","Sub-prefecture",NA,NA
271,47,"TCD","Chad",18,"Salamat",44,"Barh Azoum",271,"Kibet-Angreb","Sub-prefecture","Sub-prefecture",NA,NA
272,47,"TCD","Chad",18,"Salamat",44,"Barh Azoum",272,"Kibet-Soum-Soum","Sub-prefecture","Sub-prefecture",NA,NA
273,47,"TCD","Chad",18,"Salamat",44,"Barh Azoum",273,"Salamat-Am-Timan","Sub-prefecture","Sub-prefecture",NA,NA
274,47,"TCD","Chad",18,"Salamat",45,"Haraze Mangueigne",274,"Doudeye","Sub-prefecture","Sub-prefecture",NA,NA
275,47,"TCD","Chad",18,"Salamat",45,"Haraze Mangueigne",275,"Hemat-Haraze","Sub-prefecture","Sub-prefecture",NA,NA
276,47,"TCD","Chad",18,"Salamat",45,"Haraze Mangueigne",276,"Kouga-Tchad","Sub-prefecture","Sub-prefecture",NA,NA
277,47,"TCD","Chad",18,"Salamat",45,"Haraze Mangueigne",277,"Mangueigne","Sub-prefecture","Sub-prefecture",NA,NA
278,47,"TCD","Chad",19,"Sila",46,"Djourf Al Ahmar",278,"Bakhat","Sub-prefecture","Sub-prefecture",NA,NA
279,47,"TCD","Chad",19,"Sila",46,"Djourf Al Ahmar",279,"Bandala","Sub-prefecture","Sub-prefecture",NA,NA
280,47,"TCD","Chad",19,"Sila",46,"Djourf Al Ahmar",280,"Birguit","Sub-prefecture","Sub-prefecture",NA,NA
281,47,"TCD","Chad",19,"Sila",46,"Djourf Al Ahmar",281,"Dadjo","Sub-prefecture","Sub-prefecture",NA,NA
282,47,"TCD","Chad",19,"Sila",46,"Djourf Al Ahmar",282,"Kadjeske-Am-Dam","Sub-prefecture","Sub-prefecture",NA,NA
283,47,"TCD","Chad",19,"Sila",46,"Djourf Al Ahmar",283,"Massalat-Am-Dam","Sub-prefecture","Sub-prefecture",NA,NA
284,47,"TCD","Chad",19,"Sila",47,"Sila",284,"Barh-Azoum-Goz-Beida","Sub-prefecture","Sub-prefecture",NA,NA
285,47,"TCD","Chad",19,"Sila",47,"Sila",285,"Fongoro","Sub-prefecture","Sub-prefecture",NA,NA
286,47,"TCD","Chad",19,"Sila",47,"Sila",286,"Goz-Beida","Sub-prefecture","Sub-prefecture",NA,NA
287,47,"TCD","Chad",19,"Sila",47,"Sila",287,"Kadjeske-Goz-Beida","Sub-prefecture","Sub-prefecture",NA,NA
288,47,"TCD","Chad",19,"Sila",47,"Sila",288,"Koloye","Sub-prefecture","Sub-prefecture",NA,NA
289,47,"TCD","Chad",19,"Sila",47,"Sila",289,"Mourro","Sub-prefecture","Sub-prefecture",NA,NA
290,47,"TCD","Chad",19,"Sila",47,"Sila",290,"Ouadi-Habile","Sub-prefecture","Sub-prefecture",NA,NA
291,47,"TCD","Chad",19,"Sila",47,"Sila",291,"Ouadi-Kadja","Sub-prefecture","Sub-prefecture",NA,NA
292,47,"TCD","Chad",19,"Sila",47,"Sila",292,"Signar","Sub-prefecture","Sub-prefecture",NA,NA
293,47,"TCD","Chad",20,"Tandjilé",48,"Béré",293,"Bere-Tchad","Sub-prefecture","Sub-prefecture",NA,NA
294,47,"TCD","Chad",20,"Tandjilé",48,"Béré",294,"Delbian","Sub-prefecture","Sub-prefecture",NA,NA
295,47,"TCD","Chad",20,"Tandjilé",48,"Béré",295,"Tamion-Ngolo","Sub-prefecture","Sub-prefecture",NA,NA
296,47,"TCD","Chad",20,"Tandjilé",48,"Béré",296,"Tchoa","Sub-prefecture","Sub-prefecture",NA,NA
297,47,"TCD","Chad",20,"Tandjilé",49,"Tandjilé Est",297,"Darbe","Sub-prefecture","Sub-prefecture",NA,NA
298,47,"TCD","Chad",20,"Tandjilé",49,"Tandjilé Est",298,"Deressia","Sub-prefecture","Sub-prefecture",NA,NA
299,47,"TCD","Chad",20,"Tandjilé",49,"Tandjilé Est",299,"Dormon","Sub-prefecture","Sub-prefecture",NA,NA
300,47,"TCD","Chad",20,"Tandjilé",49,"Tandjilé Est",300,"Gabri-Ngolo","Sub-prefecture","Sub-prefecture",NA,NA
301,47,"TCD","Chad",20,"Tandjilé",49,"Tandjilé Est",301,"Goulaye","Sub-prefecture","Sub-prefecture",NA,NA
302,47,"TCD","Chad",20,"Tandjilé",49,"Tandjilé Est",302,"Kabalaye","Sub-prefecture","Sub-prefecture",NA,NA
303,47,"TCD","Chad",20,"Tandjilé",49,"Tandjilé Est",303,"Kariade-Boum","Sub-prefecture","Sub-prefecture",NA,NA
304,47,"TCD","Chad",20,"Tandjilé",49,"Tandjilé Est",304,"Kimre","Sub-prefecture","Sub-prefecture",NA,NA
305,47,"TCD","Chad",20,"Tandjilé",49,"Tandjilé Est",305,"Koro-Tchad","Sub-prefecture","Sub-prefecture",NA,NA
306,47,"TCD","Chad",20,"Tandjilé",49,"Tandjilé Est",306,"Lai","Sub-prefecture","Sub-prefecture",NA,NA
307,47,"TCD","Chad",20,"Tandjilé",49,"Tandjilé Est",307,"Mouroum-Touloum","Sub-prefecture","Sub-prefecture",NA,NA
308,47,"TCD","Chad",20,"Tandjilé",49,"Tandjilé Est",308,"Ndam","Sub-prefecture","Sub-prefecture",NA,NA
309,47,"TCD","Chad",20,"Tandjilé",49,"Tandjilé Est",309,"Ngamongo","Sub-prefecture","Sub-prefecture",NA,NA
310,47,"TCD","Chad",20,"Tandjilé",49,"Tandjilé Est",310,"Ninga","Sub-prefecture","Sub-prefecture",NA,NA
311,47,"TCD","Chad",20,"Tandjilé",49,"Tandjilé Est",311,"Soumraye","Sub-prefecture","Sub-prefecture",NA,NA
312,47,"TCD","Chad",20,"Tandjilé",49,"Tandjilé Est",312,"Tchaguine-Ngolo","Sub-prefecture","Sub-prefecture",NA,NA
313,47,"TCD","Chad",20,"Tandjilé",49,"Tandjilé Est",313,"Tchedoum","Sub-prefecture","Sub-prefecture",NA,NA
314,47,"TCD","Chad",20,"Tandjilé",50,"Tandjilé Ouest",314,"Bagaye","Sub-prefecture","Sub-prefecture",NA,NA
315,47,"TCD","Chad",20,"Tandjilé",50,"Tandjilé Ouest",315,"Kelo","Sub-prefecture","Sub-prefecture",NA,NA
316,47,"TCD","Chad",20,"Tandjilé",50,"Tandjilé Ouest",316,"Kolon","Sub-prefecture","Sub-prefecture",NA,NA
317,47,"TCD","Chad",20,"Tandjilé",50,"Tandjilé Ouest",317,"Lele","Sub-prefecture","Sub-prefecture",NA,NA
318,47,"TCD","Chad",20,"Tandjilé",50,"Tandjilé Ouest",318,"Marba","Sub-prefecture","Sub-prefecture",NA,NA
319,47,"TCD","Chad",20,"Tandjilé",50,"Tandjilé Ouest",319,"Mesme","Sub-prefecture","Sub-prefecture",NA,NA
320,47,"TCD","Chad",21,"Tibesti",51,"Tibesti",320,"Tibesti","Sub-prefecture","Sub-prefecture",NA,NA
321,47,"TCD","Chad",22,"Ville de N'Djamena",52,"N'Djamena",321,"Ndjamena","Sub-prefecture","Sub-prefecture",NA,NA
322,47,"TCD","Chad",23,"Wadi Fira",53,"Biltine",322,"Abou-Charib-Ii","Sub-prefecture","Sub-prefecture",NA,NA
323,47,"TCD","Chad",23,"Wadi Fira",53,"Biltine",323,"Abou-Charib-I","Sub-prefecture","Sub-prefecture",NA,NA
324,47,"TCD","Chad",23,"Wadi Fira",53,"Biltine",324,"Arada","Sub-prefecture","Sub-prefecture",NA,NA
325,47,"TCD","Chad",23,"Wadi Fira",53,"Biltine",325,"Kodoye-Ii","Sub-prefecture","Sub-prefecture",NA,NA
326,47,"TCD","Chad",23,"Wadi Fira",53,"Biltine",326,"Kodoye-I","Sub-prefecture","Sub-prefecture",NA,NA
327,47,"TCD","Chad",23,"Wadi Fira",53,"Biltine",327,"Mimi","Sub-prefecture","Sub-prefecture",NA,NA
328,47,"TCD","Chad",23,"Wadi Fira",53,"Biltine",328,"Ouled-Djema","Sub-prefecture","Sub-prefecture",NA,NA
329,47,"TCD","Chad",23,"Wadi Fira",54,"Dar Tama",329,"Bali","Sub-prefecture","Sub-prefecture",NA,NA
330,47,"TCD","Chad",23,"Wadi Fira",54,"Dar Tama",330,"Birak","Sub-prefecture","Sub-prefecture",NA,NA
331,47,"TCD","Chad",23,"Wadi Fira",54,"Dar Tama",331,"Djimeze","Sub-prefecture","Sub-prefecture",NA,NA
332,47,"TCD","Chad",23,"Wadi Fira",54,"Dar Tama",332,"Fare","Sub-prefecture","Sub-prefecture",NA,NA
333,47,"TCD","Chad",23,"Wadi Fira",54,"Dar Tama",333,"Gnere","Sub-prefecture","Sub-prefecture",NA,NA
334,47,"TCD","Chad",23,"Wadi Fira",54,"Dar Tama",334,"Guereda","Sub-prefecture","Sub-prefecture",NA,NA
335,47,"TCD","Chad",23,"Wadi Fira",54,"Dar Tama",335,"Kassine","Sub-prefecture","Sub-prefecture",NA,NA
336,47,"TCD","Chad",23,"Wadi Fira",54,"Dar Tama",336,"Kolonga","Sub-prefecture","Sub-prefecture",NA,NA
337,47,"TCD","Chad",23,"Wadi Fira",54,"Dar Tama",337,"Koursigue","Sub-prefecture","Sub-prefecture",NA,NA
338,47,"TCD","Chad",23,"Wadi Fira",54,"Dar Tama",338,"Lima","Sub-prefecture","Sub-prefecture",NA,NA
339,47,"TCD","Chad",23,"Wadi Fira",54,"Dar Tama",339,"Mabraone","Sub-prefecture","Sub-prefecture",NA,NA
340,47,"TCD","Chad",23,"Wadi Fira",54,"Dar Tama",340,"Moore","Sub-prefecture","Sub-prefecture",NA,NA
341,47,"TCD","Chad",23,"Wadi Fira",54,"Dar Tama",341,"Ouli-Koure","Sub-prefecture","Sub-prefecture",NA,NA
342,47,"TCD","Chad",23,"Wadi Fira",54,"Dar Tama",342,"Troa","Sub-prefecture","Sub-prefecture",NA,NA
343,47,"TCD","Chad",23,"Wadi Fira",55,"Kobé",343,"Dourene","Sub-prefecture","Sub-prefecture",NA,NA
344,47,"TCD","Chad",23,"Wadi Fira",55,"Kobé",344,"Gourouf","Sub-prefecture","Sub-prefecture",NA,NA
345,47,"TCD","Chad",23,"Wadi Fira",55,"Kobé",345,"Kapka-Bakaore","Sub-prefecture","Sub-prefecture",NA,NA
346,47,"TCD","Chad",23,"Wadi Fira",55,"Kobé",346,"Kobe-Nord-Est","Sub-prefecture","Sub-prefecture",NA,NA
347,47,"TCD","Chad",23,"Wadi Fira",55,"Kobé",347,"Kobe-Nord-Ouest","Sub-prefecture","Sub-prefecture",NA,NA
348,47,"TCD","Chad",23,"Wadi Fira",55,"Kobé",348,"Kobe-Sud","Sub-prefecture","Sub-prefecture",NA,NA
