"OBJECTID","ID_0","ISO","NAME_0","ID_1","NAME_1","TYPE_1","ENGTYPE_1","NL_NAME_1","VARNAME_1"
1,71,"GNQ","Equatorial Guinea",1,"Annobón","Provincia","Province",NA,NA
2,71,"GNQ","Equatorial Guinea",2,"Bioko Norte","Provincia","Province",NA,NA
3,71,"GNQ","Equatorial Guinea",3,"Bioko Sur","Provincia","Province",NA,NA
4,71,"GNQ","Equatorial Guinea",4,"Centro Sur","Provincia","Province",NA,NA
5,71,"GNQ","Equatorial Guinea",5,"Kié-Ntem","Provincia","Province",NA,NA
6,71,"GNQ","Equatorial Guinea",6,"Litoral","Provincia","Province",NA,NA
7,71,"GNQ","Equatorial Guinea",7,"Wele-Nzás","Provincia","Province",NA,NA
