"OBJECTID","ID_0","ISO","NAME_0","ID_1","NAME_1","TYPE_1","ENGTYPE_1","NL_NAME_1","VARNAME_1"
1,46,"CAF","Central African Republic",1,"Bamingui-Bangoran","Préfecture","Prefecture",NA,"Bamingui-Bangora|N'Délé|Ndélé"
2,46,"CAF","Central African Republic",2,"Bangui","Commune Autonome","Autonomous Commune",NA,NA
3,46,"CAF","Central African Republic",3,"Basse-Kotto","Préfecture","Prefecture",NA,NA
4,46,"CAF","Central African Republic",4,"Haut-Mbomou","Préfecture","Prefecture",NA,"Haut-M'bomou|Obo-Zemio"
5,46,"CAF","Central African Republic",5,"Haute-Kotto","Préfecture","Prefecture",NA,NA
6,46,"CAF","Central African Republic",6,"Kémo","Préfecture","Prefecture",NA,"Kémo-Gribingui|Kémo-Ibingui"
7,46,"CAF","Central African Republic",7,"Lobaye","Préfecture","Prefecture",NA,NA
8,46,"CAF","Central African Republic",8,"Mambéré-Kadéï","Préfecture","Prefecture",NA,"Haute-Sangha|Mambéré Kadéi"
9,46,"CAF","Central African Republic",9,"Mbomou","Préfecture","Prefecture",NA,"M'Bomou"
10,46,"CAF","Central African Republic",10,"Nana-Grébizi","Préfecture","Economic Prefecture",NA,"Nana-Gribingui|Gribingui|Gribingui-Économique|Ibingui|Nana Gribizi"
11,46,"CAF","Central African Republic",11,"Nana-Mambéré","Préfecture","Prefecture",NA,"Bouar-Baboua|Buar-Baboua|Nana Nambéré"
12,46,"CAF","Central African Republic",12,"Ombella-M'Poko","Préfecture","Prefecture",NA,"Ombella-Mpoko|Ombella-Mpoko|Ombelle Mpoko"
13,46,"CAF","Central African Republic",13,"Ouaka","Préfecture","Prefecture",NA,NA
14,46,"CAF","Central African Republic",14,"Ouham-Pendé","Préfecture","Prefecture",NA,NA
15,46,"CAF","Central African Republic",15,"Ouham","Préfecture","Prefecture",NA,NA
16,46,"CAF","Central African Republic",16,"Sangha-Mbaéré","Préfecture","Economic Prefecture",NA,"Sangha|Sangha-Économique|Sangha M'baéré"
17,46,"CAF","Central African Republic",17,"Vakaga","Préfecture","Prefecture",NA,"Birao"
