"OBJECTID","ID_0","ISO","NAME_0","ID_1","NAME_1","ID_2","NAME_2","TYPE_2","ENGTYPE_2","NL_NAME_2","VARNAME_2"
1,130,"LTU","Lithuania",1,"Šiauliai",1,"Šiauliu","Miesto Savivaldybe","City Municipality",NA,"Siauliai (city)|Siauliai [town]"
2,130,"LTU","Lithuania",1,"Šiauliai",2,"Akmenes","Rajono Savivaldybe","District Municipality",NA,"Akmene|Akmene"
3,130,"LTU","Lithuania",1,"Šiauliai",3,"Joniškio","Rajono Savivaldybe","District Municipality",NA,"Joniskis|Joniskis"
4,130,"LTU","Lithuania",1,"Šiauliai",4,"Kelmes","Rajono Savivaldybe","District Municipality",NA,"Kelme|Kelme"
5,130,"LTU","Lithuania",1,"Šiauliai",5,"Pakruojo","Rajono Savivaldybe","District Municipality",NA,"Pakruojis|Pakruojis"
6,130,"LTU","Lithuania",1,"Šiauliai",6,"Radviliškio","Rajono Savivaldybe","District Municipality",NA,"Radviliskis|Radviliskis"
7,130,"LTU","Lithuania",2,"Alytaus",7,"Alytaus","Rajono Savivaldybe","District Municipality",NA,"Alytus|Alytus"
8,130,"LTU","Lithuania",2,"Alytaus",8,"Druskininku","Savivaldybe","Municipality",NA,"Druskininkai (city)|Druskininkai"
9,130,"LTU","Lithuania",2,"Alytaus",9,"Lazdiju","Rajono Savivaldybe","District Municipality",NA,"Lazdijai|Lazdijai"
10,130,"LTU","Lithuania",2,"Alytaus",10,"Varenos","Rajono Savivaldybe","District Municipality",NA,"Varena|Varena"
11,130,"LTU","Lithuania",3,"Kauno",11,"Birštono","Savivaldybe","Municipality",NA,"Birstonas (city)|Birstonas"
12,130,"LTU","Lithuania",3,"Kauno",12,"Jonavos","Rajono Savivaldybe","District Municipality",NA,"Jonava|Jonava"
13,130,"LTU","Lithuania",3,"Kauno",13,"Kedainiu","Rajono Savivaldybe","District Municipality",NA,"Kedinai|Kedainiai"
14,130,"LTU","Lithuania",3,"Kauno",14,"Kaišiadoriu","Rajono Savivaldybe","District Municipality",NA,"Kaisiadorys|Kaisiadorys"
15,130,"LTU","Lithuania",3,"Kauno",15,"Kauno","Rajono Savivaldybe","District Municipality",NA,"Kaunas|Kaunas"
16,130,"LTU","Lithuania",3,"Kauno",16,"Prienu","Rajono Savivaldybe","District Municipality",NA,"Prienai|Prienai"
17,130,"LTU","Lithuania",3,"Kauno",17,"Raseiniu","Rajono Savivaldybe","District Municipality",NA,"Raseinai|Raseiniai"
18,130,"LTU","Lithuania",4,"Klaipedos",18,"Šilutes","Rajono Savivaldybe","District Municipality",NA,"Silute|Silute"
19,130,"LTU","Lithuania",4,"Klaipedos",19,"Klaipedos","Rajono Savivaldybe","District Municipality",NA,"Klaipeda|Klaipeda"
20,130,"LTU","Lithuania",4,"Klaipedos",20,"Kretingos","Rajono Savivaldybe","District Municipality",NA,"Kretinga|Kretinga"
21,130,"LTU","Lithuania",4,"Klaipedos",21,"Neringos","Miesto Savivaldybe","City Municipality",NA,"Neringa (city)|Neringa"
22,130,"LTU","Lithuania",4,"Klaipedos",22,"Palangos","Miesto Savivaldybe","City Municipality",NA,"Palanga (city)|Palanga"
23,130,"LTU","Lithuania",4,"Klaipedos",23,"Skuodo","Rajono Savivaldybe","District Municipality",NA,"Skuodas|Skuodas"
24,130,"LTU","Lithuania",5,"Marijampoles",24,"Šakiu","Rajono Savivaldybe","District Municipality",NA,"Sakiai|Sakiai"
25,130,"LTU","Lithuania",5,"Marijampoles",25,"Marijampoles","Savivaldybe","Municipality",NA,"Marijampole|Marijampole"
26,130,"LTU","Lithuania",5,"Marijampoles",26,"Vilkaviškio","Rajono Savivaldybe","District Municipality",NA,"Vilkaviskis|Vilkaviskis"
27,130,"LTU","Lithuania",6,"Panevezio",27,"Biržu","Rajono Savivaldybe","District Municipality",NA,"Birzai|Birzai"
28,130,"LTU","Lithuania",6,"Panevezio",28,"Kupiškio","Rajono Savivaldybe","District Municipality",NA,"Kupiskis|Kupiskis"
29,130,"LTU","Lithuania",6,"Panevezio",29,"Panevežio","Rajono Savivaldybe","District Municipality",NA,"Panevezys|Panevezys"
30,130,"LTU","Lithuania",6,"Panevezio",30,"Pasvalio","Rajono Savivaldybe","District Municipality",NA,"Pasvalys|Pasvalys"
31,130,"LTU","Lithuania",6,"Panevezio",31,"Rokiškio","Rajono Savivaldybe","District Municipality",NA,"Rokiskis|Rokiskis"
32,130,"LTU","Lithuania",7,"Taurages",32,"Šilales","Rajono Savivaldybe","District Municipality",NA,"Silale|Silale"
33,130,"LTU","Lithuania",7,"Taurages",33,"Jurbarko","Rajono Savivaldybe","District Municipality",NA,"Jurbarkas|Jurbarkas"
34,130,"LTU","Lithuania",7,"Taurages",34,"Taurages","Rajono Savivaldybe","District Municipality",NA,"Taurage|Taurage"
35,130,"LTU","Lithuania",8,"Telšiai",35,"Mažeikiu","Rajono Savivaldybe","District Municipality",NA,"Mazeikai|Mazeikiai"
36,130,"LTU","Lithuania",8,"Telšiai",36,"Plunges","Rajono Savivaldybe","District Municipality",NA,"Plunge|Plunge"
37,130,"LTU","Lithuania",8,"Telšiai",37,"Telšiu","Rajono Savivaldybe","District Municipality",NA,"Telsiai"
38,130,"LTU","Lithuania",9,"Utenos",38,"Anykšciu","Rajono Savivaldybe","District Municipality",NA,"Anyksciai|Anyksciai"
39,130,"LTU","Lithuania",9,"Utenos",39,"Ignalinos","Rajono Savivaldybe","District Municipality",NA,"Ignalina|Ignalina"
40,130,"LTU","Lithuania",9,"Utenos",40,"Moletu","Rajono Savivaldybe","District Municipality",NA,"Moletai|Moletai"
41,130,"LTU","Lithuania",9,"Utenos",41,"Utenos","Rajono Savivaldybe","District Municipality",NA,"Utena|Utena"
42,130,"LTU","Lithuania",9,"Utenos",42,"Zarasu","Rajono Savivaldybe","District Municipality",NA,"Zarasai|Zarasai"
43,130,"LTU","Lithuania",10,"Vilniaus",43,"Šalcininku","Rajono Savivaldybe","District Municipality",NA,"Salcininkai|Salcininkai"
44,130,"LTU","Lithuania",10,"Vilniaus",44,"Širvintu","Rajono Savivaldybe","District Municipality",NA,"Sirvintos|Sirvintos"
45,130,"LTU","Lithuania",10,"Vilniaus",45,"Švencioniu","Rajono Savivaldybe","District Municipality",NA,"Svencionys|Svencionys"
46,130,"LTU","Lithuania",10,"Vilniaus",46,"Traku","Rajono Savivaldybe","District Municipality",NA,"Trakai|Trakai"
47,130,"LTU","Lithuania",10,"Vilniaus",47,"Ukmerges","Rajono Savivaldybe","District Municipality",NA,"Ukmerge|Ukmerge"
48,130,"LTU","Lithuania",10,"Vilniaus",48,"Vilniaus","Rajono Savivaldybe","District Municipality",NA,"Vilnius"
