"OBJECTID","ID_0","ISO","NAME_0","ID_1","NAME_1","TYPE_1","ENGTYPE_1","NL_NAME_1","VARNAME_1"
1,210,"SOM","Somalia",1,"Awdal","Gobolka","Region",NA,"Adal | Adel"
2,210,"SOM","Somalia",2,"Bakool","Gobolka","Region",NA,NA
3,210,"SOM","Somalia",3,"Banaadir","Gobolka","Region",NA,"Benadir"
4,210,"SOM","Somalia",4,"Bari","Gobolka","Region",NA,NA
5,210,"SOM","Somalia",5,"Bay","Gobolka","Region",NA,"Baay"
6,210,"SOM","Somalia",6,"Galguduud","Gobolka","Region",NA,"Galgudug"
7,210,"SOM","Somalia",7,"Gedo","Gobolka","Region",NA,"Gado"
8,210,"SOM","Somalia",8,"Hiiraan","Gobolka","Region",NA,"Hiiran"
9,210,"SOM","Somalia",9,"Jubbada Dhexe","Gobolka","Region",NA,"J. Dhexe| Central Juba| Middle Juba"
10,210,"SOM","Somalia",10,"Jubbada Hoose","Gobolka","Region",NA,"J. Hoose| Lower Juba"
11,210,"SOM","Somalia",11,"Mudug","Gobolka","Region",NA,"Madugh| Mudugh"
12,210,"SOM","Somalia",12,"Nugaal","Gobolka","Region",NA,NA
13,210,"SOM","Somalia",13,"Sanaag","Gobolka","Region",NA,"Sanag"
14,210,"SOM","Somalia",14,"Shabeellaha Dhexe","Gobolka","Region",NA,"Sh. Dhexe| Central Shabele"
15,210,"SOM","Somalia",15,"Shabeellaha Hoose","Gobolka","Region",NA,"Sh. Hoose| Lower Shabele"
16,210,"SOM","Somalia",16,"Sool","Gobolka","Region",NA,NA
17,210,"SOM","Somalia",17,"Togdheer","Gobolka","Region",NA,"Tog-Dheer| Togdheer| Togder"
18,210,"SOM","Somalia",18,"Woqooyi Galbeed","Gobolka","Region",NA,"North-West| W.Galbeed| Woqooyi Gelbeed"
