"OBJECTID","ID_0","ISO","NAME_0","ID_1","NAME_1","TYPE_1","ENGTYPE_1","NL_NAME_1","VARNAME_1"
1,47,"TCD","Chad",1,"Barh el Ghazel","Région","Region",NA,NA
2,47,"TCD","Chad",2,"Batha","Région","Region",NA,NA
3,47,"TCD","Chad",3,"Borkou","Région","Region",NA,"Borkou"
4,47,"TCD","Chad",4,"Chari-Baguirmi","Région","Region",NA,NA
5,47,"TCD","Chad",5,"Ennedi Est","Région","Region",NA,NA
6,47,"TCD","Chad",6,"Ennedi Ouest","Région","Region",NA,NA
7,47,"TCD","Chad",7,"Guéra","Région","Region",NA,"Guera|Baguirmi"
8,47,"TCD","Chad",8,"Hadjer-Lamis","Région","Region",NA,NA
9,47,"TCD","Chad",9,"Kanem","Région","Region",NA,NA
10,47,"TCD","Chad",10,"Lac","Région","Region",NA,NA
11,47,"TCD","Chad",11,"Logone Occidental","Région","Region",NA,"Logone-Occidental"
12,47,"TCD","Chad",12,"Logone Oriental","Région","Region",NA,"Logone-Oriental"
13,47,"TCD","Chad",13,"Mandoul","Région","Region",NA,NA
14,47,"TCD","Chad",14,"Mayo-Kebbi Est","Région","Region",NA,NA
15,47,"TCD","Chad",15,"Mayo-Kebbi Ouest","Région","Region",NA,NA
16,47,"TCD","Chad",16,"Moyen-Chari","Région","Region",NA,NA
17,47,"TCD","Chad",17,"Ouaddaï","Région","Region",NA,"Ouaddai|Ouadaï"
18,47,"TCD","Chad",18,"Salamat","Région","Region",NA,NA
19,47,"TCD","Chad",19,"Sila","Région","Region",NA,NA
20,47,"TCD","Chad",20,"Tandjilé","Région","Region",NA,"Tandjile"
21,47,"TCD","Chad",21,"Tibesti","Région","Region",NA,NA
22,47,"TCD","Chad",22,"Ville de N'Djamena","Région","Region",NA,"N'Djamena"
23,47,"TCD","Chad",23,"Wadi Fira","Région","Region",NA,"Biltine"
