"OBJECTID","ID_0","ISO","NAME_0","ID_1","NAME_1","TYPE_1","ENGTYPE_1","NL_NAME_1","VARNAME_1"
1,142,"MRT","Mauritania",1,"Adrar","Wilayat|Région","Region",NA,NA
2,142,"MRT","Mauritania",2,"Assaba","Wilayat|Région","Region",NA,"Açaba|el-`Açâba"
3,142,"MRT","Mauritania",3,"Brakna","Wilayat|Région","Region",NA,NA
4,142,"MRT","Mauritania",4,"Dakhlet Nouadhibou","Wilayat|Région","Region",NA,"Dakhlet Nouâdhibou|Baie du Lévrier|Lévrier Bay"
5,142,"MRT","Mauritania",5,"Gorgol","Wilayat|Région","Region",NA,NA
6,142,"MRT","Mauritania",6,"Guidimaka","Wilayat|Région","Region",NA,"Guidimagha|Guidimakha"
7,142,"MRT","Mauritania",7,"Hodh ech Chargui","Wilayat|Région","Region",NA,"Eastern Hodh|Hodh Charghi|Hodh Oriental"
8,142,"MRT","Mauritania",8,"Hodh el Gharbi","Wilayat|Région","Region",NA,"Hodh Occidental|Western Hodh"
9,142,"MRT","Mauritania",9,"Inchiri","Wilayat|Région","Region",NA,NA
10,142,"MRT","Mauritania",10,"Nouakchott","District","District",NA,NA
11,142,"MRT","Mauritania",11,"Tagant","Wilayat|Région","Region",NA,NA
12,142,"MRT","Mauritania",12,"Tiris Zemmour","Wilayat|Région","Region",NA,NA
13,142,"MRT","Mauritania",13,"Trarza","Wilayat|Région","Region",NA,NA
