"OBJECTID","ID_0","ISO","NAME_0","ID_1","NAME_1","ID_2","NAME_2","TYPE_2","ENGTYPE_2","NL_NAME_2","VARNAME_2"
1,142,"MRT","Mauritania",1,"Adrar",1,"Aoujeft","Moughataas|Département","Department",NA,NA
2,142,"MRT","Mauritania",1,"Adrar",2,"Atar","Moughataas|Département","Department",NA,NA
3,142,"MRT","Mauritania",1,"Adrar",3,"Chinguetti","Moughataas|Département","Department",NA,"Chingueti|Chinguitti"
4,142,"MRT","Mauritania",2,"Assaba",4,"Barkéol","Moughataas|Département","Department",NA,"Aftout|Barkewol"
5,142,"MRT","Mauritania",2,"Assaba",5,"Boumdeïd","Moughataas|Département","Department",NA,NA
6,142,"MRT","Mauritania",2,"Assaba",6,"Guérou","Moughataas|Département","Department",NA,"Guerrou"
7,142,"MRT","Mauritania",2,"Assaba",7,"Kankossa","Moughataas|Département","Department",NA,NA
8,142,"MRT","Mauritania",2,"Assaba",8,"Kiffa","Moughataas|Département","Department",NA,NA
9,142,"MRT","Mauritania",3,"Brakna",9,"Aleg","Moughataas|Département","Department",NA,NA
10,142,"MRT","Mauritania",3,"Brakna",10,"Bababé","Moughataas|Département","Department",NA,NA
11,142,"MRT","Mauritania",3,"Brakna",11,"Boghé","Moughataas|Département","Department",NA,NA
12,142,"MRT","Mauritania",3,"Brakna",12,"M'Bagne","Moughataas|Département","Department",NA,"M Bagne"
13,142,"MRT","Mauritania",3,"Brakna",13,"Magta-Lahjar","Moughataas|Département","Department",NA,NA
14,142,"MRT","Mauritania",4,"Dakhlet Nouadhibou",14,"Nouadhibou","Moughataas|Département","Department",NA,NA
15,142,"MRT","Mauritania",5,"Gorgol",15,"Kaédi","Moughataas|Département","Department",NA,NA
16,142,"MRT","Mauritania",5,"Gorgol",16,"M'Bout","Moughataas|Département","Department",NA,"M Bout"
17,142,"MRT","Mauritania",5,"Gorgol",17,"Maghama","Moughataas|Département","Department",NA,NA
18,142,"MRT","Mauritania",5,"Gorgol",18,"Monguel","Moughataas|Département","Department",NA,"Mounguel"
19,142,"MRT","Mauritania",6,"Guidimaka",19,"Ould Yengé","Moughataas|Département","Department",NA,NA
20,142,"MRT","Mauritania",6,"Guidimaka",20,"Sélibaby","Moughataas|Département","Department",NA,NA
21,142,"MRT","Mauritania",7,"Hodh ech Chargui",21,"Amourj","Moughataas|Département","Department",NA,NA
22,142,"MRT","Mauritania",7,"Hodh ech Chargui",22,"Bassikounou","Moughataas|Département","Department",NA,"Bassiknou"
23,142,"MRT","Mauritania",7,"Hodh ech Chargui",23,"Djiguenni","Moughataas|Département","Department",NA,"Djigueni|Djigueni"
24,142,"MRT","Mauritania",7,"Hodh ech Chargui",24,"Néma","Moughataas|Département","Department",NA,NA
25,142,"MRT","Mauritania",7,"Hodh ech Chargui",25,"Ouadane","Moughataas|Département","Department",NA,"Oualata"
26,142,"MRT","Mauritania",7,"Hodh ech Chargui",26,"Timbédra","Moughataas|Département","Department",NA,NA
27,142,"MRT","Mauritania",8,"Hodh el Gharbi",27,"Aïoun","Moughataas|Département","Department",NA,"Aioun al Atrous"
28,142,"MRT","Mauritania",8,"Hodh el Gharbi",28,"Kobenni","Moughataas|Département","Department",NA,"Koubeni|Koubenni"
29,142,"MRT","Mauritania",8,"Hodh el Gharbi",29,"Tamchakett","Moughataas|Département","Department",NA,"Tamchekket|Tamchekett"
30,142,"MRT","Mauritania",8,"Hodh el Gharbi",30,"Tintane","Moughataas|Département","Department",NA,NA
31,142,"MRT","Mauritania",9,"Inchiri",31,"Akjoujt","Moughataas|Département","Department",NA,NA
32,142,"MRT","Mauritania",10,"Nouakchott",32,"Nouakchott","Moughataas|Département","Department",NA,NA
33,142,"MRT","Mauritania",11,"Tagant",33,"Moudjéria","Moughataas|Département","Department",NA,NA
34,142,"MRT","Mauritania",11,"Tagant",34,"Tichitt","Moughataas|Département","Department",NA,"Tichit"
35,142,"MRT","Mauritania",11,"Tagant",35,"Tidjikja","Moughataas|Département","Department",NA,NA
36,142,"MRT","Mauritania",12,"Tiris Zemmour",36,"Bir Moghreïn","Moughataas|Département","Department",NA,"Bir Mogrein"
37,142,"MRT","Mauritania",12,"Tiris Zemmour",37,"F'Dérik","Moughataas|Département","Department",NA,"F Derik|F'Derick|F'Deirik"
38,142,"MRT","Mauritania",12,"Tiris Zemmour",38,"Zouérate","Moughataas|Département","Department",NA,NA
39,142,"MRT","Mauritania",13,"Trarza",39,"Boutilimit","Moughataas|Département","Department",NA,NA
40,142,"MRT","Mauritania",13,"Trarza",40,"Keur-Macène","Moughataas|Département","Department",NA,"Keur Massene"
41,142,"MRT","Mauritania",13,"Trarza",41,"Méderdra","Moughataas|Département","Department",NA,NA
42,142,"MRT","Mauritania",13,"Trarza",42,"Ouad-Naga","Moughataas|Département","Department",NA,"Ouad Naga"
43,142,"MRT","Mauritania",13,"Trarza",43,"R'Kiz","Moughataas|Département","Department",NA,"R Kiz"
44,142,"MRT","Mauritania",13,"Trarza",44,"Rosso","Moughataas|Département","Department",NA,NA
