"OBJECTID","ID_0","ISO","NAME_0","ID_1","NAME_1","ID_2","NAME_2","TYPE_2","ENGTYPE_2","NL_NAME_2","VARNAME_2"
1,186,"REU","Reunion",1,"Saint-Benoît",1,"Bras-Panon","Commune","Commune",NA,NA
2,186,"REU","Reunion",1,"Saint-Benoît",2,"La Plaine-des-Palmistes","Commune","Commune",NA,NA
3,186,"REU","Reunion",1,"Saint-Benoît",3,"Saint-André","Commune","Commune",NA,NA
4,186,"REU","Reunion",1,"Saint-Benoît",4,"Saint-Benoît","Commune","Commune",NA,NA
5,186,"REU","Reunion",1,"Saint-Benoît",5,"Sainte-Rose","Commune","Commune",NA,NA
6,186,"REU","Reunion",1,"Saint-Benoît",6,"Salazie","Commune","Commune",NA,NA
7,186,"REU","Reunion",2,"Saint-Denis",7,"La Possession","Commune","Commune",NA,NA
8,186,"REU","Reunion",2,"Saint-Denis",8,"Le Port","Commune","Commune",NA,NA
9,186,"REU","Reunion",2,"Saint-Denis",9,"Saint-Denis","Commune","Commune",NA,NA
10,186,"REU","Reunion",2,"Saint-Denis",10,"Sainte-Marie","Commune","Commune",NA,NA
11,186,"REU","Reunion",2,"Saint-Denis",11,"Sainte-Suzanne","Commune","Commune",NA,NA
12,186,"REU","Reunion",3,"Saint-Paul",12,"L'Étang-Salé","Commune","Commune",NA,NA
13,186,"REU","Reunion",3,"Saint-Paul",13,"Les Avirons","Commune","Commune",NA,NA
14,186,"REU","Reunion",3,"Saint-Paul",14,"Les Trois-Bassins","Commune","Commune",NA,"Trois-Bassins"
15,186,"REU","Reunion",3,"Saint-Paul",15,"Saint-Leu","Commune","Commune",NA,NA
16,186,"REU","Reunion",3,"Saint-Paul",16,"Saint-Paul","Commune","Commune",NA,NA
17,186,"REU","Reunion",4,"Saint-Pierre",17,"Cilaos","Commune","Commune",NA,NA
18,186,"REU","Reunion",4,"Saint-Pierre",18,"L'Entre-Deux","Commune","Commune",NA,NA
19,186,"REU","Reunion",4,"Saint-Pierre",19,"Le Tampon","Commune","Commune",NA,NA
20,186,"REU","Reunion",4,"Saint-Pierre",20,"Petite-Île","Commune","Commune",NA,NA
21,186,"REU","Reunion",4,"Saint-Pierre",21,"Saint-Joseph","Commune","Commune",NA,NA
22,186,"REU","Reunion",4,"Saint-Pierre",22,"Saint-Louis","Commune","Commune",NA,NA
23,186,"REU","Reunion",4,"Saint-Pierre",23,"Saint-Philippe","Commune","Commune",NA,NA
24,186,"REU","Reunion",4,"Saint-Pierre",24,"Saint-Pierre","Commune","Commune",NA,NA
