"OBJECTID","ID_0","ISO","NAME_0","ID_1","NAME_1","ID_2","NAME_2","TYPE_2","ENGTYPE_2","NL_NAME_2","VARNAME_2"
1,47,"TCD","Chad",1,"Barh el Ghazel",1,"Barh El Gazel","Department","Department",NA,"Moussoro"
2,47,"TCD","Chad",2,"Batha",2,"Batha Est","Department","Department",NA,"Oum-Hadjer"
3,47,"TCD","Chad",2,"Batha",3,"Batha Oues","Department","Department",NA,"Ati"
4,47,"TCD","Chad",2,"Batha",4,"Fitri","Department","Department",NA,"Djedaa"
5,47,"TCD","Chad",3,"Borkou",5,"Borkou","Department","Department",NA,NA
6,47,"TCD","Chad",4,"Chari-Baguirmi",6,"Baguirmi","Department","Department",NA,"Massenya"
7,47,"TCD","Chad",4,"Chari-Baguirmi",7,"Loug Chari","Department","Department",NA,"Bousso"
8,47,"TCD","Chad",4,"Chari-Baguirmi",8,"N'Djamena","Department","Department",NA,"Ndjamena"
9,47,"TCD","Chad",5,"Ennedi Est",9,"Ennedi Est","Department","Department",NA,NA
10,47,"TCD","Chad",6,"Ennedi Ouest",10,"Ennedi Ouest","Department","Department",NA,NA
11,47,"TCD","Chad",7,"Guéra",11,"Barh Signaka","Department","Department",NA,"Mongo"
12,47,"TCD","Chad",7,"Guéra",12,"Bitkine","Department","Department",NA,NA
13,47,"TCD","Chad",7,"Guéra",13,"Guéra","Department","Department",NA,"Melfi"
14,47,"TCD","Chad",7,"Guéra",14,"Mangalmé","Department","Department",NA,"Mangalme"
15,47,"TCD","Chad",8,"Hadjer-Lamis",15,"Dababa","Department","Department",NA,"Bokoro"
16,47,"TCD","Chad",8,"Hadjer-Lamis",16,"Dagana","Department","Department",NA,"Massakory"
17,47,"TCD","Chad",8,"Hadjer-Lamis",17,"Haraze Al Biar","Department","Department",NA,"Ndjamena"
18,47,"TCD","Chad",9,"Kanem",18,"Kanem","Department","Department",NA,"Mao"
19,47,"TCD","Chad",9,"Kanem",19,"Nokou","Department","Department",NA,NA
20,47,"TCD","Chad",10,"Lac",20,"Mamdi","Department","Department",NA,"Bol"
21,47,"TCD","Chad",10,"Lac",21,"Wayi","Department","Department",NA,"Ngouri"
22,47,"TCD","Chad",11,"Logone Occidental",22,"Dodjé","Department","Department",NA,"Beinamar"
23,47,"TCD","Chad",11,"Logone Occidental",23,"Lac Wey","Department","Department",NA,"Moundou"
24,47,"TCD","Chad",11,"Logone Occidental",24,"Ngourkosso","Department","Department",NA,"Benoye|Benoyé"
25,47,"TCD","Chad",12,"Logone Oriental",25,"Lanya","Department","Department",NA,"Bebedjia"
26,47,"TCD","Chad",12,"Logone Oriental",26,"Monts de Lam","Department","Department",NA,"Baibokoum"
27,47,"TCD","Chad",12,"Logone Oriental",27,"Nya Pendé","Department","Department",NA,"La Nya Pendé|Goré"
28,47,"TCD","Chad",12,"Logone Oriental",28,"Pendé","Department","Department",NA,"Doba|La Pendé"
29,47,"TCD","Chad",13,"Mandoul",29,"Barh Sara","Department","Department",NA,"Moïssala|Moissala"
30,47,"TCD","Chad",13,"Mandoul",30,"Mandoul Occidental","Department","Department",NA,"Bédjondo"
31,47,"TCD","Chad",13,"Mandoul",31,"Mandoul Oriental","Department","Department",NA,"Koumra"
32,47,"TCD","Chad",14,"Mayo-Kebbi Est",32,"Kabbia","Department","Department",NA,"Gounou-Gaya"
33,47,"TCD","Chad",14,"Mayo-Kebbi Est",33,"Mayo-Boneye","Department","Department",NA,"Bongor"
34,47,"TCD","Chad",14,"Mayo-Kebbi Est",34,"Mont Illi","Department","Department",NA,"Fianga"
35,47,"TCD","Chad",15,"Mayo-Kebbi Ouest",35,"Lac Léré","Department","Department",NA,"Lere|Léré"
36,47,"TCD","Chad",15,"Mayo-Kebbi Ouest",36,"Mayo-Dallah","Department","Department",NA,"Pala"
37,47,"TCD","Chad",16,"Moyen-Chari",37,"Barh Köh","Department","Department",NA,"Sarh"
38,47,"TCD","Chad",16,"Moyen-Chari",38,"Grande Sido","Department","Department",NA,"Maro"
39,47,"TCD","Chad",16,"Moyen-Chari",39,"Lac Iro","Department","Department",NA,"Kyabe|Kyabé"
40,47,"TCD","Chad",17,"Ouaddaï",40,"Assoungha","Department","Department",NA,"Adre|Adré"
41,47,"TCD","Chad",17,"Ouaddaï",41,"Djourf Al Ahmar","Department","Department",NA,"Am-Dam"
42,47,"TCD","Chad",17,"Ouaddaï",42,"Ouara","Department","Department",NA,"Abeche|Abéché"
43,47,"TCD","Chad",18,"Salamat",43,"Aboudeïa","Department","Department",NA,"Abou Deia"
44,47,"TCD","Chad",18,"Salamat",44,"Barh Azoum","Department","Department",NA,"Am Timan"
45,47,"TCD","Chad",18,"Salamat",45,"Haraze Mangueigne","Department","Department",NA,NA
46,47,"TCD","Chad",19,"Sila",46,"Djourf Al Ahmar","Department","Department",NA,"Am-Dam"
47,47,"TCD","Chad",19,"Sila",47,"Sila","Department","Department",NA,"Goz-Beida|Goz Béïda"
48,47,"TCD","Chad",20,"Tandjilé",48,"Béré","Department","Department",NA,"Bere"
49,47,"TCD","Chad",20,"Tandjilé",49,"Tandjilé Est","Department","Department",NA,"Lai"
50,47,"TCD","Chad",20,"Tandjilé",50,"Tandjilé Ouest","Department","Department",NA,"Kelo|Kélo"
51,47,"TCD","Chad",21,"Tibesti",51,"Tibesti","Department","Department",NA,NA
52,47,"TCD","Chad",22,"Ville de N'Djamena",52,"N'Djamena","Department","Department",NA,"Ndjamena"
53,47,"TCD","Chad",23,"Wadi Fira",53,"Biltine","Department","Department",NA,NA
54,47,"TCD","Chad",23,"Wadi Fira",54,"Dar Tama","Department","Department",NA,"Guereda|Guéréda"
55,47,"TCD","Chad",23,"Wadi Fira",55,"Kobé","Department","Department",NA,"Iriba"
