"OBJECTID","ID_0","ISO","NAME_0","ID_1","NAME_1","TYPE_1","ENGTYPE_1","NL_NAME_1","VARNAME_1"
1,144,"MYT","Mayotte",1,"Acoua","Chef-lieu canton","Commune",NA,NA
2,144,"MYT","Mayotte",2,"Bandraboua","Chef-lieu canton","Commune",NA,NA
3,144,"MYT","Mayotte",3,"Bandrele","Chef-lieu canton","Commune",NA,NA
4,144,"MYT","Mayotte",4,"Boueni","Chef-lieu canton","Commune",NA,NA
5,144,"MYT","Mayotte",5,"Chiconi","Chef-lieu canton","Commune",NA,NA
6,144,"MYT","Mayotte",6,"Chirongui","Chef-lieu canton","Commune",NA,NA
7,144,"MYT","Mayotte",7,"Dembeni","Chef-lieu canton","Commune",NA,NA
8,144,"MYT","Mayotte",8,"Dzaoudzi","Préfecture de région","Commune",NA,NA
9,144,"MYT","Mayotte",9,"Kani-Keli","Chef-lieu canton","Commune",NA,NA
10,144,"MYT","Mayotte",10,"Koungou","Chef-lieu canton","Commune",NA,NA
11,144,"MYT","Mayotte",11,"M'tsangamouji","Chef-lieu canton","Commune",NA,NA
12,144,"MYT","Mayotte",12,"Mamoudzou","Sous-préfecture","Commune",NA,NA
13,144,"MYT","Mayotte",13,"Mtsamboro","Chef-lieu canton","Commune",NA,NA
14,144,"MYT","Mayotte",14,"Ouangani","Chef-lieu canton","Commune",NA,NA
15,144,"MYT","Mayotte",15,"Pamandzi","Chef-lieu canton","Commune",NA,NA
16,144,"MYT","Mayotte",16,"Sada","Chef-lieu canton","Commune",NA,NA
17,144,"MYT","Mayotte",17,"Tsingoni","Chef-lieu canton","Commune",NA,NA
