"OBJECTID","ID_0","ISO","NAME_0","ID_1","NAME_1","ID_2","NAME_2","TYPE_2","ENGTYPE_2","NL_NAME_2","VARNAME_2"
1,80,"GUF","French Guiana",1,"Cayenne",1,"Camopi","Commune","Commune",NA,NA
2,80,"GUF","French Guiana",1,"Cayenne",2,"Iracoubo","Commune","Commune",NA,NA
3,80,"GUF","French Guiana",1,"Cayenne",3,"Kourou","Commune","Commune",NA,NA
4,80,"GUF","French Guiana",1,"Cayenne",4,"Macouria (-Tonate)","Commune","Commune",NA,"Macouria"
5,80,"GUF","French Guiana",1,"Cayenne",5,"Matoury","Commune","Commune",NA,NA
6,80,"GUF","French Guiana",1,"Cayenne",6,"Montsinéry-Tonnégrande","Commune","Commune",NA,"Montsinery|Tonnégrande"
7,80,"GUF","French Guiana",1,"Cayenne",7,"Ouanary","Commune","Commune",NA,NA
8,80,"GUF","French Guiana",1,"Cayenne",8,"Régina (-Kaw)","Commune","Commune",NA,"Régina|Kaw"
9,80,"GUF","French Guiana",1,"Cayenne",9,"Rémire-Montjoly","Commune","Commune",NA,"Rémire-Montjoly|Montjoly"
10,80,"GUF","French Guiana",1,"Cayenne",10,"Roura","Commune","Commune",NA,NA
11,80,"GUF","French Guiana",1,"Cayenne",11,"Saint-Elie","Commune","Commune",NA,NA
12,80,"GUF","French Guiana",1,"Cayenne",12,"Saint-Georges (de l'Oyapock)","Commune","Commune",NA,"Saint-Georges de l'Oyapock"
13,80,"GUF","French Guiana",1,"Cayenne",13,"Sinnamary","Commune","Commune",NA,NA
14,80,"GUF","French Guiana",2,"Saint-Laurent-du-Maroni",14,"Apatou","Commune","Commune",NA,NA
15,80,"GUF","French Guiana",2,"Saint-Laurent-du-Maroni",15,"Awala-Yalimapo","Commune","Commune",NA,NA
16,80,"GUF","French Guiana",2,"Saint-Laurent-du-Maroni",16,"Grand-Santi","Commune","Commune",NA,NA
17,80,"GUF","French Guiana",2,"Saint-Laurent-du-Maroni",17,"Mana","Commune","Commune",NA,NA
18,80,"GUF","French Guiana",2,"Saint-Laurent-du-Maroni",18,"Maripasoula","Commune","Commune",NA,NA
19,80,"GUF","French Guiana",2,"Saint-Laurent-du-Maroni",19,"Papaïchton","Commune","Commune",NA,"Pompidou"
20,80,"GUF","French Guiana",2,"Saint-Laurent-du-Maroni",20,"Saül","Commune","Commune",NA,NA
21,80,"GUF","French Guiana",2,"Saint-Laurent-du-Maroni",21,"Saint-Laurent (du Maroni)","Commune","Commune",NA,"Saint-Laurent du Maroni"
