"OBJECTID","ID_0","ISO","NAME_0","ID_1","NAME_1","ID_2","NAME_2","TYPE_2","ENGTYPE_2","NL_NAME_2","VARNAME_2"
1,246,"UZB","Uzbekistan",1,"Andijon",1,"Andijon","District","District",NA,"Andijan"
2,246,"UZB","Uzbekistan",1,"Andijon",2,"Asaka","District","District",NA,NA
3,246,"UZB","Uzbekistan",1,"Andijon",3,"Baliqchi","District","District",NA,"Baliqchi"
4,246,"UZB","Uzbekistan",1,"Andijon",4,"Bo'zsuv","District","District",NA,"Boz"
5,246,"UZB","Uzbekistan",1,"Andijon",5,"Buloqboshi","District","District",NA,"Buloqboshi"
6,246,"UZB","Uzbekistan",1,"Andijon",6,"Izboskan","District","District",NA,"Izboskan"
7,246,"UZB","Uzbekistan",1,"Andijon",7,"Jalolquduq","District","District",NA,"Jalalkuduk"
8,246,"UZB","Uzbekistan",1,"Andijon",8,"Marhamat","District","District",NA,NA
9,246,"UZB","Uzbekistan",1,"Andijon",9,"Oltinko'l","District","District",NA,"Oltinkol"
10,246,"UZB","Uzbekistan",1,"Andijon",10,"Paxtaobod","District","District",NA,"Pakhtaabad"
11,246,"UZB","Uzbekistan",1,"Andijon",11,"Qo'rg'ontepa","District","District",NA,"Kurgontepa"
12,246,"UZB","Uzbekistan",1,"Andijon",12,"Shahrixon","City","City",NA,"Shakhrihon"
13,246,"UZB","Uzbekistan",1,"Andijon",13,"Ulug'nor","District","District",NA,"Ulugnor"
14,246,"UZB","Uzbekistan",1,"Andijon",14,"Xo'jaobod","District","District",NA,"Khodjaobad"
15,246,"UZB","Uzbekistan",2,"Bukhoro",15,"Buxoro","District","District",NA,"Bukhara"
16,246,"UZB","Uzbekistan",2,"Bukhoro",16,"G'ijduvon","District","District",NA,"Gijduvan"
17,246,"UZB","Uzbekistan",2,"Bukhoro",17,"Jondor","District","District",NA,NA
18,246,"UZB","Uzbekistan",2,"Bukhoro",18,"Kogon","City","City",NA,"Kagan"
19,246,"UZB","Uzbekistan",2,"Bukhoro",19,"Olot","District","District",NA,"Alat"
20,246,"UZB","Uzbekistan",2,"Bukhoro",20,"Peshku","District","District",NA,"Peshku"
21,246,"UZB","Uzbekistan",2,"Bukhoro",21,"Qorako'l","District","District",NA,"Karakul"
22,246,"UZB","Uzbekistan",2,"Bukhoro",22,"Qorovulbozor","District","District",NA,"Karaulbazar"
23,246,"UZB","Uzbekistan",2,"Bukhoro",23,"Romitan","District","District",NA,"Romitan"
24,246,"UZB","Uzbekistan",2,"Bukhoro",24,"Shofirkon","District","District",NA,"Shafirkan"
25,246,"UZB","Uzbekistan",2,"Bukhoro",25,"Vobkent","District","District",NA,"Vabkent"
26,246,"UZB","Uzbekistan",3,"Ferghana",26,"Beshariq","District","District",NA,"Beshariq"
27,246,"UZB","Uzbekistan",3,"Ferghana",27,"Bog'dod","District","District",NA,"Baghdad"
28,246,"UZB","Uzbekistan",3,"Ferghana",28,"Buvayda","District","District",NA,NA
29,246,"UZB","Uzbekistan",3,"Ferghana",29,"Dang'ara","District","District",NA,"Dangara"
30,246,"UZB","Uzbekistan",3,"Ferghana",30,"Farg'ona","District","District",NA,"Fergana"
31,246,"UZB","Uzbekistan",3,"Ferghana",31,"Furqat","District","District",NA,NA
32,246,"UZB","Uzbekistan",3,"Ferghana",32,"O'zbekiston","District","District",NA,"Uzbekistan"
33,246,"UZB","Uzbekistan",3,"Ferghana",33,"Oltiariq","District","District",NA,"Altyariq"
34,246,"UZB","Uzbekistan",3,"Ferghana",34,"Oxunboboev","District","District",NA,"Okhunboboev"
35,246,"UZB","Uzbekistan",3,"Ferghana",35,"Quva","City","City",NA,"Quva"
36,246,"UZB","Uzbekistan",3,"Ferghana",36,"Rishton","District","District",NA,NA
37,246,"UZB","Uzbekistan",3,"Ferghana",37,"So’x","District","District",NA,"Sokh"
38,246,"UZB","Uzbekistan",3,"Ferghana",38,"Toshloq","District","District",NA,"Tashlaq"
39,246,"UZB","Uzbekistan",3,"Ferghana",39,"Uchko'prik","District","District",NA,"Uchkuprik"
40,246,"UZB","Uzbekistan",3,"Ferghana",40,"Yozyovon","District","District",NA,"Yazyavan"
41,246,"UZB","Uzbekistan",4,"Jizzakh",41,"Arnasoy","District","District",NA,"Arnasay"
42,246,"UZB","Uzbekistan",4,"Jizzakh",42,"Baxmal","District","District",NA,"Bakhmal"
43,246,"UZB","Uzbekistan",4,"Jizzakh",43,"Do'stlik","District","District",NA,"Dustlik"
44,246,"UZB","Uzbekistan",4,"Jizzakh",44,"Forish","District","District",NA,NA
45,246,"UZB","Uzbekistan",4,"Jizzakh",45,"G'allaorol","District","District",NA,"Gallaorol"
46,246,"UZB","Uzbekistan",4,"Jizzakh",46,"Jizzax","District","District",NA,NA
47,246,"UZB","Uzbekistan",4,"Jizzakh",47,"Mirzacho'l","District","District",NA,"Mirzachul"
48,246,"UZB","Uzbekistan",4,"Jizzakh",48,"Paxtakor","District","District",NA,"Pakhtakor"
49,246,"UZB","Uzbekistan",4,"Jizzakh",49,"Yangiobod","District","District",NA,"Yangiabad"
50,246,"UZB","Uzbekistan",4,"Jizzakh",50,"Zafarobod","District","District",NA,NA
51,246,"UZB","Uzbekistan",4,"Jizzakh",51,"Zarbdor","District","District",NA,"Zarbdar"
52,246,"UZB","Uzbekistan",4,"Jizzakh",52,"Zomin","District","District",NA,"Zaamin"
53,246,"UZB","Uzbekistan",5,"Karakalpakstan",53,"Amudaryo","District","District",NA,NA
54,246,"UZB","Uzbekistan",5,"Karakalpakstan",54,"Aral Sea","Waterbody","Waterbody",NA,NA
55,246,"UZB","Uzbekistan",5,"Karakalpakstan",55,"Beruniy","City","City",NA,NA
56,246,"UZB","Uzbekistan",5,"Karakalpakstan",56,"Chimboy","City","City",NA,"Chimbay"
57,246,"UZB","Uzbekistan",5,"Karakalpakstan",57,"Ellikqala","District","District",NA,NA
58,246,"UZB","Uzbekistan",5,"Karakalpakstan",58,"Kegeyli","District","District",NA,NA
59,246,"UZB","Uzbekistan",5,"Karakalpakstan",59,"Mo'ynoq","District","District",NA,"Muynoq"
60,246,"UZB","Uzbekistan",5,"Karakalpakstan",60,"Nukus","District","District",NA,NA
61,246,"UZB","Uzbekistan",5,"Karakalpakstan",61,"Qanliko'l","District","District",NA,NA
62,246,"UZB","Uzbekistan",5,"Karakalpakstan",62,"Qo'ng'irot","City","City",NA,NA
63,246,"UZB","Uzbekistan",5,"Karakalpakstan",63,"Qorao'zak","District","District",NA,NA
64,246,"UZB","Uzbekistan",5,"Karakalpakstan",64,"Shumanay","District","District",NA,NA
65,246,"UZB","Uzbekistan",5,"Karakalpakstan",65,"Taxtako'pir","District","District",NA,"Taxtakopir"
66,246,"UZB","Uzbekistan",5,"Karakalpakstan",66,"To'rtko'l","City","City",NA,NA
67,246,"UZB","Uzbekistan",5,"Karakalpakstan",67,"Xo'jayli","District","District",NA,NA
68,246,"UZB","Uzbekistan",6,"Kashkadarya",68,"Chiroqchi","District","District",NA,NA
69,246,"UZB","Uzbekistan",6,"Kashkadarya",69,"Dehqonobod","District","District",NA,"Dehkanabad"
70,246,"UZB","Uzbekistan",6,"Kashkadarya",70,"G'uzor","District","District",NA,"Guzar"
71,246,"UZB","Uzbekistan",6,"Kashkadarya",71,"Kasbi","District","District",NA,NA
72,246,"UZB","Uzbekistan",6,"Kashkadarya",72,"Kitob","District","District",NA,NA
73,246,"UZB","Uzbekistan",6,"Kashkadarya",73,"Koson","District","District",NA,NA
74,246,"UZB","Uzbekistan",6,"Kashkadarya",74,"Muborak","District","District",NA,NA
75,246,"UZB","Uzbekistan",6,"Kashkadarya",75,"Nishon","District","District",NA,NA
76,246,"UZB","Uzbekistan",6,"Kashkadarya",76,"Qamashi","District","District",NA,"Kamashi"
77,246,"UZB","Uzbekistan",6,"Kashkadarya",77,"Qarshi","District","District",NA,"Karshi"
78,246,"UZB","Uzbekistan",6,"Kashkadarya",78,"Shahrisabz","City","City",NA,NA
79,246,"UZB","Uzbekistan",6,"Kashkadarya",79,"Usmon Yusupov","District","District",NA,"Mirishkor"
80,246,"UZB","Uzbekistan",6,"Kashkadarya",80,"Yakkabog'","District","District",NA,"Yakkabog
"
81,246,"UZB","Uzbekistan",7,"Khorezm",81,"Bog'ot","District","District",NA,"Bagat"
82,246,"UZB","Uzbekistan",7,"Khorezm",82,"Gurlan","District","District",NA,"Gurlen"
83,246,"UZB","Uzbekistan",7,"Khorezm",83,"Hazorasp","District","District",NA,"Khazarasp"
84,246,"UZB","Uzbekistan",7,"Khorezm",84,"Qo'shko'pir","District","District",NA,"Koshkupyr"
85,246,"UZB","Uzbekistan",7,"Khorezm",85,"Shovot","District","District",NA,"Shavat"
86,246,"UZB","Uzbekistan",7,"Khorezm",86,"Urganch","District","District",NA,"Urgench"
87,246,"UZB","Uzbekistan",7,"Khorezm",87,"Xiva","City","City",NA,"Khiva"
88,246,"UZB","Uzbekistan",7,"Khorezm",88,"Xonqa","District","District",NA,"Khanka"
89,246,"UZB","Uzbekistan",7,"Khorezm",89,"Yangiariq","District","District",NA,"Yangiaryk"
90,246,"UZB","Uzbekistan",7,"Khorezm",90,"Yangibozor","District","District",NA,"Yangibazar"
91,246,"UZB","Uzbekistan",8,"Namangan",91,"Chortoq","City","City",NA,"Chartak"
92,246,"UZB","Uzbekistan",8,"Namangan",92,"Chust","District","District",NA,NA
93,246,"UZB","Uzbekistan",8,"Namangan",93,"Kosonsoy","City","City",NA,"Kasansay"
94,246,"UZB","Uzbekistan",8,"Namangan",94,"Mingbuloq","District","District",NA,"Mingbulak"
95,246,"UZB","Uzbekistan",8,"Namangan",95,"Namangan","City","City",NA,NA
96,246,"UZB","Uzbekistan",8,"Namangan",96,"Norin","District","District",NA,"Naryn"
97,246,"UZB","Uzbekistan",8,"Namangan",97,"Pop","District","District",NA,"Pap"
98,246,"UZB","Uzbekistan",8,"Namangan",98,"To'raqo'rg'on","District","District",NA,"Turakurgan"
99,246,"UZB","Uzbekistan",8,"Namangan",99,"Uchqo'rg'on","District","District",NA,"Uchkurgan"
100,246,"UZB","Uzbekistan",8,"Namangan",100,"Uychi","District","District",NA,NA
101,246,"UZB","Uzbekistan",8,"Namangan",101,"Yagiqo'rg'on","District","District",NA,"Yangikurgan"
102,246,"UZB","Uzbekistan",9,"Navoi",102,"Karmana","District","District",NA,"Karmana"
103,246,"UZB","Uzbekistan",9,"Navoi",103,"Konimex","District","District",NA,"Kanimekh"
104,246,"UZB","Uzbekistan",9,"Navoi",104,"Navbahor","District","District",NA,"Navbakhor"
105,246,"UZB","Uzbekistan",9,"Navoi",105,"Nurota","District","District",NA,"Nurata"
106,246,"UZB","Uzbekistan",9,"Navoi",106,"Qiziltepa","District","District",NA,"Kyzyltepa"
107,246,"UZB","Uzbekistan",9,"Navoi",107,"Tomdi","District","District",NA,"Tamdy"
108,246,"UZB","Uzbekistan",9,"Navoi",108,"Uchquduq","City","City",NA,"Uchkuduk"
109,246,"UZB","Uzbekistan",9,"Navoi",109,"Xatirchi","District","District",NA,"Khatyrchi"
110,246,"UZB","Uzbekistan",10,"Samarkand",110,"Bulung'ur","District","District",NA,"Bulungur"
111,246,"UZB","Uzbekistan",10,"Samarkand",111,"Ishtixon","District","District",NA,"Ishtikhon"
112,246,"UZB","Uzbekistan",10,"Samarkand",112,"Jomboy","District","District",NA,NA
113,246,"UZB","Uzbekistan",10,"Samarkand",113,"Kattaqo'rg'on","City","City",NA,"Kattakurgan"
114,246,"UZB","Uzbekistan",10,"Samarkand",114,"Narpay","District","District",NA,NA
115,246,"UZB","Uzbekistan",10,"Samarkand",115,"Nurobod","District","District",NA,NA
116,246,"UZB","Uzbekistan",10,"Samarkand",116,"Oqdaryo","District","District",NA,"Oqdarya"
117,246,"UZB","Uzbekistan",10,"Samarkand",117,"Pastdarg'om","District","District",NA,"Pastdargom"
118,246,"UZB","Uzbekistan",10,"Samarkand",118,"Paxtachi
","District","District",NA,"Pakhtachi"
119,246,"UZB","Uzbekistan",10,"Samarkand",119,"Payariq","District","District",NA,NA
120,246,"UZB","Uzbekistan",10,"Samarkand",120,"Qo'shrabot
","District","District",NA,"Koshrabot"
121,246,"UZB","Uzbekistan",10,"Samarkand",121,"Samarqand","City","City",NA,NA
122,246,"UZB","Uzbekistan",10,"Samarkand",122,"Toyloq","District","District",NA,NA
123,246,"UZB","Uzbekistan",10,"Samarkand",123,"Urgut","City","City",NA,NA
124,246,"UZB","Uzbekistan",11,"Sirdaryo",124,"Boyovut","District","District",NA,"Bayaut"
125,246,"UZB","Uzbekistan",11,"Sirdaryo",125,"Guliston","District","District",NA,"Gulistan"
126,246,"UZB","Uzbekistan",11,"Sirdaryo",126,"Mirzaobod","District","District",NA,"Mirzaabad"
127,246,"UZB","Uzbekistan",11,"Sirdaryo",127,"Oqoltin","District","District",NA,"Akaltyn"
128,246,"UZB","Uzbekistan",11,"Sirdaryo",128,"Sayxunobod","District","District",NA,"Saikhunabad"
129,246,"UZB","Uzbekistan",11,"Sirdaryo",129,"Sharof Rashidov","District","District",NA,"Sardoba"
130,246,"UZB","Uzbekistan",11,"Sirdaryo",130,"Sirdaryo","City","City",NA,NA
131,246,"UZB","Uzbekistan",11,"Sirdaryo",131,"Xovos","District","District",NA,"Khavast"
132,246,"UZB","Uzbekistan",12,"Surkhandarya",132,"Angor","District","District",NA,NA
133,246,"UZB","Uzbekistan",12,"Surkhandarya",133,"Bandixon","District","District",NA,"Bandikhon"
134,246,"UZB","Uzbekistan",12,"Surkhandarya",134,"Boysun","District","District",NA,NA
135,246,"UZB","Uzbekistan",12,"Surkhandarya",135,"Denov","City","City",NA,"Denau"
136,246,"UZB","Uzbekistan",12,"Surkhandarya",136,"Jarqo'rg'on","District","District",NA,"Jarkurghon"
137,246,"UZB","Uzbekistan",12,"Surkhandarya",137,"Muzrabot
","District","District",NA,NA
138,246,"UZB","Uzbekistan",12,"Surkhandarya",138,"Oltinsoy","District","District",NA,NA
139,246,"UZB","Uzbekistan",12,"Surkhandarya",139,"Qiziriq","District","District",NA,"Kizirik"
140,246,"UZB","Uzbekistan",12,"Surkhandarya",140,"Qumqo'rg'on","District","District",NA,"Kumkurghon"
141,246,"UZB","Uzbekistan",12,"Surkhandarya",141,"Sariosiyo","District","District",NA,NA
142,246,"UZB","Uzbekistan",12,"Surkhandarya",142,"Sherobod","District","District",NA,NA
143,246,"UZB","Uzbekistan",12,"Surkhandarya",143,"Sho'rchi","District","District",NA,"Shurchi"
144,246,"UZB","Uzbekistan",12,"Surkhandarya",144,"Termiz","District","District",NA,NA
145,246,"UZB","Uzbekistan",12,"Surkhandarya",145,"Uzun","District","District",NA,NA
146,246,"UZB","Uzbekistan",13,"Tashkent City",146,"Tashkent City","City","City",NA,NA
147,246,"UZB","Uzbekistan",14,"Tashkent",147,"Bekobod","District","District",NA,"Bekabad"
148,246,"UZB","Uzbekistan",14,"Tashkent",148,"Bo'ka","District","District",NA,"Buka"
149,246,"UZB","Uzbekistan",14,"Tashkent",149,"Bo'stonliq","District","District",NA,"Bostanliq"
150,246,"UZB","Uzbekistan",14,"Tashkent",150,"Chinoz","District","District",NA,"Chinaz"
151,246,"UZB","Uzbekistan",14,"Tashkent",151,"O'rtachirchiq","District","District",NA,"Orta Chirchiq"
152,246,"UZB","Uzbekistan",14,"Tashkent",152,"Ohangaron","District","District",NA,"Okhangaron"
153,246,"UZB","Uzbekistan",14,"Tashkent",153,"Oqqo'rg'on","District","District",NA,"Oqqurgan"
154,246,"UZB","Uzbekistan",14,"Tashkent",154,"Parkent","District","District",NA,NA
155,246,"UZB","Uzbekistan",14,"Tashkent",155,"Piskent","District","District",NA,NA
156,246,"UZB","Uzbekistan",14,"Tashkent",156,"Qibray","District","District",NA,NA
157,246,"UZB","Uzbekistan",14,"Tashkent",157,"Quyichirchiq","District","District",NA,"Quyi Chirchiq"
158,246,"UZB","Uzbekistan",14,"Tashkent",158,"Toshkent","District","District",NA,"Tashkent"
159,246,"UZB","Uzbekistan",14,"Tashkent",159,"Yangiyo'l","City","City",NA,"Yangiyol"
160,246,"UZB","Uzbekistan",14,"Tashkent",160,"Yuqorichirchiq","District","District",NA,"Yukori Chirchiq"
161,246,"UZB","Uzbekistan",14,"Tashkent",161,"Zangiota","District","District",NA,"Zangiata"
