"OBJECTID","ID_0","ISO","NAME_0","ID_1","NAME_1","TYPE_1","ENGTYPE_1","NL_NAME_1","VARNAME_1"
1,19,"BHR","Bahrain",1,"Capital","Muhafazah","Governorate",NA,"Muhafazat al-'Asimah"
2,19,"BHR","Bahrain",2,"Central","Muhafazah","Governorate",NA,"al-Muhafazah al-Wustah"
3,19,"BHR","Bahrain",3,"Muharraq","Muhafazah","Governorate",NA,"Muhafazat al-Muharaq"
4,19,"BHR","Bahrain",4,"Northern","Muhafazah","Governorate",NA,"al-Muhafazah ash-Shamaliyah"
5,19,"BHR","Bahrain",5,"Southern","Muhafazah","Governorate",NA,"al-Muhafazah al-Janobiyah"
