"OBJECTID","ID_0","ISO","NAME_0","ID_1","NAME_1","ID_2","NAME_2","TYPE_2","ENGTYPE_2","NL_NAME_2","VARNAME_2"
1,98,"GUY","Guyana",1,"Barima-Waini",1,"Barima / Amakura","Not Classified","Not Classified",NA,NA
2,98,"GUY","Guyana",1,"Barima-Waini",2,"Mabaruma / Kumaka / Hosororo","Neighbourhood Democratic","Neighbourhood Democratic",NA,NA
3,98,"GUY","Guyana",1,"Barima-Waini",3,"Matthews Ridge / Arakaka (Matakai) / Port Kaituma","Neighbourhood Democratic","Neighbourhood Democratic",NA,NA
4,98,"GUY","Guyana",1,"Barima-Waini",4,"Rest of Region 1","Not Classified","Not Classified",NA,NA
5,98,"GUY","Guyana",1,"Barima-Waini",5,"Waini","Not Classified","Not Classified",NA,NA
6,98,"GUY","Guyana",2,"Cuyuni-Mazaruni",6,"Anna Regina","Municipality","Municipality",NA,NA
7,98,"GUY","Guyana",2,"Cuyuni-Mazaruni",7,"Charity / Urasara","Neighbourhood Democratic","Neighbourhood Democratic",NA,NA
8,98,"GUY","Guyana",2,"Cuyuni-Mazaruni",8,"Good Hope / Pomona","Neighbourhood Democratic","Neighbourhood Democratic",NA,NA
9,98,"GUY","Guyana",2,"Cuyuni-Mazaruni",9,"Paradise / Evergreen (including Somerset and","Neighbourhood Democratic","Neighbourhood Democratic",NA,NA
10,98,"GUY","Guyana",2,"Cuyuni-Mazaruni",10,"Riverstown / Annandale","Neighbourhood Democratic","Neighbourhood Democratic",NA,NA
11,98,"GUY","Guyana",2,"Cuyuni-Mazaruni",11,"Supernaam River, Bethany and Mashabo village","Not Classified","Not Classified",NA,NA
12,98,"GUY","Guyana",2,"Cuyuni-Mazaruni",12,"Zorg - En - Vlygt / Aberdeen","Neighbourhood Democratic","Neighbourhood Democratic",NA,NA
13,98,"GUY","Guyana",3,"Demerara-Mahaica",13,"Amsterdam (Demerara River) / Vriesland","Not Classified","Not Classified",NA,NA
14,98,"GUY","Guyana",3,"Demerara-Mahaica",14,"Blankenburg / Hague","Neighbourhood Democratic","Neighbourhood Democratic",NA,NA
15,98,"GUY","Guyana",3,"Demerara-Mahaica",15,"Bonasika / Boerasirie","Not Classified","Not Classified",NA,NA
16,98,"GUY","Guyana",3,"Demerara-Mahaica",16,"Canal No. 2 (part) + The Belle + Little Alli","Not Classified","Not Classified",NA,NA
17,98,"GUY","Guyana",3,"Demerara-Mahaica",17,"Canals Polder","Neighbourhood Democratic","Neighbourhood Democratic",NA,NA
18,98,"GUY","Guyana",3,"Demerara-Mahaica",18,"Cornelia Ida / Stewartville","Neighbourhood Democratic","Neighbourhood Democratic",NA,NA
19,98,"GUY","Guyana",3,"Demerara-Mahaica",19,"Good Hope / Hydronie","Neighbourhood Democratic","Neighbourhood Democratic",NA,NA
20,98,"GUY","Guyana",3,"Demerara-Mahaica",20,"Klein Pouderoyen / Best","Neighbourhood Democratic","Neighbourhood Democratic",NA,NA
21,98,"GUY","Guyana",3,"Demerara-Mahaica",21,"Leguan ( Essequibo Islands )","Neighbourhood Democratic","Neighbourhood Democratic",NA,NA
22,98,"GUY","Guyana",3,"Demerara-Mahaica",22,"Lower West Demerara","Not Classified","Not Classified",NA,NA
23,98,"GUY","Guyana",3,"Demerara-Mahaica",23,"Meer Zorgen / Malgre Tout","Neighbourhood Democratic","Neighbourhood Democratic",NA,NA
24,98,"GUY","Guyana",3,"Demerara-Mahaica",24,"Nismes / La Grange","Neighbourhood Democratic","Neighbourhood Democratic",NA,NA
25,98,"GUY","Guyana",3,"Demerara-Mahaica",25,"Nouvelle Flanders / La Jalousie","Neighbourhood Democratic","Neighbourhood Democratic",NA,NA
26,98,"GUY","Guyana",3,"Demerara-Mahaica",26,"Parika / Mora","Neighbourhood Democratic","Neighbourhood Democratic",NA,NA
27,98,"GUY","Guyana",3,"Demerara-Mahaica",27,"Patentia / Toevlugt","Neighbourhood Democratic","Neighbourhood Democratic",NA,NA
28,98,"GUY","Guyana",3,"Demerara-Mahaica",28,"Sparta / Bonasika and Rest of Essequibo Isla","Not Classified","Not Classified",NA,NA
29,98,"GUY","Guyana",3,"Demerara-Mahaica",29,"Uitvlugt / Tuschen","Neighbourhood Democratic","Neighbourhood Democratic",NA,NA
30,98,"GUY","Guyana",3,"Demerara-Mahaica",30,"Vergenoegen / Greenwich Park","Neighbourhood Democratic","Neighbourhood Democratic",NA,NA
31,98,"GUY","Guyana",3,"Demerara-Mahaica",31,"Wakenaam ( Essequibo Islands )","Neighbourhood Democratic","Neighbourhood Democratic",NA,NA
32,98,"GUY","Guyana",4,"East Berbice-Corentyne",32,"Cane Grove Land Development Scheme","Neighbourhood Democratic","Neighbourhood Democratic",NA,NA
33,98,"GUY","Guyana",4,"East Berbice-Corentyne",33,"City of Georgetown","Municipality","Municipality",NA,NA
34,98,"GUY","Guyana",4,"East Berbice-Corentyne",34,"Demerara Conservancy","Conservancy","Conservancy",NA,NA
35,98,"GUY","Guyana",4,"East Berbice-Corentyne",35,"Diamond / Golden Grove","Neighbourhood Democratic","Neighbourhood Democratic",NA,NA
36,98,"GUY","Guyana",4,"East Berbice-Corentyne",36,"Eccles / Ramsburg","Neighbourhood Democratic","Neighbourhood Democratic",NA,NA
37,98,"GUY","Guyana",4,"East Berbice-Corentyne",37,"Enmore / Hope","Neighbourhood Democratic","Neighbourhood Democratic",NA,NA
38,98,"GUY","Guyana",4,"East Berbice-Corentyne",38,"Foulis / Buxton","Neighbourhood Democratic","Neighbourhood Democratic",NA,NA
39,98,"GUY","Guyana",4,"East Berbice-Corentyne",39,"Good Success / Caledonia","Neighbourhood Democratic","Neighbourhood Democratic",NA,NA
40,98,"GUY","Guyana",4,"East Berbice-Corentyne",40,"Grove / Haslington","Neighbourhood Democratic","Neighbourhood Democratic",NA,NA
41,98,"GUY","Guyana",4,"East Berbice-Corentyne",41,"Herstelling / Little Diamond","Neighbourhood Democratic","Neighbourhood Democratic",NA,NA
42,98,"GUY","Guyana",4,"East Berbice-Corentyne",42,"La Bonne Intention / Better Hope","Neighbourhood Democratic","Neighbourhood Democratic",NA,NA
43,98,"GUY","Guyana",4,"East Berbice-Corentyne",43,"La Reconnaissance / Mon Repos","Neighbourhood Democratic","Neighbourhood Democratic",NA,NA
44,98,"GUY","Guyana",4,"East Berbice-Corentyne",44,"Mocha / Arcadia","Neighbourhood Democratic","Neighbourhood Democratic",NA,NA
45,98,"GUY","Guyana",4,"East Berbice-Corentyne",45,"Plaisance / Industry","Neighbourhood Democratic","Neighbourhood Democratic",NA,NA
46,98,"GUY","Guyana",4,"East Berbice-Corentyne",46,"Soesdyke-Linden highway (including Timehri)","Not Classified","Not Classified",NA,NA
47,98,"GUY","Guyana",4,"East Berbice-Corentyne",47,"St. Cuthberts / Orange Nassau (Mahaica River","Not Classified","Not Classified",NA,NA
48,98,"GUY","Guyana",4,"East Berbice-Corentyne",48,"Te Huist Coverden / Soesdyke","Neighbourhood Democratic","Neighbourhood Democratic",NA,NA
49,98,"GUY","Guyana",4,"East Berbice-Corentyne",49,"Triumph / Beterverwagting","Neighbourhood Democratic","Neighbourhood Democratic",NA,NA
50,98,"GUY","Guyana",4,"East Berbice-Corentyne",50,"Vereeniging / Unity","Neighbourhood Democratic","Neighbourhood Democratic",NA,NA
51,98,"GUY","Guyana",5,"Essequibo Islands-West Demerara",51,"Abary / Mahaicony","Neighbourhood Democratic","Neighbourhood Democratic",NA,NA
52,98,"GUY","Guyana",5,"Essequibo Islands-West Demerara",52,"Bel Air / Woodlands","Neighbourhood Democratic","Neighbourhood Democratic",NA,NA
53,98,"GUY","Guyana",5,"Essequibo Islands-West Demerara",53,"Chance / Hamlet","Neighbourhood Democratic","Neighbourhood Democratic",NA,NA
54,98,"GUY","Guyana",5,"Essequibo Islands-West Demerara",54,"Farm / Woodlands","Neighbourhood Democratic","Neighbourhood Democratic",NA,NA
55,98,"GUY","Guyana",5,"Essequibo Islands-West Demerara",55,"Gelderland / No 3","Neighbourhood Democratic","Neighbourhood Democratic",NA,NA
56,98,"GUY","Guyana",5,"Essequibo Islands-West Demerara",56,"Naarstigheid / Union","Neighbourhood Democratic","Neighbourhood Democratic",NA,NA
57,98,"GUY","Guyana",5,"Essequibo Islands-West Demerara",57,"Rising Sun / Profit","Neighbourhood Democratic","Neighbourhood Democratic",NA,NA
58,98,"GUY","Guyana",5,"Essequibo Islands-West Demerara",58,"Rosignol / Zeelust","Neighbourhood Democratic","Neighbourhood Democratic",NA,NA
59,98,"GUY","Guyana",5,"Essequibo Islands-West Demerara",59,"St. Francis Mission","Not Classified","Not Classified",NA,NA
60,98,"GUY","Guyana",5,"Essequibo Islands-West Demerara",60,"Tempe / Seafield","Neighbourhood Democratic","Neighbourhood Democratic",NA,NA
61,98,"GUY","Guyana",5,"Essequibo Islands-West Demerara",61,"West bank Berbice (river)","Not Classified","Not Classified",NA,NA
62,98,"GUY","Guyana",5,"Essequibo Islands-West Demerara",62,"Woodley Park / Bath","Neighbourhood Democratic","Neighbourhood Democratic",NA,NA
63,98,"GUY","Guyana",6,"Mahaica-Berbice",63,"Black Bush Polder land Development Scheme","Neighbourhood Democratic","Neighbourhood Democratic",NA,NA
64,98,"GUY","Guyana",6,"Mahaica-Berbice",64,"Borlam ( No.37 ) / Kintyre","Neighbourhood Democratic","Neighbourhood Democratic",NA,NA
65,98,"GUY","Guyana",6,"Mahaica-Berbice",65,"Bush Lot / Adventure","Neighbourhood Democratic","Neighbourhood Democratic",NA,NA
66,98,"GUY","Guyana",6,"Mahaica-Berbice",66,"Cane Field / Enterprise","Neighbourhood Democratic","Neighbourhood Democratic",NA,NA
67,98,"GUY","Guyana",6,"Mahaica-Berbice",67,"Corentyne River","Not Classified","Not Classified",NA,NA
68,98,"GUY","Guyana",6,"Mahaica-Berbice",68,"Corriverton","Municipality","Municipality",NA,NA
69,98,"GUY","Guyana",6,"Mahaica-Berbice",69,"East Bank Berbice","Not Classified","Not Classified",NA,NA
70,98,"GUY","Guyana",6,"Mahaica-Berbice",70,"Enfield / New Doe Park","Neighbourhood Democratic","Neighbourhood Democratic",NA,NA
71,98,"GUY","Guyana",6,"Mahaica-Berbice",71,"Fyrish / Gibraltar","Neighbourhood Democratic","Neighbourhood Democratic",NA,NA
72,98,"GUY","Guyana",6,"Mahaica-Berbice",72,"Hampshire / Kilcoy","Neighbourhood Democratic","Neighbourhood Democratic",NA,NA
73,98,"GUY","Guyana",6,"Mahaica-Berbice",73,"Hogstye / Lancaster","Neighbourhood Democratic","Neighbourhood Democratic",NA,NA
74,98,"GUY","Guyana",6,"Mahaica-Berbice",74,"Jackson Creek / Crabwood creek","Neighbourhood Democratic","Neighbourhood Democratic",NA,NA
75,98,"GUY","Guyana",6,"Mahaica-Berbice",75,"John / Port Mourant","Neighbourhood Democratic","Neighbourhood Democratic",NA,NA
76,98,"GUY","Guyana",6,"Mahaica-Berbice",76,"Joppa / Macedonia","Neighbourhood Democratic","Neighbourhood Democratic",NA,NA
77,98,"GUY","Guyana",6,"Mahaica-Berbice",77,"New Amsterdam","Municipality","Municipality",NA,NA
78,98,"GUY","Guyana",6,"Mahaica-Berbice",78,"No. 38 / Ordnance Fortlands","Neighbourhood Democratic","Neighbourhood Democratic",NA,NA
79,98,"GUY","Guyana",6,"Mahaica-Berbice",79,"No.51 Village / Good hope","Neighbourhood Democratic","Neighbourhood Democratic",NA,NA
80,98,"GUY","Guyana",6,"Mahaica-Berbice",80,"No.74 Village / No.52 Village","Neighbourhood Democratic","Neighbourhood Democratic",NA,NA
81,98,"GUY","Guyana",6,"Mahaica-Berbice",81,"Rose Hall","Municipality","Municipality",NA,NA
82,98,"GUY","Guyana",6,"Mahaica-Berbice",82,"Tarlogie / Maida","Neighbourhood Democratic","Neighbourhood Democratic",NA,NA
83,98,"GUY","Guyana",6,"Mahaica-Berbice",83,"Whim / Bloomfield","Neighbourhood Democratic","Neighbourhood Democratic",NA,NA
84,98,"GUY","Guyana",7,"Pomeroon-Supenaam",84,"Agatash","Not Classified","Not Classified",NA,NA
85,98,"GUY","Guyana",7,"Pomeroon-Supenaam",85,"Arau","Not Classified","Not Classified",NA,NA
86,98,"GUY","Guyana",7,"Pomeroon-Supenaam",86,"Bartica","Neighbourhood Democratic","Neighbourhood Democratic",NA,NA
87,98,"GUY","Guyana",7,"Pomeroon-Supenaam",87,"Jawalla, Kubenang River","Not Classified","Not Classified",NA,NA
88,98,"GUY","Guyana",7,"Pomeroon-Supenaam",88,"Kamarang","Not Classified","Not Classified",NA,NA
89,98,"GUY","Guyana",7,"Pomeroon-Supenaam",89,"Karambaru to Kukui River + Phillipi","Not Classified","Not Classified",NA,NA
90,98,"GUY","Guyana",7,"Pomeroon-Supenaam",90,"Paruima","Not Classified","Not Classified",NA,NA
91,98,"GUY","Guyana",7,"Pomeroon-Supenaam",91,"Rest of Region 7","Not Classified","Not Classified",NA,NA
92,98,"GUY","Guyana",7,"Pomeroon-Supenaam",92,"Waramadan","Not Classified","Not Classified",NA,NA
93,98,"GUY","Guyana",8,"Potaro-Siparuni",93,"Chenapau River","Not Classified","Not Classified",NA,NA
94,98,"GUY","Guyana",8,"Potaro-Siparuni",94,"Kaibarupai","Not Classified","Not Classified",NA,NA
95,98,"GUY","Guyana",8,"Potaro-Siparuni",95,"Kopanang, Waipa, Kenepai","Not Classified","Not Classified",NA,NA
96,98,"GUY","Guyana",8,"Potaro-Siparuni",96,"Kurukabaru","Not Classified","Not Classified",NA,NA
97,98,"GUY","Guyana",8,"Potaro-Siparuni",97,"Madhia + Kurubrong River + Mona Falls","Not Classified","Not Classified",NA,NA
98,98,"GUY","Guyana",8,"Potaro-Siparuni",98,"Monkey Mountain","Not Classified","Not Classified",NA,NA
99,98,"GUY","Guyana",8,"Potaro-Siparuni",99,"Paramakatoi","Not Classified","Not Classified",NA,NA
100,98,"GUY","Guyana",8,"Potaro-Siparuni",100,"Rest of Region 8","Not Classified","Not Classified",NA,NA
101,98,"GUY","Guyana",9,"Upper Demerara-Berbice",101,"Aishalton - Karaudanawa, Achiwib","Not Classified","Not Classified",NA,NA
102,98,"GUY","Guyana",9,"Upper Demerara-Berbice",102,"Ireng / Sawariwau ( Including  St. Ignatius","Neighbourhood Democratic","Neighbourhood Democratic",NA,NA
103,98,"GUY","Guyana",9,"Upper Demerara-Berbice",103,"Marudi","Not Classified","Not Classified",NA,NA
104,98,"GUY","Guyana",9,"Upper Demerara-Berbice",104,"Rest of Region 9","Not Classified","Not Classified",NA,NA
105,98,"GUY","Guyana",9,"Upper Demerara-Berbice",105,"Sand Creek - Dadanawa, Catunarib, Sawariwau","Not Classified","Not Classified",NA,NA
106,98,"GUY","Guyana",9,"Upper Demerara-Berbice",106,"Toka - Jakaretinga","Not Classified","Not Classified",NA,NA
107,98,"GUY","Guyana",9,"Upper Demerara-Berbice",107,"Yakarinta - Wowetta, Surama","Not Classified","Not Classified",NA,NA
108,98,"GUY","Guyana",9,"Upper Demerara-Berbice",108,"Yarong Paru - Good Hope","Not Classified","Not Classified",NA,NA
109,98,"GUY","Guyana",10,"Upper Takutu-Upper Essequibo",109,"Berbice River settlements","Not Classified","Not Classified",NA,NA
110,98,"GUY","Guyana",10,"Upper Takutu-Upper Essequibo",110,"Coomaka Lands","Not Classified","Not Classified",NA,NA
111,98,"GUY","Guyana",10,"Upper Takutu-Upper Essequibo",111,"Ituni","Not Classified","Not Classified",NA,NA
112,98,"GUY","Guyana",10,"Upper Takutu-Upper Essequibo",112,"Kwakwani","Neighbourhood Democratic","Neighbourhood Democratic",NA,NA
113,98,"GUY","Guyana",10,"Upper Takutu-Upper Essequibo",113,"Linden","Municipality","Municipality",NA,NA
114,98,"GUY","Guyana",10,"Upper Takutu-Upper Essequibo",114,"Mabura Hill","Not Classified","Not Classified",NA,NA
115,98,"GUY","Guyana",10,"Upper Takutu-Upper Essequibo",115,"Makouria River","Not Classified","Not Classified",NA,NA
116,98,"GUY","Guyana",10,"Upper Takutu-Upper Essequibo",116,"Rest of Region 10","Not Classified","Not Classified",NA,NA
