"OBJECTID","ID_0","ISO","NAME_0","ID_1","NAME_1","TYPE_1","ENGTYPE_1","NL_NAME_1","VARNAME_1"
1,98,"GUY","Guyana",1,"Barima-Waini","Region","Region",NA,NA
2,98,"GUY","Guyana",2,"Cuyuni-Mazaruni","Region","Region",NA,NA
3,98,"GUY","Guyana",3,"Demerara-Mahaica","Region","Region",NA,NA
4,98,"GUY","Guyana",4,"East Berbice-Corentyne","Region","Region",NA,NA
5,98,"GUY","Guyana",5,"Essequibo Islands-West Demerara","Region","Region",NA,NA
6,98,"GUY","Guyana",6,"Mahaica-Berbice","Region","Region",NA,NA
7,98,"GUY","Guyana",7,"Pomeroon-Supenaam","Region","Region",NA,NA
8,98,"GUY","Guyana",8,"Potaro-Siparuni","Region","Region",NA,NA
9,98,"GUY","Guyana",9,"Upper Demerara-Berbice","Region","Region",NA,NA
10,98,"GUY","Guyana",10,"Upper Takutu-Upper Essequibo","Region","Region",NA,NA
