"OBJECTID","ID_0","ISO","NAME_0","ID_1","NAME_1","TYPE_1","ENGTYPE_1","NL_NAME_1","VARNAME_1"
1,183,"PRI","Puerto Rico",1,"Añasco","Municipio","Municipality",NA,NA
2,183,"PRI","Puerto Rico",2,"Adjuntas","Municipio","Municipality",NA,NA
3,183,"PRI","Puerto Rico",3,"Aguada","Municipio","Municipality",NA,NA
4,183,"PRI","Puerto Rico",4,"Aguadilla","Municipio","Municipality",NA,NA
5,183,"PRI","Puerto Rico",5,"Aguas Buenas","Municipio","Municipality",NA,NA
6,183,"PRI","Puerto Rico",6,"Aibonito","Municipio","Municipality",NA,NA
7,183,"PRI","Puerto Rico",7,"Arecibo","Municipio","Municipality",NA,NA
8,183,"PRI","Puerto Rico",8,"Arroyo","Municipio","Municipality",NA,NA
9,183,"PRI","Puerto Rico",9,"Barceloneta","Municipio","Municipality",NA,NA
10,183,"PRI","Puerto Rico",10,"Barranquitas","Municipio","Municipality",NA,NA
11,183,"PRI","Puerto Rico",11,"Bayamón","Municipio","Municipality",NA,NA
12,183,"PRI","Puerto Rico",12,"Cabo Rojo","Municipio","Municipality",NA,NA
13,183,"PRI","Puerto Rico",13,"Caguas","Municipio","Municipality",NA,NA
14,183,"PRI","Puerto Rico",14,"Camuy","Municipio","Municipality",NA,NA
15,183,"PRI","Puerto Rico",15,"Canóvanas","Municipio","Municipality",NA,NA
16,183,"PRI","Puerto Rico",16,"Carolina","Municipio","Municipality",NA,NA
17,183,"PRI","Puerto Rico",17,"Cataño","Municipio","Municipality",NA,NA
18,183,"PRI","Puerto Rico",18,"Cayey","Municipio","Municipality",NA,NA
19,183,"PRI","Puerto Rico",19,"Ceiba","Municipio","Municipality",NA,NA
20,183,"PRI","Puerto Rico",20,"Ciales","Municipio","Municipality",NA,NA
21,183,"PRI","Puerto Rico",21,"Cidra","Municipio","Municipality",NA,NA
22,183,"PRI","Puerto Rico",22,"Coamo","Municipio","Municipality",NA,NA
23,183,"PRI","Puerto Rico",23,"Comerío","Municipio","Municipality",NA,NA
24,183,"PRI","Puerto Rico",24,"Corozal","Municipio","Municipality",NA,NA
25,183,"PRI","Puerto Rico",25,"Culebra","Municipio","Municipality",NA,NA
26,183,"PRI","Puerto Rico",26,"Dorado","Municipio","Municipality",NA,NA
27,183,"PRI","Puerto Rico",27,"Fajardo","Municipio","Municipality",NA,NA
28,183,"PRI","Puerto Rico",28,"Florida","Municipio","Municipality",NA,NA
29,183,"PRI","Puerto Rico",29,"Guánica","Municipio","Municipality",NA,NA
30,183,"PRI","Puerto Rico",30,"Guayama","Municipio","Municipality",NA,NA
31,183,"PRI","Puerto Rico",31,"Guayanilla","Municipio","Municipality",NA,NA
32,183,"PRI","Puerto Rico",32,"Guaynabo","Municipio","Municipality",NA,NA
33,183,"PRI","Puerto Rico",33,"Gurabo","Municipio","Municipality",NA,NA
34,183,"PRI","Puerto Rico",34,"Hatillo","Municipio","Municipality",NA,NA
35,183,"PRI","Puerto Rico",35,"Hormigueros","Municipio","Municipality",NA,NA
36,183,"PRI","Puerto Rico",36,"Humacao","Municipio","Municipality",NA,NA
37,183,"PRI","Puerto Rico",37,"Isabela","Municipio","Municipality",NA,NA
38,183,"PRI","Puerto Rico",38,"Jayuya","Municipio","Municipality",NA,NA
39,183,"PRI","Puerto Rico",39,"Juana Díaz","Municipio","Municipality",NA,NA
40,183,"PRI","Puerto Rico",40,"Juncos","Municipio","Municipality",NA,NA
41,183,"PRI","Puerto Rico",41,"Lajas","Municipio","Municipality",NA,NA
42,183,"PRI","Puerto Rico",42,"Lares","Municipio","Municipality",NA,NA
43,183,"PRI","Puerto Rico",43,"Las Marías","Municipio","Municipality",NA,NA
44,183,"PRI","Puerto Rico",44,"Las Piedras","Municipio","Municipality",NA,NA
45,183,"PRI","Puerto Rico",45,"Loíza","Municipio","Municipality",NA,NA
46,183,"PRI","Puerto Rico",46,"Luquillo","Municipio","Municipality",NA,NA
47,183,"PRI","Puerto Rico",47,"Manatí","Municipio","Municipality",NA,NA
48,183,"PRI","Puerto Rico",48,"Maricao","Municipio","Municipality",NA,NA
49,183,"PRI","Puerto Rico",49,"Maunabo","Municipio","Municipality",NA,NA
50,183,"PRI","Puerto Rico",50,"Mayagüez","Municipio","Municipality",NA,NA
51,183,"PRI","Puerto Rico",51,"Moca","Municipio","Municipality",NA,NA
52,183,"PRI","Puerto Rico",52,"Morovis","Municipio","Municipality",NA,NA
53,183,"PRI","Puerto Rico",53,"Naguabo","Municipio","Municipality",NA,NA
54,183,"PRI","Puerto Rico",54,"Naranjito","Municipio","Municipality",NA,NA
55,183,"PRI","Puerto Rico",55,"Orocovis","Municipio","Municipality",NA,NA
56,183,"PRI","Puerto Rico",56,"Patillas","Municipio","Municipality",NA,NA
57,183,"PRI","Puerto Rico",57,"Peñuelas","Municipio","Municipality",NA,NA
58,183,"PRI","Puerto Rico",58,"Ponce","Municipio","Municipality",NA,NA
59,183,"PRI","Puerto Rico",59,"Quebradillas","Municipio","Municipality",NA,NA
60,183,"PRI","Puerto Rico",60,"Río Grande","Municipio","Municipality",NA,NA
61,183,"PRI","Puerto Rico",61,"Rincón","Municipio","Municipality",NA,NA
62,183,"PRI","Puerto Rico",62,"Sabana Grande","Municipio","Municipality",NA,NA
63,183,"PRI","Puerto Rico",63,"Salinas","Municipio","Municipality",NA,NA
64,183,"PRI","Puerto Rico",64,"San Germán","Municipio","Municipality",NA,NA
65,183,"PRI","Puerto Rico",65,"San Juan","Municipio|Senatorial District","Municipality",NA,NA
66,183,"PRI","Puerto Rico",66,"San Lorenzo","Municipio","Municipality",NA,NA
67,183,"PRI","Puerto Rico",67,"San Sebastián","Municipio","Municipality",NA,NA
68,183,"PRI","Puerto Rico",68,"Santa Isabel","Municipio","Municipality",NA,NA
69,183,"PRI","Puerto Rico",69,"Toa Alta","Municipio","Municipality",NA,NA
70,183,"PRI","Puerto Rico",70,"Toa Baja","Municipio","Municipality",NA,NA
71,183,"PRI","Puerto Rico",71,"Trujillo Alto","Municipio","Municipality",NA,NA
72,183,"PRI","Puerto Rico",72,"Utuado","Municipio","Municipality",NA,NA
73,183,"PRI","Puerto Rico",73,"Vega Alta","Municipio","Municipality",NA,NA
74,183,"PRI","Puerto Rico",74,"Vega Baja","Municipio","Municipality",NA,NA
75,183,"PRI","Puerto Rico",75,"Vieques","Municipio","Municipality",NA,NA
76,183,"PRI","Puerto Rico",76,"Villalba","Municipio","Municipality",NA,NA
77,183,"PRI","Puerto Rico",77,"Yabucoa","Municipio","Municipality",NA,NA
78,183,"PRI","Puerto Rico",78,"Yauco","Municipio","Municipality",NA,NA
