"OBJECTID","ID_0","ISO","NAME_0","ID_1","NAME_1","ID_2","NAME_2","TYPE_2","ENGTYPE_2","NL_NAME_2","VARNAME_2"
1,46,"CAF","Central African Republic",1,"Bamingui-Bangoran",1,"Bamingui","Sous-préfecture","Sub-prefecture",NA,NA
2,46,"CAF","Central African Republic",1,"Bamingui-Bangoran",2,"Ndélé","Sous-préfecture","Sub-prefecture",NA,NA
3,46,"CAF","Central African Republic",2,"Bangui",3,"Bangui","Sous-préfecture","Sub-prefecture",NA,NA
4,46,"CAF","Central African Republic",3,"Basse-Kotto",4,"Alindao","Sous-préfecture","Sub-prefecture",NA,NA
5,46,"CAF","Central African Republic",3,"Basse-Kotto",5,"Kembé","Sous-préfecture","Sub-prefecture",NA,NA
6,46,"CAF","Central African Republic",3,"Basse-Kotto",6,"Mingala","Sous-préfecture","Sub-prefecture",NA,NA
7,46,"CAF","Central African Republic",3,"Basse-Kotto",7,"Mobaye","Sous-préfecture","Sub-prefecture",NA,NA
8,46,"CAF","Central African Republic",4,"Haut-Mbomou",8,"Djemah","Sous-préfecture","Sub-prefecture",NA,NA
9,46,"CAF","Central African Republic",4,"Haut-Mbomou",9,"Obo","Sous-préfecture","Sub-prefecture",NA,NA
10,46,"CAF","Central African Republic",4,"Haut-Mbomou",10,"Zémio","Sous-préfecture","Sub-prefecture",NA,NA
11,46,"CAF","Central African Republic",5,"Haute-Kotto",11,"Bria","Sous-préfecture","Sub-prefecture",NA,NA
12,46,"CAF","Central African Republic",5,"Haute-Kotto",12,"Ouadda","Sous-préfecture","Sub-prefecture",NA,NA
13,46,"CAF","Central African Republic",5,"Haute-Kotto",13,"Yalinga","Sous-préfecture","Sub-prefecture",NA,NA
14,46,"CAF","Central African Republic",6,"Kémo",14,"Dékoa","Sous-préfecture","Sub-prefecture",NA,NA
15,46,"CAF","Central African Republic",6,"Kémo",15,"Sibut","Sous-préfecture","Sub-prefecture",NA,NA
16,46,"CAF","Central African Republic",7,"Lobaye",16,"Boda","Sous-préfecture","Sub-prefecture",NA,NA
17,46,"CAF","Central African Republic",7,"Lobaye",17,"M'Baïki","Sous-préfecture","Sub-prefecture",NA,"Mbaki"
18,46,"CAF","Central African Republic",7,"Lobaye",18,"Mongoumba","Sous-préfecture","Sub-prefecture",NA,NA
19,46,"CAF","Central African Republic",8,"Mambéré-Kadéï",19,"Berbérati","Sous-préfecture","Sub-prefecture",NA,NA
20,46,"CAF","Central African Republic",8,"Mambéré-Kadéï",20,"Carnot","Sous-préfecture","Sub-prefecture",NA,NA
21,46,"CAF","Central African Republic",8,"Mambéré-Kadéï",21,"Gamboula","Sous-préfecture","Sub-prefecture",NA,NA
22,46,"CAF","Central African Republic",9,"Mbomou",22,"Bakouma","Sous-préfecture","Sub-prefecture",NA,NA
23,46,"CAF","Central African Republic",9,"Mbomou",23,"Bangassou","Sous-préfecture","Sub-prefecture",NA,NA
24,46,"CAF","Central African Republic",9,"Mbomou",24,"Gambo-Ouango","Sous-préfecture","Sub-prefecture",NA,NA
25,46,"CAF","Central African Republic",9,"Mbomou",25,"Rafaï","Sous-préfecture","Sub-prefecture",NA,NA
26,46,"CAF","Central African Republic",10,"Nana-Grébizi",26,"Kaga-Bandoro","Sous-préfecture","Sub-prefecture",NA,NA
27,46,"CAF","Central African Republic",10,"Nana-Grébizi",27,"Mbrès","Sous-préfecture","Sub-prefecture",NA,NA
28,46,"CAF","Central African Republic",11,"Nana-Mambéré",28,"Baboua","Sous-préfecture","Sub-prefecture",NA,NA
29,46,"CAF","Central African Republic",11,"Nana-Mambéré",29,"Baoro","Sous-préfecture","Sub-prefecture",NA,NA
30,46,"CAF","Central African Republic",11,"Nana-Mambéré",30,"Bouar","Sous-préfecture","Sub-prefecture",NA,NA
31,46,"CAF","Central African Republic",12,"Ombella-M'Poko",31,"Bimbo","Sous-préfecture","Sub-prefecture",NA,NA
32,46,"CAF","Central African Republic",12,"Ombella-M'Poko",32,"Boali","Sous-préfecture","Sub-prefecture",NA,NA
33,46,"CAF","Central African Republic",12,"Ombella-M'Poko",33,"Damara","Sous-préfecture","Sub-prefecture",NA,NA
34,46,"CAF","Central African Republic",12,"Ombella-M'Poko",34,"Yaloké","Sous-préfecture","Sub-prefecture",NA,"Yaloke-Bossembele"
35,46,"CAF","Central African Republic",13,"Ouaka",35,"Bakala","Sous-préfecture","Sub-prefecture",NA,NA
36,46,"CAF","Central African Republic",13,"Ouaka",36,"Bambari","Sous-préfecture","Sub-prefecture",NA,NA
37,46,"CAF","Central African Republic",13,"Ouaka",37,"Grimari","Sous-préfecture","Sub-prefecture",NA,NA
38,46,"CAF","Central African Republic",13,"Ouaka",38,"Ippy","Sous-préfecture","Sub-prefecture",NA,NA
39,46,"CAF","Central African Republic",13,"Ouaka",39,"Kouango","Sous-préfecture","Sub-prefecture",NA,NA
40,46,"CAF","Central African Republic",14,"Ouham-Pendé",40,"Bocaranga","Sous-préfecture","Sub-prefecture",NA,NA
41,46,"CAF","Central African Republic",14,"Ouham-Pendé",41,"Bozoum","Sous-préfecture","Sub-prefecture",NA,NA
42,46,"CAF","Central African Republic",14,"Ouham-Pendé",42,"Paoua","Sous-préfecture","Sub-prefecture",NA,NA
43,46,"CAF","Central African Republic",15,"Ouham",43,"Batangafo","Sous-préfecture","Sub-prefecture",NA,NA
44,46,"CAF","Central African Republic",15,"Ouham",44,"Bossangoa","Sous-préfecture","Sub-prefecture",NA,NA
45,46,"CAF","Central African Republic",15,"Ouham",45,"Bouca","Sous-préfecture","Sub-prefecture",NA,NA
46,46,"CAF","Central African Republic",15,"Ouham",46,"Kabo","Sous-préfecture","Sub-prefecture",NA,NA
47,46,"CAF","Central African Republic",15,"Ouham",47,"Markounda","Sous-préfecture","Sub-prefecture",NA,NA
48,46,"CAF","Central African Republic",16,"Sangha-Mbaéré",48,"Bambio","Sous-préfecture","Sub-prefecture",NA,NA
49,46,"CAF","Central African Republic",16,"Sangha-Mbaéré",49,"Nola","Sous-préfecture","Sub-prefecture",NA,NA
50,46,"CAF","Central African Republic",17,"Vakaga",50,"Birao","Sous-préfecture","Sub-prefecture",NA,NA
51,46,"CAF","Central African Republic",17,"Vakaga",51,"Ouanda Djallé","Sous-préfecture","Sub-prefecture",NA,NA
