"OBJECTID","ID_0","ISO","NAME_0","ID_1","NAME_1","TYPE_1","ENGTYPE_1","NL_NAME_1","VARNAME_1"
1,93,"GUM","Guam",1,"Agana Heights","Municipality","Municipality",NA,NA
2,93,"GUM","Guam",2,"Agat","Municipality","Municipality",NA,NA
3,93,"GUM","Guam",3,"Asan","Municipality","Municipality",NA,NA
4,93,"GUM","Guam",4,"Barrigada","Municipality","Municipality",NA,NA
5,93,"GUM","Guam",5,"Chalan-Pago-Ordot","Municipality","Municipality",NA,NA
6,93,"GUM","Guam",6,"Dededo","Municipality","Municipality",NA,NA
7,93,"GUM","Guam",7,"Hagåtña","Municipality","Municipality",NA,"Agana"
8,93,"GUM","Guam",8,"Inarajan","Municipality","Municipality",NA,NA
9,93,"GUM","Guam",9,"Mangilao","Municipality","Municipality",NA,"Machanao"
10,93,"GUM","Guam",10,"Merizo","Municipality","Municipality",NA,NA
11,93,"GUM","Guam",11,"Mongmong-Toto-Maite","Municipality","Municipality",NA,NA
12,93,"GUM","Guam",12,"Piti","Municipality","Municipality",NA,NA
13,93,"GUM","Guam",13,"Santa Rita","Municipality","Municipality",NA,NA
14,93,"GUM","Guam",14,"Sinajana","Municipality","Municipality",NA,NA
15,93,"GUM","Guam",15,"Talofofo","Municipality","Municipality",NA,NA
16,93,"GUM","Guam",16,"Tamuning","Municipality","Municipality",NA,NA
17,93,"GUM","Guam",17,"Umatac","Municipality","Municipality",NA,NA
18,93,"GUM","Guam",18,"Yigo","Municipality","Municipality",NA,NA
19,93,"GUM","Guam",19,"Yona","Municipality","Municipality",NA,NA
