"OBJECTID","ID_0","ISO","NAME_0","ID_1","NAME_1","TYPE_1","ENGTYPE_1","NL_NAME_1","VARNAME_1"
1,76,"FRO","Faroe Islands",1,"Eysturoyar","Syssel|sýsla","Region",NA,"Østerø|Eysturoy"
2,76,"FRO","Faroe Islands",2,"Norderøerne","Syssel|sýsla","Region",NA,"Norðoya|Norderøer"
3,76,"FRO","Faroe Islands",3,"Sandoyar","Syssel|sýsla","Region",NA,"Sandø|Sadoy"
4,76,"FRO","Faroe Islands",4,"Streymoyar","Syssel|sýsla","Region",NA,"Strømø|Stremoy|Streymoy"
5,76,"FRO","Faroe Islands",5,"Suðuroyar","Syssel|sýsla","Region",NA,"Suðuroy|Syderø"
6,76,"FRO","Faroe Islands",6,"Vågø","Syssel|sýsla","Region",NA,"Vága|Vágar|Vaagø"
