"OBJECTID","ID_0","ISO","NAME_0","ID_1","NAME_1","TYPE_1","ENGTYPE_1","NL_NAME_1","VARNAME_1"
1,175,"PNG","Papua New Guinea",1,"Bougainville","Autonomous regions","Autonomous regions",NA,"Northern Solomon Islands|North Solomons"
2,175,"PNG","Papua New Guinea",2,"Central","Province","Province",NA,NA
3,175,"PNG","Papua New Guinea",3,"Chimbu","Province","Province",NA,"Simbu"
4,175,"PNG","Papua New Guinea",4,"East New Britain","Province","Province",NA,"Nova Bretanha Oriental|Nuova Britannia Orientale"
5,175,"PNG","Papua New Guinea",5,"East Sepik","Province","Province",NA,NA
6,175,"PNG","Papua New Guinea",6,"Eastern Highlands","Province","Province",NA,"Planalto Oriental"
7,175,"PNG","Papua New Guinea",7,"Enga","Province","Province",NA,NA
8,175,"PNG","Papua New Guinea",8,"Gulf","Province","Province",NA,NA
9,175,"PNG","Papua New Guinea",9,"Hela","Province","Province",NA,NA
10,175,"PNG","Papua New Guinea",10,"Jiwaka","Province","Province",NA,NA
11,175,"PNG","Papua New Guinea",11,"Madang","Province","Province",NA,NA
12,175,"PNG","Papua New Guinea",12,"Manus","Province","Province",NA,NA
13,175,"PNG","Papua New Guinea",13,"Milne Bay","Province","Province",NA,NA
14,175,"PNG","Papua New Guinea",14,"Morobe","Province","Province",NA,NA
15,175,"PNG","Papua New Guinea",15,"National Capital District","District","District",NA,"NCD"
16,175,"PNG","Papua New Guinea",16,"New Ireland","Province","Province",NA,"Neuirland|Nouvelle-Irlande|Nova Irlanda|Nuova Irlanda"
17,175,"PNG","Papua New Guinea",17,"Oro","Province","Province",NA,"Northern"
18,175,"PNG","Papua New Guinea",18,"Sandaun","Province","Province",NA,"West Sepik"
19,175,"PNG","Papua New Guinea",19,"Southern Highlands","Province","Province",NA,NA
20,175,"PNG","Papua New Guinea",20,"West New Britain","Province","Province",NA,"Nova Bretanha Ocidental|Nuova Britannia Occidentale"
21,175,"PNG","Papua New Guinea",21,"Western Highlands","Province","Province",NA,"Planalto Ocidental"
22,175,"PNG","Papua New Guinea",22,"Western","Province","Province",NA,"Fly"
