"OBJECTID","ID_0","ISO","NAME_0","ID_1","NAME_1","ID_2","NAME_2","TYPE_2","ENGTYPE_2","NL_NAME_2","VARNAME_2"
1,175,"PNG","Papua New Guinea",1,"Bougainville",1,"Central Bougainville","District","District",NA,NA
2,175,"PNG","Papua New Guinea",1,"Bougainville",2,"North Bougainville","District","District",NA,NA
3,175,"PNG","Papua New Guinea",1,"Bougainville",3,"South Bougainville","District","District",NA,NA
4,175,"PNG","Papua New Guinea",2,"Central",4,"Abau","District","District",NA,NA
5,175,"PNG","Papua New Guinea",2,"Central",5,"Goilala","District","District",NA,NA
6,175,"PNG","Papua New Guinea",2,"Central",6,"Kairuku-Hiri","District","District",NA,NA
7,175,"PNG","Papua New Guinea",2,"Central",7,"Rigo","District","District",NA,NA
8,175,"PNG","Papua New Guinea",3,"Chimbu",8,"Chuave","District","District",NA,NA
9,175,"PNG","Papua New Guinea",3,"Chimbu",9,"Gumine","District","District",NA,NA
10,175,"PNG","Papua New Guinea",3,"Chimbu",10,"Karimui-Nomane","District","District",NA,NA
11,175,"PNG","Papua New Guinea",3,"Chimbu",11,"Kerowagi","District","District",NA,NA
12,175,"PNG","Papua New Guinea",3,"Chimbu",12,"Kundiawa-Gembogl","District","District",NA,NA
13,175,"PNG","Papua New Guinea",3,"Chimbu",13,"Sina Sina-Yonggomugl","District","District",NA,NA
14,175,"PNG","Papua New Guinea",4,"East New Britain",14,"Gazelle","District","District",NA,NA
15,175,"PNG","Papua New Guinea",4,"East New Britain",15,"Kokopo","District","District",NA,NA
16,175,"PNG","Papua New Guinea",4,"East New Britain",16,"Pomio","District","District",NA,NA
17,175,"PNG","Papua New Guinea",4,"East New Britain",17,"Rabaul","District","District",NA,NA
18,175,"PNG","Papua New Guinea",5,"East Sepik",18,"Ambunti-Dreikikir","District","District",NA,NA
19,175,"PNG","Papua New Guinea",5,"East Sepik",19,"Angoram","District","District",NA,NA
20,175,"PNG","Papua New Guinea",5,"East Sepik",20,"Maprik","District","District",NA,NA
21,175,"PNG","Papua New Guinea",5,"East Sepik",21,"Wewak","District","District",NA,"Boikin-Dagua Rural"
22,175,"PNG","Papua New Guinea",5,"East Sepik",22,"Wosera-Gawi","District","District",NA,"Wosera Gawi"
23,175,"PNG","Papua New Guinea",5,"East Sepik",23,"Yangoro-Saussia","District","District",NA,"Yangoro Saussia"
24,175,"PNG","Papua New Guinea",6,"Eastern Highlands",24,"Daulo","District","District",NA,"Asaro-Watabung"
25,175,"PNG","Papua New Guinea",6,"Eastern Highlands",25,"Goroka","District","District",NA,NA
26,175,"PNG","Papua New Guinea",6,"Eastern Highlands",26,"Henganofi","District","District",NA,NA
27,175,"PNG","Papua New Guinea",6,"Eastern Highlands",27,"Kainantu","District","District",NA,NA
28,175,"PNG","Papua New Guinea",6,"Eastern Highlands",28,"Lufa","District","District",NA,NA
29,175,"PNG","Papua New Guinea",6,"Eastern Highlands",29,"Obura-Wonenara","District","District",NA,NA
30,175,"PNG","Papua New Guinea",6,"Eastern Highlands",30,"Okapa","District","District",NA,NA
31,175,"PNG","Papua New Guinea",6,"Eastern Highlands",31,"Unggai-Bena","District","District",NA,"Unggai-Benna"
32,175,"PNG","Papua New Guinea",7,"Enga",32,"Kandep","District","District",NA,NA
33,175,"PNG","Papua New Guinea",7,"Enga",33,"Kompiam-Ambum","District","District",NA,"Kompiam"
34,175,"PNG","Papua New Guinea",7,"Enga",34,"Lagaip-Porgera","District","District",NA,NA
35,175,"PNG","Papua New Guinea",7,"Enga",35,"Wabag","District","District",NA,NA
36,175,"PNG","Papua New Guinea",7,"Enga",36,"Wapenamanda","District","District",NA,NA
37,175,"PNG","Papua New Guinea",8,"Gulf",37,"Kerema","District","District",NA,NA
38,175,"PNG","Papua New Guinea",8,"Gulf",38,"Kikori","District","District",NA,"Ihu Rural"
39,175,"PNG","Papua New Guinea",9,"Hela",39,"Komo-Magarima","District","District",NA,NA
40,175,"PNG","Papua New Guinea",9,"Hela",40,"Koroba-Kopiago","District","District",NA,"Koroba-Lake Kopiago"
41,175,"PNG","Papua New Guinea",9,"Hela",41,"Tari-Pori","District","District",NA,NA
42,175,"PNG","Papua New Guinea",10,"Jiwaka",42,"Anglimp-South Waghi","District","District",NA,NA
43,175,"PNG","Papua New Guinea",10,"Jiwaka",43,"Jimi","District","District",NA,NA
44,175,"PNG","Papua New Guinea",10,"Jiwaka",44,"North Waghi","District","District",NA,NA
45,175,"PNG","Papua New Guinea",11,"Madang",45,"Bogia","District","District",NA,NA
46,175,"PNG","Papua New Guinea",11,"Madang",46,"Madang","District","District",NA,NA
47,175,"PNG","Papua New Guinea",11,"Madang",47,"Middle Ramu","District","District",NA,NA
48,175,"PNG","Papua New Guinea",11,"Madang",48,"Rai Coast","District","District",NA,NA
49,175,"PNG","Papua New Guinea",11,"Madang",49,"Sumkar","District","District",NA,"Sumgilbar Rural"
50,175,"PNG","Papua New Guinea",11,"Madang",50,"Usino-Bundi","District","District",NA,"Usino Bundi"
51,175,"PNG","Papua New Guinea",12,"Manus",51,"Manus","District","District",NA,NA
52,175,"PNG","Papua New Guinea",13,"Milne Bay",52,"Alotau","District","District",NA,NA
53,175,"PNG","Papua New Guinea",13,"Milne Bay",53,"Esa'ala","District","District",NA,NA
54,175,"PNG","Papua New Guinea",13,"Milne Bay",54,"Kiriwina-Goodenough","District","District",NA,NA
55,175,"PNG","Papua New Guinea",13,"Milne Bay",55,"Samarai-Murua","District","District",NA,NA
56,175,"PNG","Papua New Guinea",14,"Morobe",56,"Bulolo","District","District",NA,NA
57,175,"PNG","Papua New Guinea",14,"Morobe",57,"Finschhafen","District","District",NA,NA
58,175,"PNG","Papua New Guinea",14,"Morobe",58,"Huon","District","District",NA,NA
59,175,"PNG","Papua New Guinea",14,"Morobe",59,"Kabwum","District","District",NA,NA
60,175,"PNG","Papua New Guinea",14,"Morobe",60,"Lae","District","District",NA,NA
61,175,"PNG","Papua New Guinea",14,"Morobe",61,"Markham","District","District",NA,NA
62,175,"PNG","Papua New Guinea",14,"Morobe",62,"Menyamya","District","District",NA,NA
63,175,"PNG","Papua New Guinea",14,"Morobe",63,"Nawae","District","District",NA,"Nabak Rural"
64,175,"PNG","Papua New Guinea",14,"Morobe",64,"Tewae-Siassi","District","District",NA,NA
65,175,"PNG","Papua New Guinea",15,"National Capital District",65,"National Capital District","District","District",NA,NA
66,175,"PNG","Papua New Guinea",16,"New Ireland",66,"Kavieng","District","District",NA,NA
67,175,"PNG","Papua New Guinea",16,"New Ireland",67,"Namatanai","District","District",NA,NA
68,175,"PNG","Papua New Guinea",17,"Oro",68,"Ijivitari","District","District",NA,NA
69,175,"PNG","Papua New Guinea",17,"Oro",69,"Sohe","District","District",NA,NA
70,175,"PNG","Papua New Guinea",18,"Sandaun",70,"Aitape-Lumi","District","District",NA,NA
71,175,"PNG","Papua New Guinea",18,"Sandaun",71,"Nuku","District","District",NA,NA
72,175,"PNG","Papua New Guinea",18,"Sandaun",72,"Telefomin","District","District",NA,NA
73,175,"PNG","Papua New Guinea",18,"Sandaun",73,"Vanimo-Green River","District","District",NA,NA
74,175,"PNG","Papua New Guinea",19,"Southern Highlands",74,"Ialibu-Pangia","District","District",NA,"Kewabi Rural"
75,175,"PNG","Papua New Guinea",19,"Southern Highlands",75,"Imbonggu","District","District",NA,NA
76,175,"PNG","Papua New Guinea",19,"Southern Highlands",76,"Kagua-Erave","District","District",NA,NA
77,175,"PNG","Papua New Guinea",19,"Southern Highlands",77,"Mendi-Munihu","District","District",NA,NA
78,175,"PNG","Papua New Guinea",19,"Southern Highlands",78,"Nipa-Kutubu","District","District",NA,NA
79,175,"PNG","Papua New Guinea",20,"West New Britain",79,"Kandrian-Gloucester","District","District",NA,NA
80,175,"PNG","Papua New Guinea",20,"West New Britain",80,"Talasea","District","District",NA,NA
81,175,"PNG","Papua New Guinea",21,"Western Highlands",81,"Dei","District","District",NA,NA
82,175,"PNG","Papua New Guinea",21,"Western Highlands",82,"Mount Hagen","District","District",NA,NA
83,175,"PNG","Papua New Guinea",21,"Western Highlands",83,"Mul-Baiyer","District","District",NA,NA
84,175,"PNG","Papua New Guinea",21,"Western Highlands",84,"Tambul-Nebilyer","District","District",NA,NA
85,175,"PNG","Papua New Guinea",22,"Western",85,"Middle Fly","District","District",NA,"Bamu Rural"
86,175,"PNG","Papua New Guinea",22,"Western",86,"North Fly","District","District",NA,NA
87,175,"PNG","Papua New Guinea",22,"Western",87,"South Fly","District","District",NA,"Morehead Rural"
