"OBJECTID","ID_0","ISO","NAME_0","ID_1","NAME_1","TYPE_1","ENGTYPE_1","NL_NAME_1","VARNAME_1"
1,170,"OMN","Oman",1,"Ad Dakhliyah","Mintaqah","Region",NA,"Ad Dakhiliyah"
2,170,"OMN","Oman",2,"Al Batinah North","Mintaqah","Region",NA,"<Null>"
3,170,"OMN","Oman",3,"Al Batinah South","Mintaqah","Region",NA,"<Null>"
4,170,"OMN","Oman",4,"Al Buraymi","Mintaqah","Region",NA,"Adh Dhahirah|Az Zahirah"
5,170,"OMN","Oman",5,"Al Dhahira","Mintaqah","Region",NA,"Adh Dhahirah|Az Zahirah"
6,170,"OMN","Oman",6,"Al Wusta","Mintaqah","Region",NA,NA
7,170,"OMN","Oman",7,"Ash Sharqiyah North","Mintaqah","Region",NA,NA
8,170,"OMN","Oman",8,"Ash Sharqiyah South","Mintaqah","Region",NA,NA
9,170,"OMN","Oman",9,"Dhofar","Muhafazah","Province",NA,"Al Janubiyah [Zufar]"
10,170,"OMN","Oman",10,"Musandam","Muhafazah","Province",NA,NA
11,170,"OMN","Oman",11,"Muscat","Muhafazah","Province",NA,"Masqat"
