"OBJECTID","ID_0","ISO","NAME_0","ID_1","NAME_1","ID_2","NAME_2","TYPE_2","ENGTYPE_2","NL_NAME_2","VARNAME_2"
1,170,"OMN","Oman",1,"Ad Dakhliyah",1,"Adam","Wilayat","Province",NA,NA
2,170,"OMN","Oman",1,"Ad Dakhliyah",2,"Al Hamra","Wilayat","Province",NA,NA
3,170,"OMN","Oman",1,"Ad Dakhliyah",3,"Bahla","Wilayat","Province",NA,NA
4,170,"OMN","Oman",1,"Ad Dakhliyah",4,"Bid Bid","Wilayat","Province",NA,NA
5,170,"OMN","Oman",1,"Ad Dakhliyah",5,"Izki","Wilayat","Province",NA,NA
6,170,"OMN","Oman",1,"Ad Dakhliyah",6,"Manah","Wilayat","Province",NA,NA
7,170,"OMN","Oman",1,"Ad Dakhliyah",7,"Nizwa","Wilayat","Province",NA,NA
8,170,"OMN","Oman",1,"Ad Dakhliyah",8,"Samail","Wilayat","Province",NA,NA
9,170,"OMN","Oman",2,"Al Batinah North",9,"Al Khabourah","Wilayat","Province",NA,"Al Khaburah"
10,170,"OMN","Oman",2,"Al Batinah North",10,"As Suwaiq","Wilayat","Province",NA,"As Suwayq"
11,170,"OMN","Oman",2,"Al Batinah North",11,"Liwa","Wilayat","Province",NA,NA
12,170,"OMN","Oman",2,"Al Batinah North",12,"Saham","Wilayat","Province",NA,NA
13,170,"OMN","Oman",2,"Al Batinah North",13,"Shinas","Wilayat","Province",NA,NA
14,170,"OMN","Oman",2,"Al Batinah North",14,"Sohar","Wilayat","Province",NA,NA
15,170,"OMN","Oman",3,"Al Batinah South",15,"A Rustaq","Wilayat","Province",NA,"Ar Rustaq"
16,170,"OMN","Oman",3,"Al Batinah South",16,"Al Awabi","Wilayat","Province",NA,NA
17,170,"OMN","Oman",3,"Al Batinah South",17,"Al Masnaah","Wilayat","Province",NA,"Al Musanaah"
18,170,"OMN","Oman",3,"Al Batinah South",18,"Barka","Wilayat","Province",NA,NA
19,170,"OMN","Oman",3,"Al Batinah South",19,"Nakhal","Wilayat","Province",NA,NA
20,170,"OMN","Oman",4,"Al Buraymi",20,"Al Buraimi","Wilayat","Province",NA,"Al Buraymi"
21,170,"OMN","Oman",4,"Al Buraymi",21,"Mahdha","Wilayat","Province",NA,"Mahdah"
22,170,"OMN","Oman",5,"Al Dhahira",22,"Dhank","Wilayat","Province",NA,"Dank"
23,170,"OMN","Oman",5,"Al Dhahira",23,"Ibri","Wilayat","Province",NA,NA
24,170,"OMN","Oman",5,"Al Dhahira",24,"Yanqul","Wilayat","Province",NA,NA
25,170,"OMN","Oman",6,"Al Wusta",25,"Al Wusta","Wilayat","Province",NA,NA
26,170,"OMN","Oman",7,"Ash Sharqiyah North",26,"Al Mudhaibi","Wilayat","Province",NA,"Al Mudaybi"
27,170,"OMN","Oman",7,"Ash Sharqiyah North",27,"Al Qabil","Wilayat","Province",NA,NA
28,170,"OMN","Oman",7,"Ash Sharqiyah North",28,"Al Wafi","Wilayat","Province",NA,"Al Kamil Wa Al Wafi"
29,170,"OMN","Oman",7,"Ash Sharqiyah North",29,"Biddiya","Wilayat","Province",NA,"Bidiyah"
30,170,"OMN","Oman",7,"Ash Sharqiyah North",30,"Ibra","Wilayat","Province",NA,NA
31,170,"OMN","Oman",8,"Ash Sharqiyah South",31,"Jalan Bani","Wilayat","Province",NA,"Jaalan Bani Bu Ali"
32,170,"OMN","Oman",8,"Ash Sharqiyah South",32,"Masirah","Wilayat","Province",NA,NA
33,170,"OMN","Oman",8,"Ash Sharqiyah South",33,"Sur","Wilayat","Province",NA,NA
34,170,"OMN","Oman",9,"Dhofar",34,"Al Halaniyat Islands","Wilayat","Province",NA,"Shalim Wa Juzur Al Hallaniyat"
35,170,"OMN","Oman",9,"Dhofar",35,"Marbat","Wilayat","Province",NA,"Mirbat"
36,170,"OMN","Oman",9,"Dhofar",36,"Muqshin","Wilayat","Province",NA,NA
37,170,"OMN","Oman",9,"Dhofar",37,"Salalah","Wilayat","Province",NA,NA
38,170,"OMN","Oman",9,"Dhofar",38,"Sudh","Wilayat","Province",NA,"Sadh"
39,170,"OMN","Oman",9,"Dhofar",39,"Taqah","Wilayat","Province",NA,NA
40,170,"OMN","Oman",9,"Dhofar",40,"Thumrait","Wilayat","Province",NA,"Thumrayt"
41,170,"OMN","Oman",10,"Musandam",41,"Al Khasab","Wilayat","Province",NA,"Khasab"
42,170,"OMN","Oman",10,"Musandam",42,"Bukha","Wilayat","Province",NA,NA
43,170,"OMN","Oman",10,"Musandam",43,"Diba","Wilayat","Province",NA,"Daba"
44,170,"OMN","Oman",10,"Musandam",44,"Madha","Wilayat","Province",NA,NA
45,170,"OMN","Oman",11,"Muscat",45,"A Seeb","Wilayat","Province",NA,"As Seeb"
46,170,"OMN","Oman",11,"Muscat",46,"Bausher","Wilayat","Province",NA,"Bawshar"
47,170,"OMN","Oman",11,"Muscat",47,"Muscat","Wilayat","Province",NA,NA
48,170,"OMN","Oman",11,"Muscat",48,"Muttrah","Wilayat","Province",NA,"Mutrah"
49,170,"OMN","Oman",11,"Muscat",49,"Quriyat","Wilayat","Province",NA,"Qurayyat"
