"OBJECTID","ID_0","ISO","NAME_0","ID_1","NAME_1","TYPE_1","ENGTYPE_1","NL_NAME_1","VARNAME_1"
1,238,"TUV","Tuvalu",1,"Funafuti","Town Council","Town Council",NA,NA
2,238,"TUV","Tuvalu",2,"Nanumanga","Island Council","Island Council",NA,NA
3,238,"TUV","Tuvalu",3,"Nanumea","Island Council","Island Council",NA,NA
4,238,"TUV","Tuvalu",4,"Niulakita","Island Council","Island Council",NA,"La Solitaria"
5,238,"TUV","Tuvalu",5,"Niutao","Island Council","Island Council",NA,NA
6,238,"TUV","Tuvalu",6,"Nui","Island Council","Island Council",NA,NA
7,238,"TUV","Tuvalu",7,"Nukufetau","Island Council","Island Council",NA,NA
8,238,"TUV","Tuvalu",8,"Nukulaelae","Island Council","Island Council",NA,NA
9,238,"TUV","Tuvalu",9,"Vaitupu","Island Council","Island Council",NA,NA
