"OBJECTID","ID_0","ISO","NAME_0","ID_1","NAME_1","ID_2","NAME_2","ID_3","NAME_3","ID_4","NAME_4","VARNAME_4","TYPE_4","ENGTYPE_4"
1,99,"HTI","Haiti",1,"Centre",1,"Cerca La Source",1,"Cerca La Source",1,"Acajou Bruler 1",NA,"Sub-commune","Sub-commune"
2,99,"HTI","Haiti",1,"Centre",1,"Cerca La Source",1,"Cerca La Source",2,"Acajou Bruler 2",NA,"Sub-commune","Sub-commune"
3,99,"HTI","Haiti",1,"Centre",1,"Cerca La Source",1,"Cerca La Source",3,"La Mielle",NA,"Sub-commune","Sub-commune"
4,99,"HTI","Haiti",1,"Centre",1,"Cerca La Source",2,"Thomasique",4,"Lociane",NA,"Sub-commune","Sub-commune"
5,99,"HTI","Haiti",1,"Centre",1,"Cerca La Source",2,"Thomasique",5,"Matelgate",NA,"Sub-commune","Sub-commune"
6,99,"HTI","Haiti",1,"Centre",2,"Hinche",3,"Cerca Carvajal",6,"Rang",NA,"Sub-commune","Sub-commune"
7,99,"HTI","Haiti",1,"Centre",2,"Hinche",4,"Hinche",7,"Aguahedionde (Rive Droit)",NA,"Sub-commune","Sub-commune"
8,99,"HTI","Haiti",1,"Centre",2,"Hinche",4,"Hinche",8,"Aguahedionde (Rive Gauche)",NA,"Sub-commune","Sub-commune"
9,99,"HTI","Haiti",1,"Centre",2,"Hinche",4,"Hinche",9,"Juanaria",NA,"Sub-commune","Sub-commune"
10,99,"HTI","Haiti",1,"Centre",2,"Hinche",4,"Hinche",10,"Marmont",NA,"Sub-commune","Sub-commune"
11,99,"HTI","Haiti",1,"Centre",2,"Hinche",5,"Maïssade",11,"Hatty",NA,"Sub-commune","Sub-commune"
12,99,"HTI","Haiti",1,"Centre",2,"Hinche",5,"Maïssade",12,"Narang",NA,"Sub-commune","Sub-commune"
13,99,"HTI","Haiti",1,"Centre",2,"Hinche",5,"Maïssade",13,"Savane Grande",NA,"Sub-commune","Sub-commune"
14,99,"HTI","Haiti",1,"Centre",2,"Hinche",6,"Thomonde",14,"Baille Tourrible",NA,"Sub-commune","Sub-commune"
15,99,"HTI","Haiti",1,"Centre",2,"Hinche",6,"Thomonde",15,"Cabral",NA,"Sub-commune","Sub-commune"
16,99,"HTI","Haiti",1,"Centre",2,"Hinche",6,"Thomonde",16,"Tierra Muscady",NA,"Sub-commune","Sub-commune"
17,99,"HTI","Haiti",1,"Centre",3,"Lascahobas",7,"Belladère",17,"Renth Mathe",NA,"Sub-commune","Sub-commune"
18,99,"HTI","Haiti",1,"Centre",3,"Lascahobas",7,"Belladère",18,"Riaribes",NA,"Sub-commune","Sub-commune"
19,99,"HTI","Haiti",1,"Centre",3,"Lascahobas",7,"Belladère",19,"Roye sec",NA,"Sub-commune","Sub-commune"
20,99,"HTI","Haiti",1,"Centre",3,"Lascahobas",8,"Lascahobas",20,"Juampas",NA,"Sub-commune","Sub-commune"
21,99,"HTI","Haiti",1,"Centre",3,"Lascahobas",8,"Lascahobas",21,"La Hoye",NA,"Sub-commune","Sub-commune"
22,99,"HTI","Haiti",1,"Centre",3,"Lascahobas",8,"Lascahobas",22,"Petit Fond",NA,"Sub-commune","Sub-commune"
23,99,"HTI","Haiti",1,"Centre",3,"Lascahobas",9,"Savanette",23,"La Haye",NA,"Sub-commune","Sub-commune"
24,99,"HTI","Haiti",1,"Centre",3,"Lascahobas",9,"Savanette",24,"Savanette","Colombier","Sub-commune","Sub-commune"
25,99,"HTI","Haiti",1,"Centre",4,"Mirebalais",10,"Boucan-Carré",25,"Boucan Carré",NA,"Sub-commune","Sub-commune"
26,99,"HTI","Haiti",1,"Centre",4,"Mirebalais",10,"Boucan-Carré",26,"Des Bayes",NA,"Sub-commune","Sub-commune"
27,99,"HTI","Haiti",1,"Centre",4,"Mirebalais",10,"Boucan-Carré",27,"Petite Montagne",NA,"Sub-commune","Sub-commune"
28,99,"HTI","Haiti",1,"Centre",4,"Mirebalais",11,"Mirebalais",28,"Crête Brûlée",NA,"Sub-commune","Sub-commune"
29,99,"HTI","Haiti",1,"Centre",4,"Mirebalais",11,"Mirebalais",29,"Gascogne",NA,"Sub-commune","Sub-commune"
30,99,"HTI","Haiti",1,"Centre",4,"Mirebalais",11,"Mirebalais",30,"Grand Boucan",NA,"Sub-commune","Sub-commune"
31,99,"HTI","Haiti",1,"Centre",4,"Mirebalais",11,"Mirebalais",31,"Sarazin",NA,"Sub-commune","Sub-commune"
32,99,"HTI","Haiti",1,"Centre",4,"Mirebalais",12,"Saut-d'Eau",32,"Coupe Mardi Gras",NA,"Sub-commune","Sub-commune"
33,99,"HTI","Haiti",1,"Centre",4,"Mirebalais",12,"Saut-d'Eau",33,"La Selle",NA,"Sub-commune","Sub-commune"
34,99,"HTI","Haiti",1,"Centre",4,"Mirebalais",12,"Saut-d'Eau",34,"Montagne Terrible",NA,"Sub-commune","Sub-commune"
35,99,"HTI","Haiti",1,"Centre",4,"Mirebalais",12,"Saut-d'Eau",35,"Rivière Canot",NA,"Sub-commune","Sub-commune"
36,99,"HTI","Haiti",2,"Grand'Anse",5,"Anse d'Hainault",13,"Anse d'Hainault",36,"Boudon",NA,"Sub-commune","Sub-commune"
37,99,"HTI","Haiti",2,"Grand'Anse",5,"Anse d'Hainault",13,"Anse d'Hainault",37,"Grandoit",NA,"Sub-commune","Sub-commune"
38,99,"HTI","Haiti",2,"Grand'Anse",5,"Anse d'Hainault",13,"Anse d'Hainault",38,"Ilet Pierre à Joseph",NA,"Sub-commune","Sub-commune"
39,99,"HTI","Haiti",2,"Grand'Anse",5,"Anse d'Hainault",13,"Anse d'Hainault",39,"Mandou",NA,"Sub-commune","Sub-commune"
40,99,"HTI","Haiti",2,"Grand'Anse",5,"Anse d'Hainault",14,"Dame Marie",40,"Baliverne",NA,"Sub-commune","Sub-commune"
41,99,"HTI","Haiti",2,"Grand'Anse",5,"Anse d'Hainault",14,"Dame Marie",41,"Bariadelle",NA,"Sub-commune","Sub-commune"
42,99,"HTI","Haiti",2,"Grand'Anse",5,"Anse d'Hainault",14,"Dame Marie",42,"Désormeau",NA,"Sub-commune","Sub-commune"
43,99,"HTI","Haiti",2,"Grand'Anse",5,"Anse d'Hainault",14,"Dame Marie",43,"Dallier",NA,"Sub-commune","Sub-commune"
44,99,"HTI","Haiti",2,"Grand'Anse",5,"Anse d'Hainault",14,"Dame Marie",44,"Petite Rivière",NA,"Sub-commune","Sub-commune"
45,99,"HTI","Haiti",2,"Grand'Anse",5,"Anse d'Hainault",15,"Les Irois",45,"Bélair",NA,"Sub-commune","Sub-commune"
46,99,"HTI","Haiti",2,"Grand'Anse",5,"Anse d'Hainault",15,"Les Irois",46,"Carcasse",NA,"Sub-commune","Sub-commune"
47,99,"HTI","Haiti",2,"Grand'Anse",5,"Anse d'Hainault",15,"Les Irois",47,"Matador","Jorgue","Sub-commune","Sub-commune"
48,99,"HTI","Haiti",2,"Grand'Anse",6,"Corail",16,"Beaumont",48,"Beaumont",NA,"Sub-commune","Sub-commune"
49,99,"HTI","Haiti",2,"Grand'Anse",6,"Corail",17,"Corail",49,"Champy","Nan Campeche","Sub-commune","Sub-commune"
50,99,"HTI","Haiti",2,"Grand'Anse",6,"Corail",17,"Corail",50,"Chardonette",NA,"Sub-commune","Sub-commune"
51,99,"HTI","Haiti",2,"Grand'Anse",6,"Corail",17,"Corail",51,"Duquillon",NA,"Sub-commune","Sub-commune"
52,99,"HTI","Haiti",2,"Grand'Anse",6,"Corail",17,"Corail",52,"Fonds d' Icaque",NA,"Sub-commune","Sub-commune"
53,99,"HTI","Haiti",2,"Grand'Anse",6,"Corail",17,"Corail",53,"Mouline",NA,"Sub-commune","Sub-commune"
54,99,"HTI","Haiti",2,"Grand'Anse",6,"Corail",17,"Corail",54,"Pestel",NA,"Sub-commune","Sub-commune"
55,99,"HTI","Haiti",2,"Grand'Anse",6,"Corail",18,"Pestel",55,"Bernagousse",NA,"Sub-commune","Sub-commune"
56,99,"HTI","Haiti",2,"Grand'Anse",6,"Corail",18,"Pestel",56,"Duchity",NA,"Sub-commune","Sub-commune"
57,99,"HTI","Haiti",2,"Grand'Anse",6,"Corail",18,"Pestel",57,"Espere",NA,"Sub-commune","Sub-commune"
58,99,"HTI","Haiti",2,"Grand'Anse",6,"Corail",18,"Pestel",58,"Jean Bellune",NA,"Sub-commune","Sub-commune"
59,99,"HTI","Haiti",2,"Grand'Anse",6,"Corail",18,"Pestel",59,"Tozia",NA,"Sub-commune","Sub-commune"
60,99,"HTI","Haiti",2,"Grand'Anse",6,"Corail",19,"Roseaux",60,"Carrefour Charles",NA,"Sub-commune","Sub-commune"
61,99,"HTI","Haiti",2,"Grand'Anse",6,"Corail",19,"Roseaux",61,"Fonds Cochon",NA,"Sub-commune","Sub-commune"
62,99,"HTI","Haiti",2,"Grand'Anse",6,"Corail",19,"Roseaux",62,"Grand Vincent",NA,"Sub-commune","Sub-commune"
63,99,"HTI","Haiti",2,"Grand'Anse",6,"Corail",19,"Roseaux",63,"Les Gomiers",NA,"Sub-commune","Sub-commune"
64,99,"HTI","Haiti",2,"Grand'Anse",7,"Jérémie",20,"Abricots",64,"Anse du Clerc",NA,"Sub-commune","Sub-commune"
65,99,"HTI","Haiti",2,"Grand'Anse",7,"Jérémie",20,"Abricots",65,"Balisiers",NA,"Sub-commune","Sub-commune"
66,99,"HTI","Haiti",2,"Grand'Anse",7,"Jérémie",20,"Abricots",66,"Danglise",NA,"Sub-commune","Sub-commune"
67,99,"HTI","Haiti",2,"Grand'Anse",7,"Jérémie",20,"Abricots",67,"La Seringue",NA,"Sub-commune","Sub-commune"
68,99,"HTI","Haiti",2,"Grand'Anse",7,"Jérémie",21,"Bonbon",68,"Désormeau","Bonbon","Sub-commune","Sub-commune"
69,99,"HTI","Haiti",2,"Grand'Anse",7,"Jérémie",22,"Chambellan",69,"Boucan",NA,"Sub-commune","Sub-commune"
70,99,"HTI","Haiti",2,"Grand'Anse",7,"Jérémie",22,"Chambellan",70,"Déjean",NA,"Sub-commune","Sub-commune"
71,99,"HTI","Haiti",2,"Grand'Anse",7,"Jérémie",23,"Jérémie",71,"Basse Guinaudée",NA,"Sub-commune","Sub-commune"
72,99,"HTI","Haiti",2,"Grand'Anse",7,"Jérémie",23,"Jérémie",72,"Basse Voldrogue",NA,"Sub-commune","Sub-commune"
73,99,"HTI","Haiti",2,"Grand'Anse",7,"Jérémie",23,"Jérémie",73,"Fonds Rouge Dahere",NA,"Sub-commune","Sub-commune"
74,99,"HTI","Haiti",2,"Grand'Anse",7,"Jérémie",23,"Jérémie",74,"Fonds Rouge Torberck",NA,"Sub-commune","Sub-commune"
75,99,"HTI","Haiti",2,"Grand'Anse",7,"Jérémie",23,"Jérémie",75,"Haute Guinaudée",NA,"Sub-commune","Sub-commune"
76,99,"HTI","Haiti",2,"Grand'Anse",7,"Jérémie",23,"Jérémie",76,"Haute Voldrogue",NA,"Sub-commune","Sub-commune"
77,99,"HTI","Haiti",2,"Grand'Anse",7,"Jérémie",23,"Jérémie",77,"Iles Blanches",NA,"Sub-commune","Sub-commune"
78,99,"HTI","Haiti",2,"Grand'Anse",7,"Jérémie",23,"Jérémie",78,"Marfranc",NA,"Sub-commune","Sub-commune"
79,99,"HTI","Haiti",2,"Grand'Anse",7,"Jérémie",23,"Jérémie",79,"Ravine à Charles",NA,"Sub-commune","Sub-commune"
80,99,"HTI","Haiti",2,"Grand'Anse",7,"Jérémie",24,"Moron",80,"Anotte",NA,"Sub-commune","Sub-commune"
81,99,"HTI","Haiti",2,"Grand'Anse",7,"Jérémie",24,"Moron",81,"L'Assive","Chaumeau","Sub-commune","Sub-commune"
82,99,"HTI","Haiti",2,"Grand'Anse",7,"Jérémie",24,"Moron",82,"Sources Chaudes",NA,"Sub-commune","Sub-commune"
83,99,"HTI","Haiti",3,"L'Artibonite",8,"Dessalines",25,"Desdunes",83,"Desdunes",NA,"Sub-commune","Sub-commune"
84,99,"HTI","Haiti",3,"L'Artibonite",8,"Dessalines",26,"Dessalines",84,"Fiéfé",NA,"Sub-commune","Sub-commune"
85,99,"HTI","Haiti",3,"L'Artibonite",8,"Dessalines",26,"Dessalines",85,"Fossé Naboth",NA,"Sub-commune","Sub-commune"
86,99,"HTI","Haiti",3,"L'Artibonite",8,"Dessalines",26,"Dessalines",86,"La Croix",NA,"Sub-commune","Sub-commune"
87,99,"HTI","Haiti",3,"L'Artibonite",8,"Dessalines",26,"Dessalines",87,"Ogé",NA,"Sub-commune","Sub-commune"
88,99,"HTI","Haiti",3,"L'Artibonite",8,"Dessalines",26,"Dessalines",88,"Poste Pierrot",NA,"Sub-commune","Sub-commune"
89,99,"HTI","Haiti",3,"L'Artibonite",8,"Dessalines",26,"Dessalines",89,"Villars",NA,"Sub-commune","Sub-commune"
90,99,"HTI","Haiti",3,"L'Artibonite",8,"Dessalines",27,"Grande Saline",90,"Poteneau",NA,"Sub-commune","Sub-commune"
91,99,"HTI","Haiti",3,"L'Artibonite",8,"Dessalines",28,"Petite Rivière de l'Artibonite",91,"Bas Coursin",NA,"Sub-commune","Sub-commune"
92,99,"HTI","Haiti",3,"L'Artibonite",8,"Dessalines",28,"Petite Rivière de l'Artibonite",92,"Labady",NA,"Sub-commune","Sub-commune"
93,99,"HTI","Haiti",3,"L'Artibonite",8,"Dessalines",28,"Petite Rivière de l'Artibonite",93,"Médor",NA,"Sub-commune","Sub-commune"
94,99,"HTI","Haiti",3,"L'Artibonite",8,"Dessalines",28,"Petite Rivière de l'Artibonite",94,"Pérodin",NA,"Sub-commune","Sub-commune"
95,99,"HTI","Haiti",3,"L'Artibonite",8,"Dessalines",28,"Petite Rivière de l'Artibonite",95,"Savane à Roche",NA,"Sub-commune","Sub-commune"
96,99,"HTI","Haiti",3,"L'Artibonite",9,"Gros-Morne",29,"Anse Rouge",96,"L'Arbre",NA,"Sub-commune","Sub-commune"
97,99,"HTI","Haiti",3,"L'Artibonite",9,"Gros-Morne",29,"Anse Rouge",97,"Sources Chaudes",NA,"Sub-commune","Sub-commune"
98,99,"HTI","Haiti",3,"L'Artibonite",9,"Gros-Morne",30,"Gros-Morne",98,"Boucan Richard",NA,"Sub-commune","Sub-commune"
99,99,"HTI","Haiti",3,"L'Artibonite",9,"Gros-Morne",30,"Gros-Morne",99,"L'Acul",NA,"Sub-commune","Sub-commune"
100,99,"HTI","Haiti",3,"L'Artibonite",9,"Gros-Morne",30,"Gros-Morne",100,"Moulin",NA,"Sub-commune","Sub-commune"
101,99,"HTI","Haiti",3,"L'Artibonite",9,"Gros-Morne",30,"Gros-Morne",101,"Pendu",NA,"Sub-commune","Sub-commune"
102,99,"HTI","Haiti",3,"L'Artibonite",9,"Gros-Morne",30,"Gros-Morne",102,"Ravine Gros Morne",NA,"Sub-commune","Sub-commune"
103,99,"HTI","Haiti",3,"L'Artibonite",9,"Gros-Morne",30,"Gros-Morne",103,"Rivière Blanche",NA,"Sub-commune","Sub-commune"
104,99,"HTI","Haiti",3,"L'Artibonite",9,"Gros-Morne",30,"Gros-Morne",104,"Rivière Mancelle",NA,"Sub-commune","Sub-commune"
105,99,"HTI","Haiti",3,"L'Artibonite",9,"Gros-Morne",30,"Gros-Morne",105,"Savane Carrée",NA,"Sub-commune","Sub-commune"
106,99,"HTI","Haiti",3,"L'Artibonite",9,"Gros-Morne",31,"Terre Neuve",106,"Bois Neuf",NA,"Sub-commune","Sub-commune"
107,99,"HTI","Haiti",3,"L'Artibonite",9,"Gros-Morne",31,"Terre Neuve",107,"Doland",NA,"Sub-commune","Sub-commune"
108,99,"HTI","Haiti",3,"L'Artibonite",9,"Gros-Morne",31,"Terre Neuve",108,"Lagon",NA,"Sub-commune","Sub-commune"
109,99,"HTI","Haiti",3,"L'Artibonite",10,"les Gonaïves",32,"Ennery",109,"Chemin Neuf",NA,"Sub-commune","Sub-commune"
110,99,"HTI","Haiti",3,"L'Artibonite",10,"les Gonaïves",32,"Ennery",110,"Passe Reine",NA,"Sub-commune","Sub-commune"
111,99,"HTI","Haiti",3,"L'Artibonite",10,"les Gonaïves",32,"Ennery",111,"Puiloreau",NA,"Sub-commune","Sub-commune"
112,99,"HTI","Haiti",3,"L'Artibonite",10,"les Gonaïves",32,"Ennery",112,"Savane Carrée",NA,"Sub-commune","Sub-commune"
113,99,"HTI","Haiti",3,"L'Artibonite",10,"les Gonaïves",33,"Gonaïves",113,"Bassin",NA,"Sub-commune","Sub-commune"
114,99,"HTI","Haiti",3,"L'Artibonite",10,"les Gonaïves",33,"Gonaïves",114,"La Branle",NA,"Sub-commune","Sub-commune"
115,99,"HTI","Haiti",3,"L'Artibonite",10,"les Gonaïves",33,"Gonaïves",115,"Pont Tamarin",NA,"Sub-commune","Sub-commune"
116,99,"HTI","Haiti",3,"L'Artibonite",10,"les Gonaïves",33,"Gonaïves",116,"Poteaux",NA,"Sub-commune","Sub-commune"
117,99,"HTI","Haiti",3,"L'Artibonite",10,"les Gonaïves",33,"Gonaïves",117,"Rivière de Bayonnais",NA,"Sub-commune","Sub-commune"
118,99,"HTI","Haiti",3,"L'Artibonite",10,"les Gonaïves",34,"L'Estère",118,"Pont l'Estère",NA,"Sub-commune","Sub-commune"
119,99,"HTI","Haiti",3,"L'Artibonite",11,"Marmelade",35,"Marmelade",119,"Bassin ou Billier",NA,"Sub-commune","Sub-commune"
120,99,"HTI","Haiti",3,"L'Artibonite",11,"Marmelade",35,"Marmelade",120,"Crête à Pins",NA,"Sub-commune","Sub-commune"
121,99,"HTI","Haiti",3,"L'Artibonite",11,"Marmelade",35,"Marmelade",121,"Platon",NA,"Sub-commune","Sub-commune"
122,99,"HTI","Haiti",3,"L'Artibonite",11,"Marmelade",36,"Saint Michel de l'Attalaye",122,"Bas de Sault",NA,"Sub-commune","Sub-commune"
123,99,"HTI","Haiti",3,"L'Artibonite",11,"Marmelade",36,"Saint Michel de l'Attalaye",123,"Camathe",NA,"Sub-commune","Sub-commune"
124,99,"HTI","Haiti",3,"L'Artibonite",11,"Marmelade",36,"Saint Michel de l'Attalaye",124,"L'Attalaye",NA,"Sub-commune","Sub-commune"
125,99,"HTI","Haiti",3,"L'Artibonite",11,"Marmelade",36,"Saint Michel de l'Attalaye",125,"L'Ermite",NA,"Sub-commune","Sub-commune"
126,99,"HTI","Haiti",3,"L'Artibonite",11,"Marmelade",36,"Saint Michel de l'Attalaye",126,"Lacedras",NA,"Sub-commune","Sub-commune"
127,99,"HTI","Haiti",3,"L'Artibonite",11,"Marmelade",36,"Saint Michel de l'Attalaye",127,"Lalomas",NA,"Sub-commune","Sub-commune"
128,99,"HTI","Haiti",3,"L'Artibonite",11,"Marmelade",36,"Saint Michel de l'Attalaye",128,"Manon",NA,"Sub-commune","Sub-commune"
129,99,"HTI","Haiti",3,"L'Artibonite",11,"Marmelade",36,"Saint Michel de l'Attalaye",129,"Platana",NA,"Sub-commune","Sub-commune"
130,99,"HTI","Haiti",3,"L'Artibonite",12,"Saint-Marc",37,"La Chapelle",130,"Bossous",NA,"Sub-commune","Sub-commune"
131,99,"HTI","Haiti",3,"L'Artibonite",12,"Saint-Marc",37,"La Chapelle",131,"Martineau",NA,"Sub-commune","Sub-commune"
132,99,"HTI","Haiti",3,"L'Artibonite",12,"Saint-Marc",38,"Saint-Marc",132,"Bocozelle",NA,"Sub-commune","Sub-commune"
133,99,"HTI","Haiti",3,"L'Artibonite",12,"Saint-Marc",38,"Saint-Marc",133,"Bois Neuf",NA,"Sub-commune","Sub-commune"
134,99,"HTI","Haiti",3,"L'Artibonite",12,"Saint-Marc",38,"Saint-Marc",134,"Charrette",NA,"Sub-commune","Sub-commune"
135,99,"HTI","Haiti",3,"L'Artibonite",12,"Saint-Marc",38,"Saint-Marc",135,"Délugé",NA,"Sub-commune","Sub-commune"
136,99,"HTI","Haiti",3,"L'Artibonite",12,"Saint-Marc",38,"Saint-Marc",136,"Goyavier",NA,"Sub-commune","Sub-commune"
137,99,"HTI","Haiti",3,"L'Artibonite",12,"Saint-Marc",38,"Saint-Marc",137,"Lalouère",NA,"Sub-commune","Sub-commune"
138,99,"HTI","Haiti",3,"L'Artibonite",12,"Saint-Marc",39,"Verettes",138,"Bélanger",NA,"Sub-commune","Sub-commune"
139,99,"HTI","Haiti",3,"L'Artibonite",12,"Saint-Marc",39,"Verettes",139,"Bastien",NA,"Sub-commune","Sub-commune"
140,99,"HTI","Haiti",3,"L'Artibonite",12,"Saint-Marc",39,"Verettes",140,"Désarmes",NA,"Sub-commune","Sub-commune"
141,99,"HTI","Haiti",3,"L'Artibonite",12,"Saint-Marc",39,"Verettes",141,"Guillaume Mogé",NA,"Sub-commune","Sub-commune"
142,99,"HTI","Haiti",3,"L'Artibonite",12,"Saint-Marc",39,"Verettes",142,"Liancourt",NA,"Sub-commune","Sub-commune"
143,99,"HTI","Haiti",3,"L'Artibonite",12,"Saint-Marc",39,"Verettes",143,"Terre Natte",NA,"Sub-commune","Sub-commune"
144,99,"HTI","Haiti",4,"Nippes",13,"l'Anse-à-Veau",40,"Anse-à-Veau",144,"Arnaud",NA,"Sub-commune","Sub-commune"
145,99,"HTI","Haiti",4,"Nippes",13,"l'Anse-à-Veau",40,"Anse-à-Veau",145,"Baconnois",NA,"Sub-commune","Sub-commune"
146,99,"HTI","Haiti",4,"Nippes",13,"l'Anse-à-Veau",40,"Anse-à-Veau",146,"Baquet",NA,"Sub-commune","Sub-commune"
147,99,"HTI","Haiti",4,"Nippes",13,"l'Anse-à-Veau",40,"Anse-à-Veau",147,"Bouzi",NA,"Sub-commune","Sub-commune"
148,99,"HTI","Haiti",4,"Nippes",13,"l'Anse-à-Veau",40,"Anse-à-Veau",148,"Cocoyers","Duchenes","Sub-commune","Sub-commune"
149,99,"HTI","Haiti",4,"Nippes",13,"l'Anse-à-Veau",40,"Anse-à-Veau",149,"Grande Rivière",NA,"Sub-commune","Sub-commune"
150,99,"HTI","Haiti",4,"Nippes",13,"l'Anse-à-Veau",40,"Anse-à-Veau",150,"Sault de Baril",NA,"Sub-commune","Sub-commune"
151,99,"HTI","Haiti",4,"Nippes",13,"l'Anse-à-Veau",41,"Baraderes",151,"Fonds Tortue",NA,"Sub-commune","Sub-commune"
152,99,"HTI","Haiti",4,"Nippes",13,"l'Anse-à-Veau",41,"Baraderes",152,"Gérin",NA,"Sub-commune","Sub-commune"
153,99,"HTI","Haiti",4,"Nippes",13,"l'Anse-à-Veau",41,"Baraderes",153,"Grand Boucan",NA,"Sub-commune","Sub-commune"
154,99,"HTI","Haiti",4,"Nippes",13,"l'Anse-à-Veau",41,"Baraderes",154,"La Plaine",NA,"Sub-commune","Sub-commune"
155,99,"HTI","Haiti",4,"Nippes",13,"l'Anse-à-Veau",41,"Baraderes",155,"Rivière Salée",NA,"Sub-commune","Sub-commune"
156,99,"HTI","Haiti",4,"Nippes",13,"l'Anse-à-Veau",41,"Baraderes",156,"Tête d'Eau",NA,"Sub-commune","Sub-commune"
157,99,"HTI","Haiti",4,"Nippes",13,"l'Anse-à-Veau",42,"L'Azile",157,"Changeux",NA,"Sub-commune","Sub-commune"
158,99,"HTI","Haiti",4,"Nippes",13,"l'Anse-à-Veau",42,"L'Azile",158,"l'Asile",NA,"Sub-commune","Sub-commune"
159,99,"HTI","Haiti",4,"Nippes",13,"l'Anse-à-Veau",42,"L'Azile",159,"Morisseau",NA,"Sub-commune","Sub-commune"
160,99,"HTI","Haiti",4,"Nippes",13,"l'Anse-à-Veau",42,"L'Azile",160,"Tournade",NA,"Sub-commune","Sub-commune"
161,99,"HTI","Haiti",4,"Nippes",13,"l'Anse-à-Veau",43,"Petit Trou de Nippes",161,"Anse à Pins",NA,"Sub-commune","Sub-commune"
162,99,"HTI","Haiti",4,"Nippes",13,"l'Anse-à-Veau",43,"Petit Trou de Nippes",162,"Liève",NA,"Sub-commune","Sub-commune"
163,99,"HTI","Haiti",4,"Nippes",13,"l'Anse-à-Veau",43,"Petit Trou de Nippes",163,"Plaisance",NA,"Sub-commune","Sub-commune"
164,99,"HTI","Haiti",4,"Nippes",13,"l'Anse-à-Veau",43,"Petit Trou de Nippes",164,"Raymond",NA,"Sub-commune","Sub-commune"
165,99,"HTI","Haiti",4,"Nippes",13,"l'Anse-à-Veau",43,"Petit Trou de Nippes",165,"Tiby",NA,"Sub-commune","Sub-commune"
166,99,"HTI","Haiti",4,"Nippes",13,"l'Anse-à-Veau",43,"Petit Trou de Nippes",166,"Vassale",NA,"Sub-commune","Sub-commune"
167,99,"HTI","Haiti",4,"Nippes",14,"Miragoâne",44,"Miragoâne",167,"Belle Rivière",NA,"Sub-commune","Sub-commune"
168,99,"HTI","Haiti",4,"Nippes",14,"Miragoâne",44,"Miragoâne",168,"Chalon",NA,"Sub-commune","Sub-commune"
169,99,"HTI","Haiti",4,"Nippes",14,"Miragoâne",44,"Miragoâne",169,"Dessources",NA,"Sub-commune","Sub-commune"
170,99,"HTI","Haiti",4,"Nippes",14,"Miragoâne",44,"Miragoâne",170,"Fonds des Nègres",NA,"Sub-commune","Sub-commune"
171,99,"HTI","Haiti",4,"Nippes",14,"Miragoâne",44,"Miragoâne",171,"Paillant",NA,"Sub-commune","Sub-commune"
172,99,"HTI","Haiti",4,"Nippes",14,"Miragoâne",44,"Miragoâne",172,"Pemerle",NA,"Sub-commune","Sub-commune"
173,99,"HTI","Haiti",4,"Nippes",14,"Miragoâne",45,"Petite Rivière de Nippes",173,"Bezin",NA,"Sub-commune","Sub-commune"
174,99,"HTI","Haiti",4,"Nippes",14,"Miragoâne",45,"Petite Rivière de Nippes",174,"Cholette",NA,"Sub-commune","Sub-commune"
175,99,"HTI","Haiti",4,"Nippes",14,"Miragoâne",45,"Petite Rivière de Nippes",175,"Fonds de Lianes",NA,"Sub-commune","Sub-commune"
176,99,"HTI","Haiti",4,"Nippes",14,"Miragoâne",45,"Petite Rivière de Nippes",176,"Silegue",NA,"Sub-commune","Sub-commune"
177,99,"HTI","Haiti",5,"Nord-Est",15,"Fort-Liberté",46,"Fort-Liberté",177,"Bayaha",NA,"Sub-commune","Sub-commune"
178,99,"HTI","Haiti",5,"Nord-Est",15,"Fort-Liberté",46,"Fort-Liberté",178,"Dumas",NA,"Sub-commune","Sub-commune"
179,99,"HTI","Haiti",5,"Nord-Est",15,"Fort-Liberté",46,"Fort-Liberté",179,"Haut Madelaine",NA,"Sub-commune","Sub-commune"
180,99,"HTI","Haiti",5,"Nord-Est",15,"Fort-Liberté",46,"Fort-Liberté",180,"L'Oiseau",NA,"Sub-commune","Sub-commune"
181,99,"HTI","Haiti",5,"Nord-Est",15,"Fort-Liberté",47,"Perches",181,"Haut des Perches",NA,"Sub-commune","Sub-commune"
182,99,"HTI","Haiti",5,"Nord-Est",15,"Fort-Liberté",48,"Terrier",182,"Bas Maribahoux",NA,"Sub-commune","Sub-commune"
183,99,"HTI","Haiti",5,"Nord-Est",16,"le Trou-du-Nord",49,"Caracol",183,"Champin",NA,"Sub-commune","Sub-commune"
184,99,"HTI","Haiti",5,"Nord-Est",16,"le Trou-du-Nord",49,"Caracol",184,"Claudine","Jacquesil","Sub-commune","Sub-commune"
185,99,"HTI","Haiti",5,"Nord-Est",16,"le Trou-du-Nord",50,"Sainte Suzanne",185,"Bois Blanc",NA,"Sub-commune","Sub-commune"
186,99,"HTI","Haiti",5,"Nord-Est",16,"le Trou-du-Nord",50,"Sainte Suzanne",186,"Côtelette",NA,"Sub-commune","Sub-commune"
187,99,"HTI","Haiti",5,"Nord-Est",16,"le Trou-du-Nord",50,"Sainte Suzanne",187,"Fond Bleu",NA,"Sub-commune","Sub-commune"
188,99,"HTI","Haiti",5,"Nord-Est",16,"le Trou-du-Nord",50,"Sainte Suzanne",188,"Foulon",NA,"Sub-commune","Sub-commune"
189,99,"HTI","Haiti",5,"Nord-Est",16,"le Trou-du-Nord",50,"Sainte Suzanne",189,"Moka Neuf",NA,"Sub-commune","Sub-commune"
190,99,"HTI","Haiti",5,"Nord-Est",16,"le Trou-du-Nord",50,"Sainte Suzanne",190,"Sarazin",NA,"Sub-commune","Sub-commune"
191,99,"HTI","Haiti",5,"Nord-Est",16,"le Trou-du-Nord",51,"Terrier Rouge",191,"Fond Blanc",NA,"Sub-commune","Sub-commune"
192,99,"HTI","Haiti",5,"Nord-Est",16,"le Trou-du-Nord",51,"Terrier Rouge",192,"Grand Bassin",NA,"Sub-commune","Sub-commune"
193,99,"HTI","Haiti",5,"Nord-Est",16,"le Trou-du-Nord",52,"Trou du Nord",193,"Garcin",NA,"Sub-commune","Sub-commune"
194,99,"HTI","Haiti",5,"Nord-Est",16,"le Trou-du-Nord",52,"Trou du Nord",194,"Roche Plate",NA,"Sub-commune","Sub-commune"
195,99,"HTI","Haiti",5,"Nord-Est",16,"le Trou-du-Nord",52,"Trou du Nord",195,"Roucou",NA,"Sub-commune","Sub-commune"
196,99,"HTI","Haiti",5,"Nord-Est",17,"Ouanaminthe",53,"Capotille",196,"Capotille",NA,"Sub-commune","Sub-commune"
197,99,"HTI","Haiti",5,"Nord-Est",17,"Ouanaminthe",53,"Capotille",197,"Lamine",NA,"Sub-commune","Sub-commune"
198,99,"HTI","Haiti",5,"Nord-Est",17,"Ouanaminthe",54,"Mont-Organisé",198,"Bois Poux",NA,"Sub-commune","Sub-commune"
199,99,"HTI","Haiti",5,"Nord-Est",17,"Ouanaminthe",54,"Mont-Organisé",199,"Savanette",NA,"Sub-commune","Sub-commune"
200,99,"HTI","Haiti",5,"Nord-Est",17,"Ouanaminthe",55,"Ouanaminthe",200,"Acul des Pins",NA,"Sub-commune","Sub-commune"
201,99,"HTI","Haiti",5,"Nord-Est",17,"Ouanaminthe",55,"Ouanaminthe",201,"Gens de Nantes",NA,"Sub-commune","Sub-commune"
202,99,"HTI","Haiti",5,"Nord-Est",17,"Ouanaminthe",55,"Ouanaminthe",202,"Haut Maribahoux",NA,"Sub-commune","Sub-commune"
203,99,"HTI","Haiti",5,"Nord-Est",17,"Ouanaminthe",55,"Ouanaminthe",203,"Savane au Lait",NA,"Sub-commune","Sub-commune"
204,99,"HTI","Haiti",5,"Nord-Est",17,"Ouanaminthe",55,"Ouanaminthe",204,"Savane Longue",NA,"Sub-commune","Sub-commune"
205,99,"HTI","Haiti",5,"Nord-Est",18,"Vallières",56,"Carice",205,"Bois Gamelle",NA,"Sub-commune","Sub-commune"
206,99,"HTI","Haiti",5,"Nord-Est",18,"Vallières",56,"Carice",206,"Rose Bonite",NA,"Sub-commune","Sub-commune"
207,99,"HTI","Haiti",5,"Nord-Est",18,"Vallières",57,"Mombin Crochu",207,"Bois Laurence",NA,"Sub-commune","Sub-commune"
208,99,"HTI","Haiti",5,"Nord-Est",18,"Vallières",57,"Mombin Crochu",208,"Sans Souci",NA,"Sub-commune","Sub-commune"
209,99,"HTI","Haiti",5,"Nord-Est",18,"Vallières",58,"Vallières",209,"Corosse",NA,"Sub-commune","Sub-commune"
210,99,"HTI","Haiti",5,"Nord-Est",18,"Vallières",58,"Vallières",210,"Grosse Roche","Ecrevisse","Sub-commune","Sub-commune"
211,99,"HTI","Haiti",5,"Nord-Est",18,"Vallières",58,"Vallières",211,"Trois Palmistes",NA,"Sub-commune","Sub-commune"
212,99,"HTI","Haiti",6,"Nord-Ouest",19,"Môle Saint-Nicolas",59,"Baie de Henne",212,"Citerne Rémy",NA,"Sub-commune","Sub-commune"
213,99,"HTI","Haiti",6,"Nord-Ouest",19,"Môle Saint-Nicolas",59,"Baie de Henne",213,"Dos d'Ane",NA,"Sub-commune","Sub-commune"
214,99,"HTI","Haiti",6,"Nord-Ouest",19,"Môle Saint-Nicolas",59,"Baie de Henne",214,"L'Estère Dérée",NA,"Sub-commune","Sub-commune"
215,99,"HTI","Haiti",6,"Nord-Ouest",19,"Môle Saint-Nicolas",59,"Baie de Henne",215,"Réserve","Ti Paradis","Sub-commune","Sub-commune"
216,99,"HTI","Haiti",6,"Nord-Ouest",19,"Môle Saint-Nicolas",60,"Bombardopolis",216,"Des Forges",NA,"Sub-commune","Sub-commune"
217,99,"HTI","Haiti",6,"Nord-Ouest",19,"Môle Saint-Nicolas",60,"Bombardopolis",217,"Plaine d'Orangers",NA,"Sub-commune","Sub-commune"
218,99,"HTI","Haiti",6,"Nord-Ouest",19,"Môle Saint-Nicolas",60,"Bombardopolis",218,"Plate Forme",NA,"Sub-commune","Sub-commune"
219,99,"HTI","Haiti",6,"Nord-Ouest",19,"Môle Saint-Nicolas",61,"Jean-Rabel",219,"Dessources",NA,"Sub-commune","Sub-commune"
220,99,"HTI","Haiti",6,"Nord-Ouest",19,"Môle Saint-Nicolas",61,"Jean-Rabel",220,"Diondion",NA,"Sub-commune","Sub-commune"
221,99,"HTI","Haiti",6,"Nord-Ouest",19,"Môle Saint-Nicolas",61,"Jean-Rabel",221,"Grande Source",NA,"Sub-commune","Sub-commune"
222,99,"HTI","Haiti",6,"Nord-Ouest",19,"Môle Saint-Nicolas",61,"Jean-Rabel",222,"Guinaudée",NA,"Sub-commune","Sub-commune"
223,99,"HTI","Haiti",6,"Nord-Ouest",19,"Môle Saint-Nicolas",61,"Jean-Rabel",223,"La Montagne",NA,"Sub-commune","Sub-commune"
224,99,"HTI","Haiti",6,"Nord-Ouest",19,"Môle Saint-Nicolas",61,"Jean-Rabel",224,"Lacoma",NA,"Sub-commune","Sub-commune"
225,99,"HTI","Haiti",6,"Nord-Ouest",19,"Môle Saint-Nicolas",61,"Jean-Rabel",225,"Vielle Hatte",NA,"Sub-commune","Sub-commune"
226,99,"HTI","Haiti",6,"Nord-Ouest",19,"Môle Saint-Nicolas",62,"Môle Saint Nicholas",226,"Cote de Fer",NA,"Sub-commune","Sub-commune"
227,99,"HTI","Haiti",6,"Nord-Ouest",19,"Môle Saint-Nicolas",62,"Môle Saint Nicholas",227,"Damé",NA,"Sub-commune","Sub-commune"
228,99,"HTI","Haiti",6,"Nord-Ouest",19,"Môle Saint-Nicolas",62,"Môle Saint Nicholas",228,"Mare Rouge",NA,"Sub-commune","Sub-commune"
229,99,"HTI","Haiti",6,"Nord-Ouest",20,"Port-de-Paix",63,"Bassin Bleu",229,"Carreau Datty",NA,"Sub-commune","Sub-commune"
230,99,"HTI","Haiti",6,"Nord-Ouest",20,"Port-de-Paix",63,"Bassin Bleu",230,"Haut des Moustiques",NA,"Sub-commune","Sub-commune"
231,99,"HTI","Haiti",6,"Nord-Ouest",20,"Port-de-Paix",63,"Bassin Bleu",231,"La Plate",NA,"Sub-commune","Sub-commune"
232,99,"HTI","Haiti",6,"Nord-Ouest",20,"Port-de-Paix",64,"Chansolme",232,"Chansolme",NA,"Sub-commune","Sub-commune"
233,99,"HTI","Haiti",6,"Nord-Ouest",20,"Port-de-Paix",65,"La Tortue",233,"La Tortue","Pointe des Oiseaux","Sub-commune","Sub-commune"
234,99,"HTI","Haiti",6,"Nord-Ouest",20,"Port-de-Paix",65,"La Tortue",234,"Mare Rouge",NA,"Sub-commune","Sub-commune"
235,99,"HTI","Haiti",6,"Nord-Ouest",20,"Port-de-Paix",66,"Port-de-Paix",235,"Aubert",NA,"Sub-commune","Sub-commune"
236,99,"HTI","Haiti",6,"Nord-Ouest",20,"Port-de-Paix",66,"Port-de-Paix",236,"Bas des Moustiques",NA,"Sub-commune","Sub-commune"
237,99,"HTI","Haiti",6,"Nord-Ouest",20,"Port-de-Paix",66,"Port-de-Paix",237,"Baudin",NA,"Sub-commune","Sub-commune"
238,99,"HTI","Haiti",6,"Nord-Ouest",20,"Port-de-Paix",66,"Port-de-Paix",238,"La Corne",NA,"Sub-commune","Sub-commune"
239,99,"HTI","Haiti",6,"Nord-Ouest",20,"Port-de-Paix",66,"Port-de-Paix",239,"La Pointe",NA,"Sub-commune","Sub-commune"
240,99,"HTI","Haiti",6,"Nord-Ouest",20,"Port-de-Paix",66,"Port-de-Paix",240,"Mahotière",NA,"Sub-commune","Sub-commune"
241,99,"HTI","Haiti",6,"Nord-Ouest",20,"Port-de-Paix",66,"Port-de-Paix",241,"Source Beauvoir",NA,"Sub-commune","Sub-commune"
242,99,"HTI","Haiti",6,"Nord-Ouest",21,"Saint-Louis du Nord",67,"Anse-à-Foleur",242,"Bas de Sainte Anne",NA,"Sub-commune","Sub-commune"
243,99,"HTI","Haiti",6,"Nord-Ouest",21,"Saint-Louis du Nord",67,"Anse-à-Foleur",243,"Cote de Fer",NA,"Sub-commune","Sub-commune"
244,99,"HTI","Haiti",6,"Nord-Ouest",21,"Saint-Louis du Nord",67,"Anse-à-Foleur",244,"Mayance",NA,"Sub-commune","Sub-commune"
245,99,"HTI","Haiti",6,"Nord-Ouest",21,"Saint-Louis du Nord",68,"Saint Louis du Nord",245,"Bonneau",NA,"Sub-commune","Sub-commune"
246,99,"HTI","Haiti",6,"Nord-Ouest",21,"Saint-Louis du Nord",68,"Saint Louis du Nord",246,"Derouvray",NA,"Sub-commune","Sub-commune"
247,99,"HTI","Haiti",6,"Nord-Ouest",21,"Saint-Louis du Nord",68,"Saint Louis du Nord",247,"Des Granges",NA,"Sub-commune","Sub-commune"
248,99,"HTI","Haiti",6,"Nord-Ouest",21,"Saint-Louis du Nord",68,"Saint Louis du Nord",248,"Lafague","Chamoise","Sub-commune","Sub-commune"
249,99,"HTI","Haiti",6,"Nord-Ouest",21,"Saint-Louis du Nord",68,"Saint Louis du Nord",249,"Rivière de Barre",NA,"Sub-commune","Sub-commune"
250,99,"HTI","Haiti",6,"Nord-Ouest",21,"Saint-Louis du Nord",68,"Saint Louis du Nord",250,"Rivière des Nègres",NA,"Sub-commune","Sub-commune"
251,99,"HTI","Haiti",7,"Nord",22,"Borgne",69,"Borgne",251,"Boucan Michel",NA,"Sub-commune","Sub-commune"
252,99,"HTI","Haiti",7,"Nord",22,"Borgne",69,"Borgne",252,"Côte de Fer","Fond Lagrange","Sub-commune","Sub-commune"
253,99,"HTI","Haiti",7,"Nord",22,"Borgne",69,"Borgne",253,"Champagne",NA,"Sub-commune","Sub-commune"
254,99,"HTI","Haiti",7,"Nord",22,"Borgne",69,"Borgne",254,"Margot",NA,"Sub-commune","Sub-commune"
255,99,"HTI","Haiti",7,"Nord",22,"Borgne",69,"Borgne",255,"Molas",NA,"Sub-commune","Sub-commune"
256,99,"HTI","Haiti",7,"Nord",22,"Borgne",69,"Borgne",256,"Petit Bourg du Borgne",NA,"Sub-commune","Sub-commune"
257,99,"HTI","Haiti",7,"Nord",22,"Borgne",69,"Borgne",257,"Trou d'Enfer",NA,"Sub-commune","Sub-commune"
258,99,"HTI","Haiti",7,"Nord",22,"Borgne",70,"La Victoire",258,"La Victoire",NA,"Sub-commune","Sub-commune"
259,99,"HTI","Haiti",7,"Nord",22,"Borgne",71,"Pignon",259,"La Belle Mère",NA,"Sub-commune","Sub-commune"
260,99,"HTI","Haiti",7,"Nord",22,"Borgne",71,"Pignon",260,"Savannette",NA,"Sub-commune","Sub-commune"
261,99,"HTI","Haiti",7,"Nord",22,"Borgne",72,"Port-Margot",261,"Bas Petit Borgne",NA,"Sub-commune","Sub-commune"
262,99,"HTI","Haiti",7,"Nord",22,"Borgne",72,"Port-Margot",262,"Bas Quartier",NA,"Sub-commune","Sub-commune"
263,99,"HTI","Haiti",7,"Nord",22,"Borgne",72,"Port-Margot",263,"Bras Gauche",NA,"Sub-commune","Sub-commune"
264,99,"HTI","Haiti",7,"Nord",22,"Borgne",72,"Port-Margot",264,"Corail Port Margot",NA,"Sub-commune","Sub-commune"
265,99,"HTI","Haiti",7,"Nord",22,"Borgne",72,"Port-Margot",265,"Grande Plaine",NA,"Sub-commune","Sub-commune"
266,99,"HTI","Haiti",7,"Nord",22,"Borgne",72,"Port-Margot",266,"Haut Petit Borgne",NA,"Sub-commune","Sub-commune"
267,99,"HTI","Haiti",7,"Nord",22,"Borgne",73,"Ranquitte",267,"Bac à Soude",NA,"Sub-commune","Sub-commune"
268,99,"HTI","Haiti",7,"Nord",22,"Borgne",73,"Ranquitte",268,"Bois de Lance",NA,"Sub-commune","Sub-commune"
269,99,"HTI","Haiti",7,"Nord",22,"Borgne",73,"Ranquitte",269,"Cracaraille",NA,"Sub-commune","Sub-commune"
270,99,"HTI","Haiti",7,"Nord",23,"Grande-Rivière du Nord",74,"Bahon",270,"Bally",NA,"Sub-commune","Sub-commune"
271,99,"HTI","Haiti",7,"Nord",23,"Grande-Rivière du Nord",74,"Bahon",271,"Bois Pin",NA,"Sub-commune","Sub-commune"
272,99,"HTI","Haiti",7,"Nord",23,"Grande-Rivière du Nord",74,"Bahon",272,"Montagne Noire",NA,"Sub-commune","Sub-commune"
273,99,"HTI","Haiti",7,"Nord",23,"Grande-Rivière du Nord",75,"Grand Rivière du Nord",273,"Caracol",NA,"Sub-commune","Sub-commune"
274,99,"HTI","Haiti",7,"Nord",23,"Grande-Rivière du Nord",75,"Grand Rivière du Nord",274,"Cormiers",NA,"Sub-commune","Sub-commune"
275,99,"HTI","Haiti",7,"Nord",23,"Grande-Rivière du Nord",75,"Grand Rivière du Nord",275,"Gambade",NA,"Sub-commune","Sub-commune"
276,99,"HTI","Haiti",7,"Nord",23,"Grande-Rivière du Nord",75,"Grand Rivière du Nord",276,"Grand Gilles",NA,"Sub-commune","Sub-commune"
277,99,"HTI","Haiti",7,"Nord",23,"Grande-Rivière du Nord",75,"Grand Rivière du Nord",277,"Jolitrou",NA,"Sub-commune","Sub-commune"
278,99,"HTI","Haiti",7,"Nord",23,"Grande-Rivière du Nord",75,"Grand Rivière du Nord",278,"Solon",NA,"Sub-commune","Sub-commune"
279,99,"HTI","Haiti",7,"Nord",24,"l'Acul-du-Nord",76,"Acul du Nord",279,"Bas de l'Acul",NA,"Sub-commune","Sub-commune"
280,99,"HTI","Haiti",7,"Nord",24,"l'Acul-du-Nord",76,"Acul du Nord",280,"Champ Louise",NA,"Sub-commune","Sub-commune"
281,99,"HTI","Haiti",7,"Nord",24,"l'Acul-du-Nord",76,"Acul du Nord",281,"Coupe à David",NA,"Sub-commune","Sub-commune"
282,99,"HTI","Haiti",7,"Nord",24,"l'Acul-du-Nord",76,"Acul du Nord",282,"Grande Ravine",NA,"Sub-commune","Sub-commune"
283,99,"HTI","Haiti",7,"Nord",24,"l'Acul-du-Nord",76,"Acul du Nord",283,"Mornet",NA,"Sub-commune","Sub-commune"
284,99,"HTI","Haiti",7,"Nord",24,"l'Acul-du-Nord",76,"Acul du Nord",284,"Soufrière",NA,"Sub-commune","Sub-commune"
285,99,"HTI","Haiti",7,"Nord",24,"l'Acul-du-Nord",77,"Milot",285,"Bonnet à l'Evêque",NA,"Sub-commune","Sub-commune"
286,99,"HTI","Haiti",7,"Nord",24,"l'Acul-du-Nord",77,"Milot",286,"Génipailler",NA,"Sub-commune","Sub-commune"
287,99,"HTI","Haiti",7,"Nord",24,"l'Acul-du-Nord",77,"Milot",287,"Perches du Bonnet",NA,"Sub-commune","Sub-commune"
288,99,"HTI","Haiti",7,"Nord",24,"l'Acul-du-Nord",78,"Plaine du Nord",288,"Basse Plaine",NA,"Sub-commune","Sub-commune"
289,99,"HTI","Haiti",7,"Nord",24,"l'Acul-du-Nord",78,"Plaine du Nord",289,"Bassin Diamant",NA,"Sub-commune","Sub-commune"
290,99,"HTI","Haiti",7,"Nord",24,"l'Acul-du-Nord",78,"Plaine du Nord",290,"Grand Boucan",NA,"Sub-commune","Sub-commune"
291,99,"HTI","Haiti",7,"Nord",24,"l'Acul-du-Nord",78,"Plaine du Nord",291,"Morne Rouge",NA,"Sub-commune","Sub-commune"
292,99,"HTI","Haiti",7,"Nord",25,"le Cap-Haïtien",79,"Cap-Haïtien",292,"Bande du Nord",NA,"Sub-commune","Sub-commune"
293,99,"HTI","Haiti",7,"Nord",25,"le Cap-Haïtien",79,"Cap-Haïtien",293,"Haut du Cap",NA,"Sub-commune","Sub-commune"
294,99,"HTI","Haiti",7,"Nord",25,"le Cap-Haïtien",79,"Cap-Haïtien",294,"Petite Anse",NA,"Sub-commune","Sub-commune"
295,99,"HTI","Haiti",7,"Nord",25,"le Cap-Haïtien",80,"Limonade",295,"Basse Plaine",NA,"Sub-commune","Sub-commune"
296,99,"HTI","Haiti",7,"Nord",25,"le Cap-Haïtien",80,"Limonade",296,"Bois de Lance",NA,"Sub-commune","Sub-commune"
297,99,"HTI","Haiti",7,"Nord",25,"le Cap-Haïtien",80,"Limonade",297,"Roucou",NA,"Sub-commune","Sub-commune"
298,99,"HTI","Haiti",7,"Nord",25,"le Cap-Haïtien",81,"Quartier Morin",298,"Basse Plaine",NA,"Sub-commune","Sub-commune"
299,99,"HTI","Haiti",7,"Nord",25,"le Cap-Haïtien",81,"Quartier Morin",299,"Morne Pelé",NA,"Sub-commune","Sub-commune"
300,99,"HTI","Haiti",7,"Nord",26,"le Limbé",82,"Bas Limbé",300,"Garde Champêtre",NA,"Sub-commune","Sub-commune"
301,99,"HTI","Haiti",7,"Nord",26,"le Limbé",82,"Bas Limbé",301,"Petit Howars",NA,"Sub-commune","Sub-commune"
302,99,"HTI","Haiti",7,"Nord",26,"le Limbé",83,"Limbé",302,"Acul Jeannot","Haut Limbe","Sub-commune","Sub-commune"
303,99,"HTI","Haiti",7,"Nord",26,"le Limbé",83,"Limbé",303,"Camp Coq",NA,"Sub-commune","Sub-commune"
304,99,"HTI","Haiti",7,"Nord",26,"le Limbé",83,"Limbé",304,"Chabotte",NA,"Sub-commune","Sub-commune"
305,99,"HTI","Haiti",7,"Nord",26,"le Limbé",83,"Limbé",305,"Ilot à Cornes",NA,"Sub-commune","Sub-commune"
306,99,"HTI","Haiti",7,"Nord",26,"le Limbé",83,"Limbé",306,"Ravine Desroches",NA,"Sub-commune","Sub-commune"
307,99,"HTI","Haiti",7,"Nord",26,"le Limbé",83,"Limbé",307,"Soufrière",NA,"Sub-commune","Sub-commune"
308,99,"HTI","Haiti",7,"Nord",27,"Plaisance",84,"Pilate",308,"Ballon",NA,"Sub-commune","Sub-commune"
309,99,"HTI","Haiti",7,"Nord",27,"Plaisance",84,"Pilate",309,"Baudin",NA,"Sub-commune","Sub-commune"
310,99,"HTI","Haiti",7,"Nord",27,"Plaisance",84,"Pilate",310,"Dubourgs",NA,"Sub-commune","Sub-commune"
311,99,"HTI","Haiti",7,"Nord",27,"Plaisance",84,"Pilate",311,"Joly",NA,"Sub-commune","Sub-commune"
312,99,"HTI","Haiti",7,"Nord",27,"Plaisance",84,"Pilate",312,"Margot",NA,"Sub-commune","Sub-commune"
313,99,"HTI","Haiti",7,"Nord",27,"Plaisance",84,"Pilate",313,"Piment",NA,"Sub-commune","Sub-commune"
314,99,"HTI","Haiti",7,"Nord",27,"Plaisance",84,"Pilate",314,"Ravine Trompette",NA,"Sub-commune","Sub-commune"
315,99,"HTI","Haiti",7,"Nord",27,"Plaisance",84,"Pilate",315,"Rivière La Porte",NA,"Sub-commune","Sub-commune"
316,99,"HTI","Haiti",7,"Nord",27,"Plaisance",85,"Plaisance",316,"Bassin",NA,"Sub-commune","Sub-commune"
317,99,"HTI","Haiti",7,"Nord",27,"Plaisance",85,"Plaisance",317,"Champagne",NA,"Sub-commune","Sub-commune"
318,99,"HTI","Haiti",7,"Nord",27,"Plaisance",85,"Plaisance",318,"Colline Gobert",NA,"Sub-commune","Sub-commune"
319,99,"HTI","Haiti",7,"Nord",27,"Plaisance",85,"Plaisance",319,"Grande Rivière",NA,"Sub-commune","Sub-commune"
320,99,"HTI","Haiti",7,"Nord",27,"Plaisance",85,"Plaisance",320,"La Trouble",NA,"Sub-commune","Sub-commune"
321,99,"HTI","Haiti",7,"Nord",27,"Plaisance",85,"Plaisance",321,"La Ville",NA,"Sub-commune","Sub-commune"
322,99,"HTI","Haiti",7,"Nord",27,"Plaisance",85,"Plaisance",322,"Mapou",NA,"Sub-commune","Sub-commune"
323,99,"HTI","Haiti",7,"Nord",27,"Plaisance",85,"Plaisance",323,"Martineau",NA,"Sub-commune","Sub-commune"
324,99,"HTI","Haiti",7,"Nord",28,"Saint-Raphaël",86,"Dondon",324,"Bassin Caiman",NA,"Sub-commune","Sub-commune"
325,99,"HTI","Haiti",7,"Nord",28,"Saint-Raphaël",86,"Dondon",325,"Brostage",NA,"Sub-commune","Sub-commune"
326,99,"HTI","Haiti",7,"Nord",28,"Saint-Raphaël",86,"Dondon",326,"Haut du Trou",NA,"Sub-commune","Sub-commune"
327,99,"HTI","Haiti",7,"Nord",28,"Saint-Raphaël",86,"Dondon",327,"Laguille",NA,"Sub-commune","Sub-commune"
328,99,"HTI","Haiti",7,"Nord",28,"Saint-Raphaël",86,"Dondon",328,"Matador",NA,"Sub-commune","Sub-commune"
329,99,"HTI","Haiti",7,"Nord",28,"Saint-Raphaël",87,"Saint-Raphaël",329,"Bois Neuf",NA,"Sub-commune","Sub-commune"
330,99,"HTI","Haiti",7,"Nord",28,"Saint-Raphaël",87,"Saint-Raphaël",330,"Bouyaha",NA,"Sub-commune","Sub-commune"
331,99,"HTI","Haiti",7,"Nord",28,"Saint-Raphaël",87,"Saint-Raphaël",331,"Mathurin",NA,"Sub-commune","Sub-commune"
332,99,"HTI","Haiti",7,"Nord",28,"Saint-Raphaël",87,"Saint-Raphaël",332,"San Yago",NA,"Sub-commune","Sub-commune"
333,99,"HTI","Haiti",8,"Ouest",29,"Croix-des-Bouquets",88,"Cornillon",333,"Boucan Bois Pin",NA,"Sub-commune","Sub-commune"
334,99,"HTI","Haiti",8,"Ouest",29,"Croix-des-Bouquets",88,"Cornillon",334,"Génipailler",NA,"Sub-commune","Sub-commune"
335,99,"HTI","Haiti",8,"Ouest",29,"Croix-des-Bouquets",88,"Cornillon",335,"Plaine Céleste",NA,"Sub-commune","Sub-commune"
336,99,"HTI","Haiti",8,"Ouest",29,"Croix-des-Bouquets",89,"Croix-des Bouquets",336,"Belle Fontaine",NA,"Sub-commune","Sub-commune"
337,99,"HTI","Haiti",8,"Ouest",29,"Croix-des-Bouquets",89,"Croix-des Bouquets",337,"Crochus",NA,"Sub-commune","Sub-commune"
338,99,"HTI","Haiti",8,"Ouest",29,"Croix-des-Bouquets",89,"Croix-des Bouquets",338,"Orangers",NA,"Sub-commune","Sub-commune"
339,99,"HTI","Haiti",8,"Ouest",29,"Croix-des-Bouquets",89,"Croix-des Bouquets",339,"Petit Bois",NA,"Sub-commune","Sub-commune"
340,99,"HTI","Haiti",8,"Ouest",29,"Croix-des-Bouquets",89,"Croix-des Bouquets",340,"Varreux",NA,"Sub-commune","Sub-commune"
341,99,"HTI","Haiti",8,"Ouest",29,"Croix-des-Bouquets",90,"Fonds-Verettes",341,"Fonds-Verrettes",NA,"Sub-commune","Sub-commune"
342,99,"HTI","Haiti",8,"Ouest",29,"Croix-des-Bouquets",91,"Ganthier",342,"Balan",NA,"Sub-commune","Sub-commune"
343,99,"HTI","Haiti",8,"Ouest",29,"Croix-des-Bouquets",91,"Ganthier",343,"Fonds Parisien",NA,"Sub-commune","Sub-commune"
344,99,"HTI","Haiti",8,"Ouest",29,"Croix-des-Bouquets",91,"Ganthier",344,"Galette Chambon",NA,"Sub-commune","Sub-commune"
345,99,"HTI","Haiti",8,"Ouest",29,"Croix-des-Bouquets",91,"Ganthier",345,"Mare Roseaux",NA,"Sub-commune","Sub-commune"
346,99,"HTI","Haiti",8,"Ouest",29,"Croix-des-Bouquets",91,"Ganthier",346,"Pays Pourri",NA,"Sub-commune","Sub-commune"
347,99,"HTI","Haiti",8,"Ouest",29,"Croix-des-Bouquets",92,"Thomazeau",347,"Crochus",NA,"Sub-commune","Sub-commune"
348,99,"HTI","Haiti",8,"Ouest",29,"Croix-des-Bouquets",92,"Thomazeau",348,"Grande Plaine",NA,"Sub-commune","Sub-commune"
349,99,"HTI","Haiti",8,"Ouest",29,"Croix-des-Bouquets",92,"Thomazeau",349,"Trou d'Eau",NA,"Sub-commune","Sub-commune"
350,99,"HTI","Haiti",8,"Ouest",30,"l'Arcahaie",93,"Arcahaie",350,"Délices",NA,"Sub-commune","Sub-commune"
351,99,"HTI","Haiti",8,"Ouest",30,"l'Arcahaie",93,"Arcahaie",351,"Des Matheux",NA,"Sub-commune","Sub-commune"
352,99,"HTI","Haiti",8,"Ouest",30,"l'Arcahaie",93,"Arcahaie",352,"Des Vases",NA,"Sub-commune","Sub-commune"
353,99,"HTI","Haiti",8,"Ouest",30,"l'Arcahaie",93,"Arcahaie",353,"Fonds Baptiste",NA,"Sub-commune","Sub-commune"
354,99,"HTI","Haiti",8,"Ouest",30,"l'Arcahaie",93,"Arcahaie",354,"Montrouis",NA,"Sub-commune","Sub-commune"
355,99,"HTI","Haiti",8,"Ouest",30,"l'Arcahaie",94,"Cabaret",355,"Boucassin",NA,"Sub-commune","Sub-commune"
356,99,"HTI","Haiti",8,"Ouest",30,"l'Arcahaie",94,"Cabaret",356,"Fonds des Blancs",NA,"Sub-commune","Sub-commune"
357,99,"HTI","Haiti",8,"Ouest",30,"l'Arcahaie",94,"Cabaret",357,"Source Matelas",NA,"Sub-commune","Sub-commune"
358,99,"HTI","Haiti",8,"Ouest",31,"La Gonâve",95,"Anse-à-Galets",358,"Grand Lagon",NA,"Sub-commune","Sub-commune"
359,99,"HTI","Haiti",8,"Ouest",31,"La Gonâve",95,"Anse-à-Galets",359,"Grande Source",NA,"Sub-commune","Sub-commune"
360,99,"HTI","Haiti",8,"Ouest",31,"La Gonâve",95,"Anse-à-Galets",360,"Palma",NA,"Sub-commune","Sub-commune"
361,99,"HTI","Haiti",8,"Ouest",31,"La Gonâve",95,"Anse-à-Galets",361,"Petite Anse",NA,"Sub-commune","Sub-commune"
362,99,"HTI","Haiti",8,"Ouest",31,"La Gonâve",95,"Anse-à-Galets",362,"Petite Source",NA,"Sub-commune","Sub-commune"
363,99,"HTI","Haiti",8,"Ouest",31,"La Gonâve",95,"Anse-à-Galets",363,"Picmy",NA,"Sub-commune","Sub-commune"
364,99,"HTI","Haiti",8,"Ouest",31,"La Gonâve",96,"Pointe-à-Raquette",364,"Gros Mangle","La Source","Sub-commune","Sub-commune"
365,99,"HTI","Haiti",8,"Ouest",31,"La Gonâve",96,"Pointe-à-Raquette",365,"La Source","Grand Vide","Sub-commune","Sub-commune"
366,99,"HTI","Haiti",8,"Ouest",31,"La Gonâve",96,"Pointe-à-Raquette",366,"Pointe a Raquette","Gros Mangle","Sub-commune","Sub-commune"
367,99,"HTI","Haiti",8,"Ouest",31,"La Gonâve",96,"Pointe-à-Raquette",367,"Pointe à Raquette",NA,"Sub-commune","Sub-commune"
368,99,"HTI","Haiti",8,"Ouest",31,"La Gonâve",96,"Pointe-à-Raquette",368,"Trou Louis",NA,"Sub-commune","Sub-commune"
369,99,"HTI","Haiti",8,"Ouest",32,"Léogâne",97,"Grand-Goâve",369,"Gérard",NA,"Sub-commune","Sub-commune"
370,99,"HTI","Haiti",8,"Ouest",32,"Léogâne",97,"Grand-Goâve",370,"Grande Colline",NA,"Sub-commune","Sub-commune"
371,99,"HTI","Haiti",8,"Ouest",32,"Léogâne",97,"Grand-Goâve",371,"Moussambe",NA,"Sub-commune","Sub-commune"
372,99,"HTI","Haiti",8,"Ouest",32,"Léogâne",97,"Grand-Goâve",372,"Tête à Boeuf",NA,"Sub-commune","Sub-commune"
373,99,"HTI","Haiti",8,"Ouest",32,"Léogâne",98,"Léogâne",373,"Beauséjour",NA,"Sub-commune","Sub-commune"
374,99,"HTI","Haiti",8,"Ouest",32,"Léogâne",98,"Léogâne",374,"Citronier",NA,"Sub-commune","Sub-commune"
375,99,"HTI","Haiti",8,"Ouest",32,"Léogâne",98,"Léogâne",375,"Cormiers",NA,"Sub-commune","Sub-commune"
376,99,"HTI","Haiti",8,"Ouest",32,"Léogâne",98,"Léogâne",376,"Dessources",NA,"Sub-commune","Sub-commune"
377,99,"HTI","Haiti",8,"Ouest",32,"Léogâne",98,"Léogâne",377,"Fond-De-Boudin",NA,"Sub-commune","Sub-commune"
378,99,"HTI","Haiti",8,"Ouest",32,"Léogâne",98,"Léogâne",378,"Fonds d'Oie",NA,"Sub-commune","Sub-commune"
379,99,"HTI","Haiti",8,"Ouest",32,"Léogâne",98,"Léogâne",379,"Grande Rivière",NA,"Sub-commune","Sub-commune"
380,99,"HTI","Haiti",8,"Ouest",32,"Léogâne",98,"Léogâne",380,"Gros Morne",NA,"Sub-commune","Sub-commune"
381,99,"HTI","Haiti",8,"Ouest",32,"Léogâne",98,"Léogâne",381,"Oranger",NA,"Sub-commune","Sub-commune"
382,99,"HTI","Haiti",8,"Ouest",32,"Léogâne",98,"Léogâne",382,"Palmiste à Vins",NA,"Sub-commune","Sub-commune"
383,99,"HTI","Haiti",8,"Ouest",32,"Léogâne",98,"Léogâne",383,"Parques",NA,"Sub-commune","Sub-commune"
384,99,"HTI","Haiti",8,"Ouest",32,"Léogâne",98,"Léogâne",384,"Petit Harpon",NA,"Sub-commune","Sub-commune"
385,99,"HTI","Haiti",8,"Ouest",32,"Léogâne",98,"Léogâne",385,"Petite Rivière",NA,"Sub-commune","Sub-commune"
386,99,"HTI","Haiti",8,"Ouest",32,"Léogâne",99,"Petit-Goâve",386,"Bino","Premiere Plain","Sub-commune","Sub-commune"
387,99,"HTI","Haiti",8,"Ouest",32,"Léogâne",99,"Petit-Goâve",387,"Delatre",NA,"Sub-commune","Sub-commune"
388,99,"HTI","Haiti",8,"Ouest",32,"Léogâne",99,"Petit-Goâve",388,"Des Fouques","Des Palmes","Sub-commune","Sub-commune"
389,99,"HTI","Haiti",8,"Ouest",32,"Léogâne",99,"Petit-Goâve",389,"Des Palmes",NA,"Sub-commune","Sub-commune"
390,99,"HTI","Haiti",8,"Ouest",32,"Léogâne",99,"Petit-Goâve",390,"Des Platons",NA,"Sub-commune","Sub-commune"
391,99,"HTI","Haiti",8,"Ouest",32,"Léogâne",99,"Petit-Goâve",391,"Fonds Arabie",NA,"Sub-commune","Sub-commune"
392,99,"HTI","Haiti",8,"Ouest",32,"Léogâne",99,"Petit-Goâve",392,"Ravine Sèche",NA,"Sub-commune","Sub-commune"
393,99,"HTI","Haiti",8,"Ouest",32,"Léogâne",99,"Petit-Goâve",393,"Trou Canari",NA,"Sub-commune","Sub-commune"
394,99,"HTI","Haiti",8,"Ouest",32,"Léogâne",99,"Petit-Goâve",394,"Trou Chouchou",NA,"Sub-commune","Sub-commune"
395,99,"HTI","Haiti",8,"Ouest",33,"Port-au-Prince",100,"Carrefour",395,"Berly",NA,"Sub-commune","Sub-commune"
396,99,"HTI","Haiti",8,"Ouest",33,"Port-au-Prince",100,"Carrefour",396,"Bizoton",NA,"Sub-commune","Sub-commune"
397,99,"HTI","Haiti",8,"Ouest",33,"Port-au-Prince",100,"Carrefour",397,"Bouvier",NA,"Sub-commune","Sub-commune"
398,99,"HTI","Haiti",8,"Ouest",33,"Port-au-Prince",100,"Carrefour",398,"Corail Thor",NA,"Sub-commune","Sub-commune"
399,99,"HTI","Haiti",8,"Ouest",33,"Port-au-Prince",100,"Carrefour",399,"Coupeau",NA,"Sub-commune","Sub-commune"
400,99,"HTI","Haiti",8,"Ouest",33,"Port-au-Prince",100,"Carrefour",400,"Lavalle",NA,"Sub-commune","Sub-commune"
401,99,"HTI","Haiti",8,"Ouest",33,"Port-au-Prince",100,"Carrefour",401,"Malanga",NA,"Sub-commune","Sub-commune"
402,99,"HTI","Haiti",8,"Ouest",33,"Port-au-Prince",100,"Carrefour",402,"Morne Chandelle",NA,"Sub-commune","Sub-commune"
403,99,"HTI","Haiti",8,"Ouest",33,"Port-au-Prince",100,"Carrefour",403,"Platon Dufréné",NA,"Sub-commune","Sub-commune"
404,99,"HTI","Haiti",8,"Ouest",33,"Port-au-Prince",100,"Carrefour",404,"Procy",NA,"Sub-commune","Sub-commune"
405,99,"HTI","Haiti",8,"Ouest",33,"Port-au-Prince",100,"Carrefour",405,"Rivière Froide",NA,"Sub-commune","Sub-commune"
406,99,"HTI","Haiti",8,"Ouest",33,"Port-au-Prince",100,"Carrefour",406,"Taïfer",NA,"Sub-commune","Sub-commune"
407,99,"HTI","Haiti",8,"Ouest",33,"Port-au-Prince",100,"Carrefour",407,"Thor",NA,"Sub-commune","Sub-commune"
408,99,"HTI","Haiti",8,"Ouest",33,"Port-au-Prince",101,"Delmas",408,"Bellevue",NA,"Sub-commune","Sub-commune"
409,99,"HTI","Haiti",8,"Ouest",33,"Port-au-Prince",101,"Delmas",409,"Saint Martin",NA,"Sub-commune","Sub-commune"
410,99,"HTI","Haiti",8,"Ouest",33,"Port-au-Prince",101,"Delmas",410,"Varreux",NA,"Sub-commune","Sub-commune"
411,99,"HTI","Haiti",8,"Ouest",33,"Port-au-Prince",102,"Grenier",411,"Morne à Bateau",NA,"Sub-commune","Sub-commune"
412,99,"HTI","Haiti",8,"Ouest",33,"Port-au-Prince",102,"Grenier",412,"Morne Chandelle",NA,"Sub-commune","Sub-commune"
413,99,"HTI","Haiti",8,"Ouest",33,"Port-au-Prince",102,"Grenier",413,"Petit Boucan",NA,"Sub-commune","Sub-commune"
414,99,"HTI","Haiti",8,"Ouest",33,"Port-au-Prince",103,"Kenscoff",414,"Belle Fontaine",NA,"Sub-commune","Sub-commune"
415,99,"HTI","Haiti",8,"Ouest",33,"Port-au-Prince",103,"Kenscoff",415,"Bongars",NA,"Sub-commune","Sub-commune"
416,99,"HTI","Haiti",8,"Ouest",33,"Port-au-Prince",103,"Kenscoff",416,"Grand Fond",NA,"Sub-commune","Sub-commune"
417,99,"HTI","Haiti",8,"Ouest",33,"Port-au-Prince",103,"Kenscoff",417,"Nouvelle Tourraine",NA,"Sub-commune","Sub-commune"
418,99,"HTI","Haiti",8,"Ouest",33,"Port-au-Prince",103,"Kenscoff",418,"Sourcailles",NA,"Sub-commune","Sub-commune"
419,99,"HTI","Haiti",8,"Ouest",33,"Port-au-Prince",104,"Pétion-Ville",419,"Aux Cadets",NA,"Sub-commune","Sub-commune"
420,99,"HTI","Haiti",8,"Ouest",33,"Port-au-Prince",104,"Pétion-Ville",420,"Bellevue Chardonnieres",NA,"Sub-commune","Sub-commune"
421,99,"HTI","Haiti",8,"Ouest",33,"Port-au-Prince",104,"Pétion-Ville",421,"Bellevue La Montagne",NA,"Sub-commune","Sub-commune"
422,99,"HTI","Haiti",8,"Ouest",33,"Port-au-Prince",104,"Pétion-Ville",422,"Etang du Jong",NA,"Sub-commune","Sub-commune"
423,99,"HTI","Haiti",8,"Ouest",33,"Port-au-Prince",104,"Pétion-Ville",423,"Montagne Noire",NA,"Sub-commune","Sub-commune"
424,99,"HTI","Haiti",8,"Ouest",33,"Port-au-Prince",105,"Port-au-Prince",424,"Martissant",NA,"Sub-commune","Sub-commune"
425,99,"HTI","Haiti",8,"Ouest",33,"Port-au-Prince",105,"Port-au-Prince",425,"Morne l'Hopital",NA,"Sub-commune","Sub-commune"
426,99,"HTI","Haiti",8,"Ouest",33,"Port-au-Prince",105,"Port-au-Prince",426,"Turgeau",NA,"Sub-commune","Sub-commune"
427,99,"HTI","Haiti",9,"Sud-Est",34,"Bainet",106,"Bainet",427,"Bas de Grandou",NA,"Sub-commune","Sub-commune"
428,99,"HTI","Haiti",9,"Sud-Est",34,"Bainet",106,"Bainet",428,"Bas de Gris-Gris",NA,"Sub-commune","Sub-commune"
429,99,"HTI","Haiti",9,"Sud-Est",34,"Bainet",106,"Bainet",429,"Bas de La Croix",NA,"Sub-commune","Sub-commune"
430,99,"HTI","Haiti",9,"Sud-Est",34,"Bainet",106,"Bainet",430,"Brésilienne",NA,"Sub-commune","Sub-commune"
431,99,"HTI","Haiti",9,"Sud-Est",34,"Bainet",106,"Bainet",431,"Bras Gauche",NA,"Sub-commune","Sub-commune"
432,99,"HTI","Haiti",9,"Sud-Est",34,"Bainet",106,"Bainet",432,"Haut Grandou",NA,"Sub-commune","Sub-commune"
433,99,"HTI","Haiti",9,"Sud-Est",34,"Bainet",106,"Bainet",433,"La Vallée",NA,"Sub-commune","Sub-commune"
434,99,"HTI","Haiti",9,"Sud-Est",34,"Bainet",106,"Bainet",434,"Oranger",NA,"Sub-commune","Sub-commune"
435,99,"HTI","Haiti",9,"Sud-Est",34,"Bainet",106,"Bainet",435,"Trou Mahot",NA,"Sub-commune","Sub-commune"
436,99,"HTI","Haiti",9,"Sud-Est",34,"Bainet",107,"Côtes-de-Fer",436,"Amazone",NA,"Sub-commune","Sub-commune"
437,99,"HTI","Haiti",9,"Sud-Est",34,"Bainet",107,"Côtes-de-Fer",437,"Boucan Bélier",NA,"Sub-commune","Sub-commune"
438,99,"HTI","Haiti",9,"Sud-Est",34,"Bainet",107,"Côtes-de-Fer",438,"Bras Gauche",NA,"Sub-commune","Sub-commune"
439,99,"HTI","Haiti",9,"Sud-Est",34,"Bainet",107,"Côtes-de-Fer",439,"Gris-Gris",NA,"Sub-commune","Sub-commune"
440,99,"HTI","Haiti",9,"Sud-Est",34,"Bainet",107,"Côtes-de-Fer",440,"Jamais Vu",NA,"Sub-commune","Sub-commune"
441,99,"HTI","Haiti",9,"Sud-Est",34,"Bainet",107,"Côtes-de-Fer",441,"La Biche",NA,"Sub-commune","Sub-commune"
442,99,"HTI","Haiti",9,"Sud-Est",35,"Belle-Anse",108,"Anse-à-Pitre",442,"Bois d'Orme",NA,"Sub-commune","Sub-commune"
443,99,"HTI","Haiti",9,"Sud-Est",35,"Belle-Anse",108,"Anse-à-Pitre",443,"Boucan Guillaume",NA,"Sub-commune","Sub-commune"
444,99,"HTI","Haiti",9,"Sud-Est",35,"Belle-Anse",109,"Belle-Anse",444,"Bais d'Orange",NA,"Sub-commune","Sub-commune"
445,99,"HTI","Haiti",9,"Sud-Est",35,"Belle-Anse",109,"Belle-Anse",445,"Belair",NA,"Sub-commune","Sub-commune"
446,99,"HTI","Haiti",9,"Sud-Est",35,"Belle-Anse",109,"Belle-Anse",446,"Calumette",NA,"Sub-commune","Sub-commune"
447,99,"HTI","Haiti",9,"Sud-Est",35,"Belle-Anse",109,"Belle-Anse",447,"Corail Lamothe",NA,"Sub-commune","Sub-commune"
448,99,"HTI","Haiti",9,"Sud-Est",35,"Belle-Anse",109,"Belle-Anse",448,"Mabriole",NA,"Sub-commune","Sub-commune"
449,99,"HTI","Haiti",9,"Sud-Est",35,"Belle-Anse",109,"Belle-Anse",449,"Mapou",NA,"Sub-commune","Sub-commune"
450,99,"HTI","Haiti",9,"Sud-Est",35,"Belle-Anse",109,"Belle-Anse",450,"Pichon",NA,"Sub-commune","Sub-commune"
451,99,"HTI","Haiti",9,"Sud-Est",35,"Belle-Anse",110,"Grand Gosier",451,"Colline des Chènes",NA,"Sub-commune","Sub-commune"
452,99,"HTI","Haiti",9,"Sud-Est",35,"Belle-Anse",111,"Thiotte",452,"Pot de Chambre",NA,"Sub-commune","Sub-commune"
453,99,"HTI","Haiti",9,"Sud-Est",35,"Belle-Anse",111,"Thiotte",453,"Thiotte",NA,"Sub-commune","Sub-commune"
454,99,"HTI","Haiti",9,"Sud-Est",36,"Jacmel",112,"Cayes-Jacmel",454,"Gaillard",NA,"Sub-commune","Sub-commune"
455,99,"HTI","Haiti",9,"Sud-Est",36,"Jacmel",112,"Cayes-Jacmel",455,"Haut Cap-Rouge",NA,"Sub-commune","Sub-commune"
456,99,"HTI","Haiti",9,"Sud-Est",36,"Jacmel",113,"Cayes Jacmel",456,"Ravine Normande",NA,"Sub-commune","Sub-commune"
457,99,"HTI","Haiti",9,"Sud-Est",36,"Jacmel",114,"Jacmel",457,"Bas Cap-Rouge",NA,"Sub-commune","Sub-commune"
458,99,"HTI","Haiti",9,"Sud-Est",36,"Jacmel",114,"Jacmel",458,"Bas Coq Chante",NA,"Sub-commune","Sub-commune"
459,99,"HTI","Haiti",9,"Sud-Est",36,"Jacmel",114,"Jacmel",459,"Cochon Gras",NA,"Sub-commune","Sub-commune"
460,99,"HTI","Haiti",9,"Sud-Est",36,"Jacmel",114,"Jacmel",460,"Fond Melon",NA,"Sub-commune","Sub-commune"
461,99,"HTI","Haiti",9,"Sud-Est",36,"Jacmel",114,"Jacmel",461,"Grande Rivière de Jacmel",NA,"Sub-commune","Sub-commune"
462,99,"HTI","Haiti",9,"Sud-Est",36,"Jacmel",114,"Jacmel",462,"Haut Coq Chante",NA,"Sub-commune","Sub-commune"
463,99,"HTI","Haiti",9,"Sud-Est",36,"Jacmel",114,"Jacmel",463,"La Gosseline",NA,"Sub-commune","Sub-commune"
464,99,"HTI","Haiti",9,"Sud-Est",36,"Jacmel",114,"Jacmel",464,"La Montagne",NA,"Sub-commune","Sub-commune"
465,99,"HTI","Haiti",9,"Sud-Est",36,"Jacmel",114,"Jacmel",465,"La Vanneau",NA,"Sub-commune","Sub-commune"
466,99,"HTI","Haiti",9,"Sud-Est",36,"Jacmel",114,"Jacmel",466,"Marbial",NA,"Sub-commune","Sub-commune"
467,99,"HTI","Haiti",9,"Sud-Est",36,"Jacmel",114,"Jacmel",467,"Montagne La Voute",NA,"Sub-commune","Sub-commune"
468,99,"HTI","Haiti",9,"Sud-Est",36,"Jacmel",114,"Jacmel",468,"Morne à Bruler",NA,"Sub-commune","Sub-commune"
469,99,"HTI","Haiti",9,"Sud-Est",36,"Jacmel",115,"Marigot",469,"Corail Soult",NA,"Sub-commune","Sub-commune"
470,99,"HTI","Haiti",9,"Sud-Est",36,"Jacmel",115,"Marigot",470,"Fond Jean-Noel",NA,"Sub-commune","Sub-commune"
471,99,"HTI","Haiti",9,"Sud-Est",36,"Jacmel",115,"Marigot",471,"Grande Rivière Fesle",NA,"Sub-commune","Sub-commune"
472,99,"HTI","Haiti",9,"Sud-Est",36,"Jacmel",115,"Marigot",472,"Macary",NA,"Sub-commune","Sub-commune"
473,99,"HTI","Haiti",9,"Sud-Est",36,"Jacmel",115,"Marigot",473,"Savane Dubois",NA,"Sub-commune","Sub-commune"
474,99,"HTI","Haiti",10,"Sud",37,"Aquin",116,"Aquin",474,"Bellevue",NA,"Sub-commune","Sub-commune"
475,99,"HTI","Haiti",10,"Sud",37,"Aquin",116,"Aquin",475,"Brodequin",NA,"Sub-commune","Sub-commune"
476,99,"HTI","Haiti",10,"Sud",37,"Aquin",116,"Aquin",476,"Colline à Mongons",NA,"Sub-commune","Sub-commune"
477,99,"HTI","Haiti",10,"Sud",37,"Aquin",116,"Aquin",477,"Flamands",NA,"Sub-commune","Sub-commune"
478,99,"HTI","Haiti",10,"Sud",37,"Aquin",116,"Aquin",478,"Fonds des Blancs",NA,"Sub-commune","Sub-commune"
479,99,"HTI","Haiti",10,"Sud",37,"Aquin",116,"Aquin",479,"Frangipane",NA,"Sub-commune","Sub-commune"
480,99,"HTI","Haiti",10,"Sud",37,"Aquin",116,"Aquin",480,"Guirand",NA,"Sub-commune","Sub-commune"
481,99,"HTI","Haiti",10,"Sud",37,"Aquin",116,"Aquin",481,"La Colline",NA,"Sub-commune","Sub-commune"
482,99,"HTI","Haiti",10,"Sud",37,"Aquin",116,"Aquin",482,"Macéan",NA,"Sub-commune","Sub-commune"
483,99,"HTI","Haiti",10,"Sud",37,"Aquin",116,"Aquin",483,"Mare à Coiffe",NA,"Sub-commune","Sub-commune"
484,99,"HTI","Haiti",10,"Sud",37,"Aquin",117,"Cavaillon",484,"Boileau",NA,"Sub-commune","Sub-commune"
485,99,"HTI","Haiti",10,"Sud",37,"Aquin",117,"Cavaillon",485,"Gros Marin",NA,"Sub-commune","Sub-commune"
486,99,"HTI","Haiti",10,"Sud",37,"Aquin",117,"Cavaillon",486,"Laroque",NA,"Sub-commune","Sub-commune"
487,99,"HTI","Haiti",10,"Sud",37,"Aquin",117,"Cavaillon",487,"Mare Henri",NA,"Sub-commune","Sub-commune"
488,99,"HTI","Haiti",10,"Sud",37,"Aquin",117,"Cavaillon",488,"Martineau",NA,"Sub-commune","Sub-commune"
489,99,"HTI","Haiti",10,"Sud",37,"Aquin",118,"Saint-Jean du Sud",489,"Baie Dumesle",NA,"Sub-commune","Sub-commune"
490,99,"HTI","Haiti",10,"Sud",37,"Aquin",118,"Saint-Jean du Sud",490,"Cherette",NA,"Sub-commune","Sub-commune"
491,99,"HTI","Haiti",10,"Sud",37,"Aquin",118,"Saint-Jean du Sud",491,"Sucrerie-Henry",NA,"Sub-commune","Sub-commune"
492,99,"HTI","Haiti",10,"Sud",37,"Aquin",119,"Saint-Louis du Sud",492,"Corail-Henry",NA,"Sub-commune","Sub-commune"
493,99,"HTI","Haiti",10,"Sud",37,"Aquin",119,"Saint-Louis du Sud",493,"Grands Fonds",NA,"Sub-commune","Sub-commune"
494,99,"HTI","Haiti",10,"Sud",37,"Aquin",119,"Saint-Louis du Sud",494,"Grenodière",NA,"Sub-commune","Sub-commune"
495,99,"HTI","Haiti",10,"Sud",37,"Aquin",119,"Saint-Louis du Sud",495,"Solon",NA,"Sub-commune","Sub-commune"
496,99,"HTI","Haiti",10,"Sud",37,"Aquin",119,"Saint-Louis du Sud",496,"Zanglais",NA,"Sub-commune","Sub-commune"
497,99,"HTI","Haiti",10,"Sud",38,"les Côteaux",120,"Côteaux",497,"Condé",NA,"Sub-commune","Sub-commune"
498,99,"HTI","Haiti",10,"Sud",38,"les Côteaux",120,"Côteaux",498,"Des Pas",NA,"Sub-commune","Sub-commune"
499,99,"HTI","Haiti",10,"Sud",38,"les Côteaux",120,"Côteaux",499,"Quentin",NA,"Sub-commune","Sub-commune"
500,99,"HTI","Haiti",10,"Sud",38,"les Côteaux",121,"Port-A-Piment",500,"Balais",NA,"Sub-commune","Sub-commune"
501,99,"HTI","Haiti",10,"Sud",38,"les Côteaux",121,"Port-A-Piment",501,"Paricot",NA,"Sub-commune","Sub-commune"
502,99,"HTI","Haiti",10,"Sud",38,"les Côteaux",122,"Roche-à-Bateau",502,"Beauclos",NA,"Sub-commune","Sub-commune"
503,99,"HTI","Haiti",10,"Sud",38,"les Côteaux",122,"Roche-à-Bateau",503,"Beaulieu",NA,"Sub-commune","Sub-commune"
504,99,"HTI","Haiti",10,"Sud",38,"les Côteaux",122,"Roche-à-Bateau",504,"Renaudin",NA,"Sub-commune","Sub-commune"
505,99,"HTI","Haiti",10,"Sud",39,"les Cayes",123,"Camp Perrin",505,"Champlois",NA,"Sub-commune","Sub-commune"
506,99,"HTI","Haiti",10,"Sud",39,"les Cayes",123,"Camp Perrin",506,"Lévy Mersan",NA,"Sub-commune","Sub-commune"
507,99,"HTI","Haiti",10,"Sud",39,"les Cayes",123,"Camp Perrin",507,"Tibi Davezac",NA,"Sub-commune","Sub-commune"
508,99,"HTI","Haiti",10,"Sud",39,"les Cayes",124,"Chantal",508,"Carrefour Canon",NA,"Sub-commune","Sub-commune"
509,99,"HTI","Haiti",10,"Sud",39,"les Cayes",124,"Chantal",509,"Fonds Palmiste",NA,"Sub-commune","Sub-commune"
510,99,"HTI","Haiti",10,"Sud",39,"les Cayes",124,"Chantal",510,"Melonière",NA,"Sub-commune","Sub-commune"
511,99,"HTI","Haiti",10,"Sud",39,"les Cayes",125,"Ile à Vache",511,"Ile à Vache",NA,"Sub-commune","Sub-commune"
512,99,"HTI","Haiti",10,"Sud",39,"les Cayes",126,"Les Cayes",512,"Boulmier",NA,"Sub-commune","Sub-commune"
513,99,"HTI","Haiti",10,"Sud",39,"les Cayes",126,"Les Cayes",513,"Bourdet",NA,"Sub-commune","Sub-commune"
514,99,"HTI","Haiti",10,"Sud",39,"les Cayes",126,"Les Cayes",514,"Dory",NA,"Sub-commune","Sub-commune"
515,99,"HTI","Haiti",10,"Sud",39,"les Cayes",126,"Les Cayes",515,"Fonfrède",NA,"Sub-commune","Sub-commune"
516,99,"HTI","Haiti",10,"Sud",39,"les Cayes",126,"Les Cayes",516,"Laborde",NA,"Sub-commune","Sub-commune"
517,99,"HTI","Haiti",10,"Sud",39,"les Cayes",126,"Les Cayes",517,"Laurent",NA,"Sub-commune","Sub-commune"
518,99,"HTI","Haiti",10,"Sud",39,"les Cayes",126,"Les Cayes",518,"Melon",NA,"Sub-commune","Sub-commune"
519,99,"HTI","Haiti",10,"Sud",39,"les Cayes",126,"Les Cayes",519,"Mercy",NA,"Sub-commune","Sub-commune"
520,99,"HTI","Haiti",10,"Sud",39,"les Cayes",127,"Maniche",520,"Maniche",NA,"Sub-commune","Sub-commune"
521,99,"HTI","Haiti",10,"Sud",39,"les Cayes",128,"Torbeck",521,"Bérreault",NA,"Sub-commune","Sub-commune"
522,99,"HTI","Haiti",10,"Sud",39,"les Cayes",128,"Torbeck",522,"Bourry",NA,"Sub-commune","Sub-commune"
523,99,"HTI","Haiti",10,"Sud",39,"les Cayes",128,"Torbeck",523,"Moreau",NA,"Sub-commune","Sub-commune"
524,99,"HTI","Haiti",10,"Sud",39,"les Cayes",128,"Torbeck",524,"Solon",NA,"Sub-commune","Sub-commune"
525,99,"HTI","Haiti",10,"Sud",40,"les Chardonnières",129,"Chardonnières",525,"Bony",NA,"Sub-commune","Sub-commune"
526,99,"HTI","Haiti",10,"Sud",40,"les Chardonnières",129,"Chardonnières",526,"Déjoie",NA,"Sub-commune","Sub-commune"
527,99,"HTI","Haiti",10,"Sud",40,"les Chardonnières",129,"Chardonnières",527,"Randel",NA,"Sub-commune","Sub-commune"
528,99,"HTI","Haiti",10,"Sud",40,"les Chardonnières",130,"Les Anglais",528,"Cosse",NA,"Sub-commune","Sub-commune"
529,99,"HTI","Haiti",10,"Sud",40,"les Chardonnières",130,"Les Anglais",529,"Edelin",NA,"Sub-commune","Sub-commune"
530,99,"HTI","Haiti",10,"Sud",40,"les Chardonnières",130,"Les Anglais",530,"Vérone",NA,"Sub-commune","Sub-commune"
531,99,"HTI","Haiti",10,"Sud",40,"les Chardonnières",131,"Tiburon",531,"Blacktote",NA,"Sub-commune","Sub-commune"
532,99,"HTI","Haiti",10,"Sud",40,"les Chardonnières",131,"Tiburon",532,"Dalmette",NA,"Sub-commune","Sub-commune"
533,99,"HTI","Haiti",10,"Sud",40,"les Chardonnières",131,"Tiburon",533,"Loby",NA,"Sub-commune","Sub-commune"
534,99,"HTI","Haiti",10,"Sud",40,"les Chardonnières",131,"Tiburon",534,"Nan Sevré",NA,"Sub-commune","Sub-commune"
535,99,"HTI","Haiti",10,"Sud",41,"Port-Salut",132,"Arniquet",535,"Arniquet",NA,"Sub-commune","Sub-commune"
536,99,"HTI","Haiti",10,"Sud",41,"Port-Salut",133,"Port-Salut",536,"Anse à Drick",NA,"Sub-commune","Sub-commune"
537,99,"HTI","Haiti",10,"Sud",41,"Port-Salut",133,"Port-Salut",537,"Barbois",NA,"Sub-commune","Sub-commune"
538,99,"HTI","Haiti",10,"Sud",41,"Port-Salut",133,"Port-Salut",538,"Dumont",NA,"Sub-commune","Sub-commune"
539,99,"HTI","Haiti",10,"Sud",41,"Port-Salut",133,"Port-Salut",539,"Lazarre",NA,"Sub-commune","Sub-commune"
540,99,"HTI","Haiti",10,"Sud",41,"Port-Salut",134,"Saint-Jean du Sud",540,"Débouchette",NA,"Sub-commune","Sub-commune"
541,99,"HTI","Haiti",10,"Sud",41,"Port-Salut",134,"Saint-Jean du Sud",541,"Tapion",NA,"Sub-commune","Sub-commune"
542,99,"HTI","Haiti",10,"Sud",41,"Port-Salut",134,"Saint-Jean du Sud",542,"Trichet",NA,"Sub-commune","Sub-commune"
