"OBJECTID","ID_0","ISO","NAME_0","ID_1","NAME_1","ID_2","NAME_2","TYPE_2","ENGTYPE_2","NL_NAME_2","VARNAME_2"
1,124,"LVA","Latvia",1,"Kurzeme",1,"Kuldiga","Aprinki|rajoni","District",NA,"Goldingen"
2,124,"LVA","Latvia",1,"Kurzeme",2,"Liepaja","Aprinki|rajoni","District",NA,"Libau"
3,124,"LVA","Latvia",1,"Kurzeme",3,"Saldus","Aprinki|rajoni","District",NA,NA
4,124,"LVA","Latvia",1,"Kurzeme",4,"Talsi","Aprinki|rajoni","District",NA,"Talsen"
5,124,"LVA","Latvia",1,"Kurzeme",5,"Ventspils","Aprinki|rajoni","District",NA,"Windau"
6,124,"LVA","Latvia",2,"Latgale",6,"Balvi","Aprinki|rajoni","District",NA,NA
7,124,"LVA","Latvia",2,"Latgale",7,"Daugavpils","Aprinki|rajoni","District",NA,"Dünaburg|Dvinsk"
8,124,"LVA","Latvia",2,"Latgale",8,"Kraslava","Aprinki|rajoni","District",NA,NA
9,124,"LVA","Latvia",2,"Latgale",9,"Ludza","Aprinki|rajoni","District",NA,"Ludsen"
10,124,"LVA","Latvia",2,"Latgale",10,"Preili","Aprinki|rajoni","District",NA,NA
11,124,"LVA","Latvia",2,"Latgale",11,"Rezekne","Aprinki|rajoni","District",NA,"Rositten|Ryezhitsa (Russian-obsolete)"
12,124,"LVA","Latvia",3,"Riga",12,"Limbaži","Aprinki|rajoni","District",NA,"Limbazi"
13,124,"LVA","Latvia",3,"Riga",13,"Ogre","Aprinki|rajoni","District",NA,NA
14,124,"LVA","Latvia",3,"Riga",14,"Riga","Aprinki|rajoni","District",NA,"Riga incl. Jurmala|Riia"
15,124,"LVA","Latvia",3,"Riga",15,"Tukums","Aprinki|rajoni","District",NA,"Tukkum"
16,124,"LVA","Latvia",4,"Vidzeme",16,"Aluksne","Aprinki|rajoni","District",NA,NA
17,124,"LVA","Latvia",4,"Vidzeme",17,"Cesis","Aprinki|rajoni","District",NA,"Wenden"
18,124,"LVA","Latvia",4,"Vidzeme",18,"Gulbene","Aprinki|rajoni","District",NA,NA
19,124,"LVA","Latvia",4,"Vidzeme",19,"Madona","Aprinki|rajoni","District",NA,NA
20,124,"LVA","Latvia",4,"Vidzeme",20,"Valka","Aprinki|rajoni","District",NA,NA
21,124,"LVA","Latvia",4,"Vidzeme",21,"Valmiera","Aprinki|rajoni","District",NA,"Wolmar"
22,124,"LVA","Latvia",5,"Zemgale",22,"Aizkraukle","Aprinki|rajoni","District",NA,"Aizkraukles|Stuchka (Russian-obsolete)"
23,124,"LVA","Latvia",5,"Zemgale",23,"Bauska","Aprinki|rajoni","District",NA,NA
24,124,"LVA","Latvia",5,"Zemgale",24,"Dobele","Aprinki|rajoni","District",NA,NA
25,124,"LVA","Latvia",5,"Zemgale",25,"Jekabpils","Aprinki|rajoni","District",NA,"Jakobstadt"
26,124,"LVA","Latvia",5,"Zemgale",26,"Jelgava","Aprinki|rajoni","District",NA,"Mitau"
