"OBJECTID","ID_0","ISO","NAME_0","ID_1","NAME_1","ID_2","NAME_2","TYPE_2","ENGTYPE_2","NL_NAME_2","VARNAME_2"
1,123,"LAO","Laos",1,"Attapu",1,"Phouvong","Muong","District",NA,NA
2,123,"LAO","Laos",1,"Attapu",2,"Samakkhixay","Muong","District",NA,"Sa Makhisai"
3,123,"LAO","Laos",1,"Attapu",3,"Sanamxay","Muong","District",NA,"Sanamxai#Sa Numsai"
4,123,"LAO","Laos",1,"Attapu",4,"Sanxay","Muong","District",NA,"San Sai"
5,123,"LAO","Laos",1,"Attapu",5,"Xaysetha","Muong","District",NA,"Saysettha#Xai settha"
6,123,"LAO","Laos",2,"Bokeo",6,"Houixai","Muong","District",NA,"Houay Xay|Huaixai, Huoixai"
7,123,"LAO","Laos",2,"Bokeo",7,"Meung","Muong","District",NA,"Muen"
8,123,"LAO","Laos",2,"Bokeo",8,"Nam You","Muong","District",NA,"Nam Nhu Special#Nam ou special"
9,123,"LAO","Laos",2,"Bokeo",9,"Paktha","Muong","District",NA,"Pak Tha"
10,123,"LAO","Laos",2,"Bokeo",10,"Pha Oudom","Muong","District",NA,NA
11,123,"LAO","Laos",2,"Bokeo",11,"Tonpheung","Muong","District",NA,"Thon Phueng"
12,123,"LAO","Laos",3,"Bolikhamxai",12,"Bolikhanh","Muong","District",NA,"Bo lykhanh"
13,123,"LAO","Laos",3,"Bolikhamxai",13,"Khamkheuth","Muong","District",NA,"Khamkeut|Khamkeuth#Kham kirth"
14,123,"LAO","Laos",3,"Bolikhamxai",14,"Pakkading","Muong","District",NA,"Pak kading"
15,123,"LAO","Laos",3,"Bolikhamxai",15,"Paksane","Muong","District",NA,"Pakxanh#Pak Sanh"
16,123,"LAO","Laos",3,"Bolikhamxai",16,"Thaphabath","Muong","District",NA,"Thaphabat#Tha Phabak"
17,123,"LAO","Laos",3,"Bolikhamxai",17,"Viengthong","Muong","District",NA,"Vieng Thong"
18,123,"LAO","Laos",4,"Champasak",18,"Bachiangchaleunsook","Muong","District",NA,"Batiengchaleunsouk"
19,123,"LAO","Laos",4,"Champasak",19,"Champassack","Muong","District",NA,"Champasak"
20,123,"LAO","Laos",4,"Champasak",20,"Khong","Muong","District",NA,NA
21,123,"LAO","Laos",4,"Champasak",21,"Moonlapamok","Muong","District",NA,"Mounlapamok"
22,123,"LAO","Laos",4,"Champasak",22,"Paksong","Muong","District",NA,"Pakxong#Pak Song"
23,123,"LAO","Laos",4,"Champasak",23,"Pakxe","Muong","District",NA,"Pak Se|Paksé"
24,123,"LAO","Laos",4,"Champasak",24,"Pathoomphone","Muong","District",NA,"Pathouphone#Pha Thomphone"
25,123,"LAO","Laos",4,"Champasak",25,"Phonthong","Muong","District",NA,"Phone Thong"
26,123,"LAO","Laos",4,"Champasak",26,"Sanasomboon","Muong","District",NA,"Sanasomboune#Sa Nasomboun"
27,123,"LAO","Laos",4,"Champasak",27,"Sukhuma","Muong","District",NA,"Soukhoumma"
28,123,"LAO","Laos",5,"Houaphan",28,"Huameuang","Muong","District",NA,"Houameuang#Hua Muen"
29,123,"LAO","Laos",5,"Houaphan",29,"Muang Et","Muong","District",NA,"Add#Oat"
30,123,"LAO","Laos",5,"Houaphan",30,"Sopbao","Muong","District",NA,"Sop Bao"
31,123,"LAO","Laos",5,"Houaphan",31,"Viengthong","Muong","District",NA,"Xieng Thong"
32,123,"LAO","Laos",5,"Houaphan",32,"Viengxay","Muong","District",NA,"Vieng Xay"
33,123,"LAO","Laos",5,"Houaphan",33,"Xamneua","Muong","District",NA,"Samneua#Xam Nue"
34,123,"LAO","Laos",5,"Houaphan",34,"Xamtay","Muong","District",NA,"Samtay#Xam Thai"
35,123,"LAO","Laos",5,"Houaphan",35,"Xiengkhor","Muong","District",NA,"Xiengkho"
36,123,"LAO","Laos",6,"Khammouan",36,"Bualapha","Muong","District",NA,"Boualapha"
37,123,"LAO","Laos",6,"Khammouan",37,"Hinboon","Muong","District",NA,"Hineboune#Hin Boun"
38,123,"LAO","Laos",6,"Khammouan",38,"Mahaxay","Muong","District",NA,"Ma Haxai"
39,123,"LAO","Laos",6,"Khammouan",39,"Nakai","Muong","District",NA,"Na Kay"
40,123,"LAO","Laos",6,"Khammouan",40,"Nhommalath","Muong","District",NA,"Yommalath#Nyom Malat"
41,123,"LAO","Laos",6,"Khammouan",41,"Nongbok","Muong","District",NA,"Nong Bok#Nong Boak"
42,123,"LAO","Laos",6,"Khammouan",42,"Thakhek","Muong","District",NA,"Tha ked"
43,123,"LAO","Laos",6,"Khammouan",43,"Xaybuathong","Muong","District",NA,"Xai Bouathong"
44,123,"LAO","Laos",6,"Khammouan",44,"Xebangfay","Muong","District",NA,"Sebangphay#Sek Buangfai"
45,123,"LAO","Laos",7,"Louang Namtha",45,"Long","Muong","District",NA,NA
46,123,"LAO","Laos",7,"Louang Namtha",46,"Nalae","Muong","District",NA,"Na Le#Na La"
47,123,"LAO","Laos",7,"Louang Namtha",47,"Namtha","Muong","District",NA,"Nam Tha"
48,123,"LAO","Laos",7,"Louang Namtha",48,"Sing","Muong","District",NA,NA
49,123,"LAO","Laos",7,"Louang Namtha",49,"Viengphoukha","Muong","District",NA,"Vieng Phukha"
50,123,"LAO","Laos",8,"Louangphrabang",50,"Chomphet","Muong","District",NA,NA
51,123,"LAO","Laos",8,"Louangphrabang",51,"Louangphrabang","Muong","District",NA,"Luang Prabang|Luang Phrabang, Luanprabang"
52,123,"LAO","Laos",8,"Louangphrabang",52,"Nambak","Muong","District",NA,"Nam Bak"
53,123,"LAO","Laos",8,"Louangphrabang",53,"Nan","Muong","District",NA,"Nane"
54,123,"LAO","Laos",8,"Louangphrabang",54,"Ngoi","Muong","District",NA,"Ngoy"
55,123,"LAO","Laos",8,"Louangphrabang",55,"Pak Xeng","Muong","District",NA,"Pak Seng#Pak Xeng"
56,123,"LAO","Laos",8,"Louangphrabang",56,"Park Ou","Muong","District",NA,"Pak Ou"
57,123,"LAO","Laos",8,"Louangphrabang",57,"Phonxay","Muong","District",NA,NA
58,123,"LAO","Laos",8,"Louangphrabang",58,"Phoukhoune","Muong","District",NA,"Phu khoun"
59,123,"LAO","Laos",8,"Louangphrabang",59,"Viengkham","Muong","District",NA,NA
60,123,"LAO","Laos",8,"Louangphrabang",60,"Xieng Ngeun","Muong","District",NA,"Xiengngeun"
61,123,"LAO","Laos",9,"Oudômxai",61,"Beng","Muong","District",NA,NA
62,123,"LAO","Laos",9,"Oudômxai",62,"Hoon","Muong","District",NA,"Houne|Houn"
63,123,"LAO","Laos",9,"Oudômxai",63,"La","Muong","District",NA,"Lad"
64,123,"LAO","Laos",9,"Oudômxai",64,"Namor","Muong","District",NA,"Na Mo"
65,123,"LAO","Laos",9,"Oudômxai",65,"Nga","Muong","District",NA,NA
66,123,"LAO","Laos",9,"Oudômxai",66,"Pakbeng","Muong","District",NA,"Pak Beng"
67,123,"LAO","Laos",9,"Oudômxai",67,"Xay","Muong","District",NA,NA
68,123,"LAO","Laos",10,"Phôngsali",68,"Boon Neua","Muong","District",NA,"Boun Neua|Booneua#Boun Nuen"
69,123,"LAO","Laos",10,"Phôngsali",69,"Boontai","Muong","District",NA,"Boun Tay#Boun Thai"
70,123,"LAO","Laos",10,"Phôngsali",70,"Khua","Muong","District",NA,"Khoua"
71,123,"LAO","Laos",10,"Phôngsali",71,"May","Muong","District",NA,"Mai"
72,123,"LAO","Laos",10,"Phôngsali",72,"Nhot Ou","Muong","District",NA,"Yot Ou#Ngou Ou"
73,123,"LAO","Laos",10,"Phôngsali",73,"Phongsaly","Muong","District",NA,"Pongsaly"
74,123,"LAO","Laos",10,"Phôngsali",74,"Samphanh","Muong","District",NA,"Sam Phan"
75,123,"LAO","Laos",11,"Saravan",75,"Khongxedone","Muong","District",NA,"Khongsedone|Khongxedon#Khong Sedont"
76,123,"LAO","Laos",11,"Saravan",76,"Lakhonepheng","Muong","District",NA,"La Khonpheng"
77,123,"LAO","Laos",11,"Saravan",77,"Lao Ngarm","Muong","District",NA,"Lao Ngam#Hlao Ngum"
78,123,"LAO","Laos",11,"Saravan",78,"Samuoi","Muong","District",NA,"Sa Mouay#Sa Moi"
79,123,"LAO","Laos",11,"Saravan",79,"Saravane","Muong","District",NA,"Saravanh"
80,123,"LAO","Laos",11,"Saravan",80,"Ta Oi","Muong","District",NA,"Ta Oy#Ta Oil"
81,123,"LAO","Laos",11,"Saravan",81,"Toomlarn","Muong","District",NA,"Toumlane#Tom Lan"
82,123,"LAO","Laos",11,"Saravan",82,"Vapy","Muong","District",NA,"Va Pee"
83,123,"LAO","Laos",12,"Savannakhét",83,"Atsaphangthong","Muong","District",NA,"Ouat Saphangthon"
84,123,"LAO","Laos",12,"Savannakhét",84,"Atsaphone","Muong","District",NA,"Ouat Saphone"
85,123,"LAO","Laos",12,"Savannakhét",85,"Champhone","Muong","District",NA,NA
86,123,"LAO","Laos",12,"Savannakhét",86,"Khanthabouly","Muong","District",NA,"Khanthaboury|Khanthabuli, Khanthabuly#Kanh thabuoly"
87,123,"LAO","Laos",12,"Savannakhét",87,"Nong","Muong","District",NA,NA
88,123,"LAO","Laos",12,"Savannakhét",88,"Outhoomphone","Muong","District",NA,"Outhoumphone"
89,123,"LAO","Laos",12,"Savannakhét",89,"Phine","Muong","District",NA,NA
90,123,"LAO","Laos",12,"Savannakhét",90,"Sepone","Muong","District",NA,"Seponh#Sak Pone"
91,123,"LAO","Laos",12,"Savannakhét",91,"Songkhone","Muong","District",NA,"Song Khon"
92,123,"LAO","Laos",12,"Savannakhét",92,"Thapangthong","Muong","District",NA,NA
93,123,"LAO","Laos",12,"Savannakhét",93,"Thaphalanxay","Muong","District",NA,"Tha Phalantxai"
94,123,"LAO","Laos",12,"Savannakhét",94,"Vilabuly","Muong","District",NA,"Viraboury#Vi Labouly"
95,123,"LAO","Laos",12,"Savannakhét",95,"Xaybuly","Muong","District",NA,"Xayboury#Sai Bouly"
96,123,"LAO","Laos",12,"Savannakhét",96,"Xayphoothong","Muong","District",NA,"Sai Phuthong"
97,123,"LAO","Laos",12,"Savannakhét",97,"Xonbuly","Muong","District",NA,"Xonboury#Chone Bouly"
98,123,"LAO","Laos",13,"Vientiane [prefecture]",98,"Chanthabuly","Muong","District",NA,"Chanthaboury|Chanthabouly#Chanthabuly"
99,123,"LAO","Laos",13,"Vientiane [prefecture]",99,"Hadxaifong","Muong","District",NA,"Hadxaifong (Thadeua)#Hatsayfong"
100,123,"LAO","Laos",13,"Vientiane [prefecture]",100,"Mayparkngum","Muong","District",NA,"Paknguem"
101,123,"LAO","Laos",13,"Vientiane [prefecture]",101,"Naxaithong","Muong","District",NA,"Naxaythong#Nasaithong"
102,123,"LAO","Laos",13,"Vientiane [prefecture]",102,"Sangthong","Muong","District",NA,NA
103,123,"LAO","Laos",13,"Vientiane [prefecture]",103,"Sikhottabong","Muong","District",NA,"Sykhottabong"
104,123,"LAO","Laos",13,"Vientiane [prefecture]",104,"Sisattanak","Muong","District",NA,"Sisattanack#Sysaktanak"
105,123,"LAO","Laos",13,"Vientiane [prefecture]",105,"Xaysetha","Muong","District",NA,"Saysettha#Saisettha"
106,123,"LAO","Laos",13,"Vientiane [prefecture]",106,"Xaythany","Muong","District",NA,"Xaithany (Thangone)#Saithaney"
107,123,"LAO","Laos",14,"Vientiane",107,"Feuang","Muong","District",NA,"Pheuang#Fuen"
108,123,"LAO","Laos",14,"Vientiane",108,"Hinhurp","Muong","District",NA,"Heen herm"
109,123,"LAO","Laos",14,"Vientiane",109,"Kasy","Muong","District",NA,"Ka sy"
110,123,"LAO","Laos",14,"Vientiane",110,"Keo Oudom","Muong","District",NA,"Keooudom"
111,123,"LAO","Laos",14,"Vientiane",111,"Mad","Muong","District",NA,"Med"
112,123,"LAO","Laos",14,"Vientiane",112,"Phonhong","Muong","District",NA,"Pholhong#Phone Hong"
113,123,"LAO","Laos",14,"Vientiane",113,"Thoulakhom","Muong","District",NA,"Thu Lakhuom"
114,123,"LAO","Laos",14,"Vientiane",114,"Vangvieng","Muong","District",NA,"Vang vieng"
115,123,"LAO","Laos",14,"Vientiane",115,"Viengkham","Muong","District",NA,NA
116,123,"LAO","Laos",14,"Vientiane",116,"Xanakharm","Muong","District",NA,"Sanakham"
117,123,"LAO","Laos",15,"Xékong",117,"Dakcheung","Muong","District",NA,"Dack Cheung#Dak Chue"
118,123,"LAO","Laos",15,"Xékong",118,"Kaleum","Muong","District",NA,"Ka Lerm"
119,123,"LAO","Laos",15,"Xékong",119,"Lamarm","Muong","District",NA,"La Mam|Laman#La Mum"
120,123,"LAO","Laos",15,"Xékong",120,"Thateng","Muong","District",NA,"Tha Teng"
121,123,"LAO","Laos",16,"Xaignabouri",121,"Botene","Muong","District",NA,"Boten#Bo Then"
122,123,"LAO","Laos",16,"Xaignabouri",122,"Hongsa","Muong","District",NA,"Hong Sa"
123,123,"LAO","Laos",16,"Xaignabouri",123,"Kenethao","Muong","District",NA,"Kanthao"
124,123,"LAO","Laos",16,"Xaignabouri",124,"Khop","Muong","District",NA,NA
125,123,"LAO","Laos",16,"Xaignabouri",125,"Ngeun","Muong","District",NA,"Ngeune"
126,123,"LAO","Laos",16,"Xaignabouri",126,"Parklai","Muong","District",NA,"Pak Lay|Paklai"
127,123,"LAO","Laos",16,"Xaignabouri",127,"Phiang","Muong","District",NA,"Phieng"
128,123,"LAO","Laos",16,"Xaignabouri",128,"Thongmyxay","Muong","District",NA,"Thong Meexai"
129,123,"LAO","Laos",16,"Xaignabouri",129,"Xayabury","Muong","District",NA,"Sayaboury#Xayabouly"
130,123,"LAO","Laos",16,"Xaignabouri",130,"Xienghone","Muong","District",NA,"Xieng Hon"
131,123,"LAO","Laos",17,"Xaisômboun",131,"Hom","Muong","District",NA,"Homt"
132,123,"LAO","Laos",17,"Xaisômboun",132,"Longsane","Muong","District",NA,"Longsan, Longxan#Long Xanh"
133,123,"LAO","Laos",17,"Xaisômboun",133,"Phun","Muong","District",NA,"Phoun"
134,123,"LAO","Laos",17,"Xaisômboun",134,"Thathom","Muong","District",NA,"Tha Tom"
135,123,"LAO","Laos",17,"Xaisômboun",135,"Xaysomboun","Muong","District",NA,"Saysomboune|Saysomboun|Xaysomboon"
136,123,"LAO","Laos",18,"Xiangkhoang",136,"Kham","Muong","District",NA,NA
137,123,"LAO","Laos",18,"Xiangkhoang",137,"Khoune","Muong","District",NA,"Khoun"
138,123,"LAO","Laos",18,"Xiangkhoang",138,"Morkmay","Muong","District",NA,"Mok May|Morkmai#Mook Mai"
139,123,"LAO","Laos",18,"Xiangkhoang",139,"Nonghed","Muong","District",NA,"Nong Het#Nong Heat"
140,123,"LAO","Laos",18,"Xiangkhoang",140,"Pek","Muong","District",NA,"Phed"
141,123,"LAO","Laos",18,"Xiangkhoang",141,"Phaxay","Muong","District",NA,"Pha Xay"
142,123,"LAO","Laos",18,"Xiangkhoang",142,"Phookood","Muong","District",NA,"Phou Kout#Phou Kod"
