"OBJECTID","ID_0","ISO","NAME_0","ID_1","NAME_1","ID_2","NAME_2","TYPE_2","ENGTYPE_2","NL_NAME_2","VARNAME_2"
1,96,"GNB","Guinea-Bissau",1,"Bafatá",1,"Bafata","Sector","Sector",NA,NA
2,96,"GNB","Guinea-Bissau",1,"Bafatá",2,"Bambadinca","Sector","Sector",NA,NA
3,96,"GNB","Guinea-Bissau",1,"Bafatá",3,"Contuboel","Sector","Sector",NA,NA
4,96,"GNB","Guinea-Bissau",1,"Bafatá",4,"Galomaro","Sector","Sector",NA,NA
5,96,"GNB","Guinea-Bissau",1,"Bafatá",5,"Gamamundo","Sector","Sector",NA,NA
6,96,"GNB","Guinea-Bissau",1,"Bafatá",6,"Xitole","Sector","Sector",NA,NA
7,96,"GNB","Guinea-Bissau",2,"Biombo",7,"Prabis","Sector","Sector",NA,NA
8,96,"GNB","Guinea-Bissau",2,"Biombo",8,"Quinhamel","Sector","Sector",NA,NA
9,96,"GNB","Guinea-Bissau",2,"Biombo",9,"Safim","Sector","Sector",NA,NA
10,96,"GNB","Guinea-Bissau",3,"Bissau",10,"Bissau","Sector","Sector",NA,NA
11,96,"GNB","Guinea-Bissau",4,"Bolama",11,"Bolama","Sector","Sector",NA,NA
12,96,"GNB","Guinea-Bissau",4,"Bolama",12,"Bubaque","Sector","Sector",NA,NA
13,96,"GNB","Guinea-Bissau",4,"Bolama",13,"Caravela","Sector","Sector",NA,"Uno"
14,96,"GNB","Guinea-Bissau",5,"Cacheu",14,"Bigene","Sector","Sector",NA,NA
15,96,"GNB","Guinea-Bissau",5,"Cacheu",15,"Bula","Sector","Sector",NA,NA
16,96,"GNB","Guinea-Bissau",5,"Cacheu",16,"Cacheu","Sector","Sector",NA,NA
17,96,"GNB","Guinea-Bissau",5,"Cacheu",17,"Caio","Sector","Sector",NA,NA
18,96,"GNB","Guinea-Bissau",5,"Cacheu",18,"Canghungo","Sector","Sector",NA,NA
19,96,"GNB","Guinea-Bissau",5,"Cacheu",19,"Sao Domingos","Sector","Sector",NA,NA
20,96,"GNB","Guinea-Bissau",6,"Gabú",20,"Boe","Sector","Sector",NA,NA
21,96,"GNB","Guinea-Bissau",6,"Gabú",21,"Gabu","Sector","Sector",NA,NA
22,96,"GNB","Guinea-Bissau",6,"Gabú",22,"Piche","Sector","Sector",NA,NA
23,96,"GNB","Guinea-Bissau",6,"Gabú",23,"Pirada","Sector","Sector",NA,NA
24,96,"GNB","Guinea-Bissau",6,"Gabú",24,"Sonaco","Sector","Sector",NA,NA
25,96,"GNB","Guinea-Bissau",7,"Oio",25,"Bissora","Sector","Sector",NA,NA
26,96,"GNB","Guinea-Bissau",7,"Oio",26,"Farim","Sector","Sector",NA,NA
27,96,"GNB","Guinea-Bissau",7,"Oio",27,"Mansaba","Sector","Sector",NA,NA
28,96,"GNB","Guinea-Bissau",7,"Oio",28,"Mansoa","Sector","Sector",NA,NA
29,96,"GNB","Guinea-Bissau",7,"Oio",29,"Nhacra","Sector","Sector",NA,NA
30,96,"GNB","Guinea-Bissau",8,"Quinara",30,"Buba","Sector","Sector",NA,NA
31,96,"GNB","Guinea-Bissau",8,"Quinara",31,"Empada","Sector","Sector",NA,NA
32,96,"GNB","Guinea-Bissau",8,"Quinara",32,"Fulacunda","Sector","Sector",NA,"Buba"
33,96,"GNB","Guinea-Bissau",8,"Quinara",33,"Tite","Sector","Sector",NA,NA
34,96,"GNB","Guinea-Bissau",9,"Tombali",34,"Bedanda","Sector","Sector",NA,NA
35,96,"GNB","Guinea-Bissau",9,"Tombali",35,"Cacine","Sector","Sector",NA,NA
36,96,"GNB","Guinea-Bissau",9,"Tombali",36,"Catio","Sector","Sector",NA,"Tombali"
37,96,"GNB","Guinea-Bissau",9,"Tombali",37,"Quebo","Sector","Sector",NA,NA
