"OBJECTID","ID_0","ISO","NAME_0","ID_1","NAME_1","TYPE_1","ENGTYPE_1","NL_NAME_1","VARNAME_1"
1,96,"GNB","Guinea-Bissau",1,"Bafatá","Região","Region",NA,NA
2,96,"GNB","Guinea-Bissau",2,"Biombo","Região","Region",NA,NA
3,96,"GNB","Guinea-Bissau",3,"Bissau","Sector Autónomo","Autonomous Sector",NA,NA
4,96,"GNB","Guinea-Bissau",4,"Bolama","Região","Region",NA,"Bolama-Bijagcs"
5,96,"GNB","Guinea-Bissau",5,"Cacheu","Região","Region",NA,NA
6,96,"GNB","Guinea-Bissau",6,"Gabú","Região","Region",NA,NA
7,96,"GNB","Guinea-Bissau",7,"Oio","Região","Region",NA,NA
8,96,"GNB","Guinea-Bissau",8,"Quinara","Região","Region",NA,"Buba"
9,96,"GNB","Guinea-Bissau",9,"Tombali","Região","Region",NA,NA
