"OBJECTID","ID_0","ISO","NAME_0","ID_1","NAME_1","ID_2","NAME_2","ID_3","NAME_3","TYPE_3","ENGTYPE_3","NL_NAME_3","VARNAME_3"
1,226,"TJK","Tajikistan",1,"Dushanbe",1,"Rudaki",1,"n.a. ( 162)",NA,NA,NA,NA
2,226,"TJK","Tajikistan",1,"Dushanbe",1,"Rudaki",2,"n.a. ( 171)",NA,NA,NA,NA
3,226,"TJK","Tajikistan",1,"Dushanbe",1,"Rudaki",3,"n.a. ( 183)",NA,NA,NA,NA
4,226,"TJK","Tajikistan",2,"Gorno-Badakhshan",2,"Darvoz",4,"n.a. ( 147)",NA,NA,NA,NA
5,226,"TJK","Tajikistan",2,"Gorno-Badakhshan",2,"Darvoz",5,"n.a. ( 148)",NA,NA,NA,NA
6,226,"TJK","Tajikistan",2,"Gorno-Badakhshan",2,"Darvoz",6,"n.a. ( 173)",NA,NA,NA,NA
7,226,"TJK","Tajikistan",2,"Gorno-Badakhshan",2,"Darvoz",7,"n.a. ( 193)",NA,NA,NA,NA
8,226,"TJK","Tajikistan",2,"Gorno-Badakhshan",3,"Ishkoshim",8,"n.a. ( 341)",NA,NA,NA,NA
9,226,"TJK","Tajikistan",2,"Gorno-Badakhshan",3,"Ishkoshim",9,"n.a. ( 351)",NA,NA,NA,NA
10,226,"TJK","Tajikistan",2,"Gorno-Badakhshan",3,"Ishkoshim",10,"n.a. ( 357)",NA,NA,NA,NA
11,226,"TJK","Tajikistan",2,"Gorno-Badakhshan",3,"Ishkoshim",11,"n.a. ( 358)",NA,NA,NA,NA
12,226,"TJK","Tajikistan",2,"Gorno-Badakhshan",3,"Ishkoshim",12,"n.a. ( 359)",NA,NA,NA,NA
13,226,"TJK","Tajikistan",2,"Gorno-Badakhshan",3,"Ishkoshim",13,"n.a. ( 360)",NA,NA,NA,NA
14,226,"TJK","Tajikistan",2,"Gorno-Badakhshan",4,"Murghob",14,"n.a. ( 113)",NA,NA,NA,NA
15,226,"TJK","Tajikistan",2,"Gorno-Badakhshan",4,"Murghob",15,"n.a. ( 127)",NA,NA,NA,NA
16,226,"TJK","Tajikistan",2,"Gorno-Badakhshan",4,"Murghob",16,"n.a. ( 200)",NA,NA,NA,NA
17,226,"TJK","Tajikistan",2,"Gorno-Badakhshan",4,"Murghob",17,"n.a. ( 234)",NA,NA,NA,NA
18,226,"TJK","Tajikistan",2,"Gorno-Badakhshan",4,"Murghob",18,"n.a. ( 284)",NA,NA,NA,NA
19,226,"TJK","Tajikistan",2,"Gorno-Badakhshan",4,"Murghob",19,"n.a. ( 91)",NA,NA,NA,NA
20,226,"TJK","Tajikistan",2,"Gorno-Badakhshan",5,"Roshtqala",20,"n.a. ( 327)",NA,NA,NA,NA
21,226,"TJK","Tajikistan",2,"Gorno-Badakhshan",5,"Roshtqala",21,"n.a. ( 330)",NA,NA,NA,NA
22,226,"TJK","Tajikistan",2,"Gorno-Badakhshan",5,"Roshtqala",22,"n.a. ( 336)",NA,NA,NA,NA
23,226,"TJK","Tajikistan",2,"Gorno-Badakhshan",5,"Roshtqala",23,"n.a. ( 342)",NA,NA,NA,NA
24,226,"TJK","Tajikistan",2,"Gorno-Badakhshan",5,"Roshtqala",24,"n.a. ( 343)",NA,NA,NA,NA
25,226,"TJK","Tajikistan",2,"Gorno-Badakhshan",5,"Roshtqala",25,"n.a. ( 344)",NA,NA,NA,NA
26,226,"TJK","Tajikistan",2,"Gorno-Badakhshan",6,"Rushon",26,"n.a. ( 188)",NA,NA,NA,NA
27,226,"TJK","Tajikistan",2,"Gorno-Badakhshan",6,"Rushon",27,"n.a. ( 222)",NA,NA,NA,NA
28,226,"TJK","Tajikistan",2,"Gorno-Badakhshan",6,"Rushon",28,"n.a. ( 227)",NA,NA,NA,NA
29,226,"TJK","Tajikistan",2,"Gorno-Badakhshan",6,"Rushon",29,"n.a. ( 243)",NA,NA,NA,NA
30,226,"TJK","Tajikistan",2,"Gorno-Badakhshan",6,"Rushon",30,"n.a. ( 249)",NA,NA,NA,NA
31,226,"TJK","Tajikistan",2,"Gorno-Badakhshan",6,"Rushon",31,"n.a. ( 255)",NA,NA,NA,NA
32,226,"TJK","Tajikistan",2,"Gorno-Badakhshan",6,"Rushon",32,"n.a. ( 262)",NA,NA,NA,NA
33,226,"TJK","Tajikistan",2,"Gorno-Badakhshan",7,"Shughnon",33,"n.a. ( 267)",NA,NA,NA,NA
34,226,"TJK","Tajikistan",2,"Gorno-Badakhshan",7,"Shughnon",34,"n.a. ( 290)",NA,NA,NA,NA
35,226,"TJK","Tajikistan",2,"Gorno-Badakhshan",7,"Shughnon",35,"n.a. ( 293)",NA,NA,NA,NA
36,226,"TJK","Tajikistan",2,"Gorno-Badakhshan",7,"Shughnon",36,"n.a. ( 301)",NA,NA,NA,NA
37,226,"TJK","Tajikistan",2,"Gorno-Badakhshan",7,"Shughnon",37,"n.a. ( 304)",NA,NA,NA,NA
38,226,"TJK","Tajikistan",2,"Gorno-Badakhshan",7,"Shughnon",38,"n.a. ( 312)",NA,NA,NA,NA
39,226,"TJK","Tajikistan",2,"Gorno-Badakhshan",7,"Shughnon",39,"n.a. ( 331)",NA,NA,NA,NA
40,226,"TJK","Tajikistan",2,"Gorno-Badakhshan",8,"Vanj",40,"n.a. ( 144)",NA,NA,NA,NA
41,226,"TJK","Tajikistan",2,"Gorno-Badakhshan",8,"Vanj",41,"n.a. ( 165)",NA,NA,NA,NA
42,226,"TJK","Tajikistan",2,"Gorno-Badakhshan",8,"Vanj",42,"n.a. ( 182)",NA,NA,NA,NA
43,226,"TJK","Tajikistan",2,"Gorno-Badakhshan",8,"Vanj",43,"n.a. ( 191)",NA,NA,NA,NA
44,226,"TJK","Tajikistan",2,"Gorno-Badakhshan",8,"Vanj",44,"n.a. ( 196)",NA,NA,NA,NA
45,226,"TJK","Tajikistan",2,"Gorno-Badakhshan",8,"Vanj",45,"n.a. ( 198)",NA,NA,NA,NA
46,226,"TJK","Tajikistan",3,"Khatlon",9,"Baljuvon",46,"n.a. ( 152)",NA,NA,NA,NA
47,226,"TJK","Tajikistan",3,"Khatlon",9,"Baljuvon",47,"n.a. ( 174)",NA,NA,NA,NA
48,226,"TJK","Tajikistan",3,"Khatlon",9,"Baljuvon",48,"n.a. ( 175)",NA,NA,NA,NA
49,226,"TJK","Tajikistan",3,"Khatlon",9,"Baljuvon",49,"n.a. ( 176)",NA,NA,NA,NA
50,226,"TJK","Tajikistan",3,"Khatlon",9,"Baljuvon",50,"n.a. ( 194)",NA,NA,NA,NA
51,226,"TJK","Tajikistan",3,"Khatlon",10,"Bokhtar",51,"n.a. ( 270)",NA,NA,NA,NA
52,226,"TJK","Tajikistan",3,"Khatlon",10,"Bokhtar",52,"n.a. ( 279)",NA,NA,NA,NA
53,226,"TJK","Tajikistan",3,"Khatlon",10,"Bokhtar",53,"n.a. ( 289)",NA,NA,NA,NA
54,226,"TJK","Tajikistan",3,"Khatlon",10,"Bokhtar",54,"n.a. ( 295)",NA,NA,NA,NA
55,226,"TJK","Tajikistan",3,"Khatlon",10,"Bokhtar",55,"n.a. ( 302)",NA,NA,NA,NA
56,226,"TJK","Tajikistan",3,"Khatlon",11,"Danghara",56,"n.a. ( 221)",NA,NA,NA,NA
57,226,"TJK","Tajikistan",3,"Khatlon",11,"Danghara",57,"n.a. ( 224)",NA,NA,NA,NA
58,226,"TJK","Tajikistan",3,"Khatlon",11,"Danghara",58,"n.a. ( 232)",NA,NA,NA,NA
59,226,"TJK","Tajikistan",3,"Khatlon",11,"Danghara",59,"n.a. ( 241)",NA,NA,NA,NA
60,226,"TJK","Tajikistan",3,"Khatlon",11,"Danghara",60,"n.a. ( 244)",NA,NA,NA,NA
61,226,"TJK","Tajikistan",3,"Khatlon",11,"Danghara",61,"n.a. ( 245)",NA,NA,NA,NA
62,226,"TJK","Tajikistan",3,"Khatlon",11,"Danghara",62,"n.a. ( 254)",NA,NA,NA,NA
63,226,"TJK","Tajikistan",3,"Khatlon",11,"Danghara",63,"n.a. ( 271)",NA,NA,NA,NA
64,226,"TJK","Tajikistan",3,"Khatlon",12,"Farkhor",64,"n.a. ( 294)",NA,NA,NA,NA
65,226,"TJK","Tajikistan",3,"Khatlon",12,"Farkhor",65,"n.a. ( 296)",NA,NA,NA,NA
66,226,"TJK","Tajikistan",3,"Khatlon",12,"Farkhor",66,"n.a. ( 298)",NA,NA,NA,NA
67,226,"TJK","Tajikistan",3,"Khatlon",12,"Farkhor",67,"n.a. ( 313)",NA,NA,NA,NA
68,226,"TJK","Tajikistan",3,"Khatlon",12,"Farkhor",68,"n.a. ( 321)",NA,NA,NA,NA
69,226,"TJK","Tajikistan",3,"Khatlon",12,"Farkhor",69,"n.a. ( 324)",NA,NA,NA,NA
70,226,"TJK","Tajikistan",3,"Khatlon",12,"Farkhor",70,"n.a. ( 329)",NA,NA,NA,NA
71,226,"TJK","Tajikistan",3,"Khatlon",12,"Farkhor",71,"n.a. ( 332)",NA,NA,NA,NA
72,226,"TJK","Tajikistan",3,"Khatlon",12,"Farkhor",72,"n.a. ( 349)",NA,NA,NA,NA
73,226,"TJK","Tajikistan",3,"Khatlon",13,"Jilikul",73,"n.a. ( 283)",NA,NA,NA,NA
74,226,"TJK","Tajikistan",3,"Khatlon",13,"Jilikul",74,"n.a. ( 297)",NA,NA,NA,NA
75,226,"TJK","Tajikistan",3,"Khatlon",13,"Jilikul",75,"n.a. ( 319)",NA,NA,NA,NA
76,226,"TJK","Tajikistan",3,"Khatlon",13,"Jilikul",76,"n.a. ( 320)",NA,NA,NA,NA
77,226,"TJK","Tajikistan",3,"Khatlon",13,"Jilikul",77,"n.a. ( 337)",NA,NA,NA,NA
78,226,"TJK","Tajikistan",3,"Khatlon",14,"Jomi",78,"n.a. ( 229)",NA,NA,NA,NA
79,226,"TJK","Tajikistan",3,"Khatlon",14,"Jomi",79,"n.a. ( 252)",NA,NA,NA,NA
80,226,"TJK","Tajikistan",3,"Khatlon",14,"Jomi",80,"n.a. ( 256)",NA,NA,NA,NA
81,226,"TJK","Tajikistan",3,"Khatlon",14,"Jomi",81,"n.a. ( 258)",NA,NA,NA,NA
82,226,"TJK","Tajikistan",3,"Khatlon",14,"Jomi",82,"n.a. ( 263)",NA,NA,NA,NA
83,226,"TJK","Tajikistan",3,"Khatlon",14,"Jomi",83,"n.a. ( 264)",NA,NA,NA,NA
84,226,"TJK","Tajikistan",3,"Khatlon",15,"Khovaling",84,"n.a. ( 166)",NA,NA,NA,NA
85,226,"TJK","Tajikistan",3,"Khatlon",15,"Khovaling",85,"n.a. ( 168)",NA,NA,NA,NA
86,226,"TJK","Tajikistan",3,"Khatlon",15,"Khovaling",86,"n.a. ( 205)",NA,NA,NA,NA
87,226,"TJK","Tajikistan",3,"Khatlon",15,"Khovaling",87,"n.a. ( 210)",NA,NA,NA,NA
88,226,"TJK","Tajikistan",3,"Khatlon",15,"Khovaling",88,"n.a. ( 218)",NA,NA,NA,NA
89,226,"TJK","Tajikistan",3,"Khatlon",16,"Khuroson",89,"n.a. ( 219)",NA,NA,NA,NA
90,226,"TJK","Tajikistan",3,"Khatlon",16,"Khuroson",90,"n.a. ( 230)",NA,NA,NA,NA
91,226,"TJK","Tajikistan",3,"Khatlon",16,"Khuroson",91,"n.a. ( 251)",NA,NA,NA,NA
92,226,"TJK","Tajikistan",3,"Khatlon",16,"Khuroson",92,"n.a. ( 266)",NA,NA,NA,NA
93,226,"TJK","Tajikistan",3,"Khatlon",16,"Khuroson",93,"n.a. ( 272)",NA,NA,NA,NA
94,226,"TJK","Tajikistan",3,"Khatlon",17,"Kolkhozobod",94,"n.a. ( 305)",NA,NA,NA,NA
95,226,"TJK","Tajikistan",3,"Khatlon",17,"Kolkhozobod",95,"n.a. ( 311)",NA,NA,NA,NA
96,226,"TJK","Tajikistan",3,"Khatlon",17,"Kolkhozobod",96,"n.a. ( 314)",NA,NA,NA,NA
97,226,"TJK","Tajikistan",3,"Khatlon",17,"Kolkhozobod",97,"n.a. ( 316)",NA,NA,NA,NA
98,226,"TJK","Tajikistan",3,"Khatlon",17,"Kolkhozobod",98,"n.a. ( 322)",NA,NA,NA,NA
99,226,"TJK","Tajikistan",3,"Khatlon",17,"Kolkhozobod",99,"n.a. ( 325)",NA,NA,NA,NA
100,226,"TJK","Tajikistan",3,"Khatlon",18,"Kulob",100,"n.a. ( 239)",NA,NA,NA,NA
101,226,"TJK","Tajikistan",3,"Khatlon",18,"Kulob",101,"n.a. ( 253)",NA,NA,NA,NA
102,226,"TJK","Tajikistan",3,"Khatlon",18,"Kulob",102,"n.a. ( 261)",NA,NA,NA,NA
103,226,"TJK","Tajikistan",3,"Khatlon",18,"Kulob",103,"n.a. ( 275)",NA,NA,NA,NA
104,226,"TJK","Tajikistan",3,"Khatlon",19,"Moskva",104,"n.a. ( 281)",NA,NA,NA,NA
105,226,"TJK","Tajikistan",3,"Khatlon",19,"Moskva",105,"n.a. ( 299)",NA,NA,NA,NA
106,226,"TJK","Tajikistan",3,"Khatlon",19,"Moskva",106,"n.a. ( 300)",NA,NA,NA,NA
107,226,"TJK","Tajikistan",3,"Khatlon",19,"Moskva",107,"n.a. ( 306)",NA,NA,NA,NA
108,226,"TJK","Tajikistan",3,"Khatlon",19,"Moskva",108,"n.a. ( 307)",NA,NA,NA,NA
109,226,"TJK","Tajikistan",3,"Khatlon",19,"Moskva",109,"n.a. ( 308)",NA,NA,NA,NA
110,226,"TJK","Tajikistan",3,"Khatlon",19,"Moskva",110,"n.a. ( 309)",NA,NA,NA,NA
111,226,"TJK","Tajikistan",3,"Khatlon",20,"Muminobod",111,"n.a. ( 213)",NA,NA,NA,NA
112,226,"TJK","Tajikistan",3,"Khatlon",20,"Muminobod",112,"n.a. ( 235)",NA,NA,NA,NA
113,226,"TJK","Tajikistan",3,"Khatlon",20,"Muminobod",113,"n.a. ( 237)",NA,NA,NA,NA
114,226,"TJK","Tajikistan",3,"Khatlon",20,"Muminobod",114,"n.a. ( 238)",NA,NA,NA,NA
115,226,"TJK","Tajikistan",3,"Khatlon",20,"Muminobod",115,"n.a. ( 246)",NA,NA,NA,NA
116,226,"TJK","Tajikistan",3,"Khatlon",21,"Norak",116,"n.a. ( 204)",NA,NA,NA,NA
117,226,"TJK","Tajikistan",3,"Khatlon",21,"Norak",117,"n.a. ( 214)",NA,NA,NA,NA
118,226,"TJK","Tajikistan",3,"Khatlon",22,"Nosir Khusrav",118,"n.a. ( 328)",NA,NA,NA,NA
119,226,"TJK","Tajikistan",3,"Khatlon",22,"Nosir Khusrav",119,"n.a. ( 350)",NA,NA,NA,NA
120,226,"TJK","Tajikistan",3,"Khatlon",23,"Panj",120,"n.a. ( 323)",NA,NA,NA,NA
121,226,"TJK","Tajikistan",3,"Khatlon",23,"Panj",121,"n.a. ( 335)",NA,NA,NA,NA
122,226,"TJK","Tajikistan",3,"Khatlon",23,"Panj",122,"n.a. ( 347)",NA,NA,NA,NA
123,226,"TJK","Tajikistan",3,"Khatlon",23,"Panj",123,"n.a. ( 353)",NA,NA,NA,NA
124,226,"TJK","Tajikistan",3,"Khatlon",23,"Panj",124,"n.a. ( 355)",NA,NA,NA,NA
125,226,"TJK","Tajikistan",3,"Khatlon",24,"Qabodiyon",125,"n.a. ( 276)",NA,NA,NA,NA
126,226,"TJK","Tajikistan",3,"Khatlon",24,"Qabodiyon",126,"n.a. ( 303)",NA,NA,NA,NA
127,226,"TJK","Tajikistan",3,"Khatlon",24,"Qabodiyon",127,"n.a. ( 317)",NA,NA,NA,NA
128,226,"TJK","Tajikistan",3,"Khatlon",24,"Qabodiyon",128,"n.a. ( 326)",NA,NA,NA,NA
129,226,"TJK","Tajikistan",3,"Khatlon",24,"Qabodiyon",129,"n.a. ( 340)",NA,NA,NA,NA
130,226,"TJK","Tajikistan",3,"Khatlon",24,"Qabodiyon",130,"n.a. ( 352)",NA,NA,NA,NA
131,226,"TJK","Tajikistan",3,"Khatlon",24,"Qabodiyon",131,"n.a. ( 354)",NA,NA,NA,NA
132,226,"TJK","Tajikistan",3,"Khatlon",25,"Qumsangir",132,"n.a. ( 333)",NA,NA,NA,NA
133,226,"TJK","Tajikistan",3,"Khatlon",25,"Qumsangir",133,"n.a. ( 334)",NA,NA,NA,NA
134,226,"TJK","Tajikistan",3,"Khatlon",25,"Qumsangir",134,"n.a. ( 345)",NA,NA,NA,NA
135,226,"TJK","Tajikistan",3,"Khatlon",25,"Qumsangir",135,"n.a. ( 346)",NA,NA,NA,NA
136,226,"TJK","Tajikistan",3,"Khatlon",25,"Qumsangir",136,"n.a. ( 348)",NA,NA,NA,NA
137,226,"TJK","Tajikistan",3,"Khatlon",26,"Sarband",137,"n.a. ( 260)",NA,NA,NA,NA
138,226,"TJK","Tajikistan",3,"Khatlon",26,"Sarband",138,"n.a. ( 282)",NA,NA,NA,NA
139,226,"TJK","Tajikistan",3,"Khatlon",27,"Shahrituz",139,"n.a. ( 265)",NA,NA,NA,NA
140,226,"TJK","Tajikistan",3,"Khatlon",27,"Shahrituz",140,"n.a. ( 310)",NA,NA,NA,NA
141,226,"TJK","Tajikistan",3,"Khatlon",27,"Shahrituz",141,"n.a. ( 338)",NA,NA,NA,NA
142,226,"TJK","Tajikistan",3,"Khatlon",27,"Shahrituz",142,"n.a. ( 339)",NA,NA,NA,NA
143,226,"TJK","Tajikistan",3,"Khatlon",27,"Shahrituz",143,"n.a. ( 356)",NA,NA,NA,NA
144,226,"TJK","Tajikistan",3,"Khatlon",28,"Shurobod",144,"n.a. ( 248)",NA,NA,NA,NA
145,226,"TJK","Tajikistan",3,"Khatlon",28,"Shurobod",145,"n.a. ( 257)",NA,NA,NA,NA
146,226,"TJK","Tajikistan",3,"Khatlon",28,"Shurobod",146,"n.a. ( 259)",NA,NA,NA,NA
147,226,"TJK","Tajikistan",3,"Khatlon",28,"Shurobod",147,"n.a. ( 273)",NA,NA,NA,NA
148,226,"TJK","Tajikistan",3,"Khatlon",28,"Shurobod",148,"n.a. ( 274)",NA,NA,NA,NA
149,226,"TJK","Tajikistan",3,"Khatlon",28,"Shurobod",149,"n.a. ( 280)",NA,NA,NA,NA
150,226,"TJK","Tajikistan",3,"Khatlon",28,"Shurobod",150,"n.a. ( 292)",NA,NA,NA,NA
151,226,"TJK","Tajikistan",3,"Khatlon",29,"Sovet",151,"n.a. ( 217)",NA,NA,NA,NA
152,226,"TJK","Tajikistan",3,"Khatlon",29,"Sovet",152,"n.a. ( 220)",NA,NA,NA,NA
153,226,"TJK","Tajikistan",3,"Khatlon",29,"Sovet",153,"n.a. ( 226)",NA,NA,NA,NA
154,226,"TJK","Tajikistan",3,"Khatlon",29,"Sovet",154,"n.a. ( 231)",NA,NA,NA,NA
155,226,"TJK","Tajikistan",3,"Khatlon",29,"Sovet",155,"n.a. ( 247)",NA,NA,NA,NA
156,226,"TJK","Tajikistan",3,"Khatlon",29,"Sovet",156,"n.a. ( 250)",NA,NA,NA,NA
157,226,"TJK","Tajikistan",3,"Khatlon",30,"Vakhsh",157,"n.a. ( 269)",NA,NA,NA,NA
158,226,"TJK","Tajikistan",3,"Khatlon",30,"Vakhsh",158,"n.a. ( 288)",NA,NA,NA,NA
159,226,"TJK","Tajikistan",3,"Khatlon",30,"Vakhsh",159,"n.a. ( 291)",NA,NA,NA,NA
160,226,"TJK","Tajikistan",3,"Khatlon",30,"Vakhsh",160,"n.a. ( 315)",NA,NA,NA,NA
161,226,"TJK","Tajikistan",3,"Khatlon",30,"Vakhsh",161,"n.a. ( 318)",NA,NA,NA,NA
162,226,"TJK","Tajikistan",3,"Khatlon",31,"Vose",162,"n.a. ( 236)",NA,NA,NA,NA
163,226,"TJK","Tajikistan",3,"Khatlon",31,"Vose",163,"n.a. ( 268)",NA,NA,NA,NA
164,226,"TJK","Tajikistan",3,"Khatlon",31,"Vose",164,"n.a. ( 277)",NA,NA,NA,NA
165,226,"TJK","Tajikistan",3,"Khatlon",31,"Vose",165,"n.a. ( 278)",NA,NA,NA,NA
166,226,"TJK","Tajikistan",3,"Khatlon",31,"Vose",166,"n.a. ( 285)",NA,NA,NA,NA
167,226,"TJK","Tajikistan",3,"Khatlon",31,"Vose",167,"n.a. ( 286)",NA,NA,NA,NA
168,226,"TJK","Tajikistan",3,"Khatlon",31,"Vose",168,"n.a. ( 287)",NA,NA,NA,NA
169,226,"TJK","Tajikistan",3,"Khatlon",32,"Yovon",169,"n.a. ( 212)",NA,NA,NA,NA
170,226,"TJK","Tajikistan",3,"Khatlon",32,"Yovon",170,"n.a. ( 216)",NA,NA,NA,NA
171,226,"TJK","Tajikistan",3,"Khatlon",32,"Yovon",171,"n.a. ( 225)",NA,NA,NA,NA
172,226,"TJK","Tajikistan",3,"Khatlon",32,"Yovon",172,"n.a. ( 228)",NA,NA,NA,NA
173,226,"TJK","Tajikistan",3,"Khatlon",32,"Yovon",173,"n.a. ( 233)",NA,NA,NA,NA
174,226,"TJK","Tajikistan",3,"Khatlon",32,"Yovon",174,"n.a. ( 240)",NA,NA,NA,NA
175,226,"TJK","Tajikistan",3,"Khatlon",32,"Yovon",175,"n.a. ( 242)",NA,NA,NA,NA
176,226,"TJK","Tajikistan",4,"Leninabad",33,"Asht",176,"n.a. ( 1)",NA,NA,NA,NA
177,226,"TJK","Tajikistan",4,"Leninabad",33,"Asht",177,"n.a. ( 12)",NA,NA,NA,NA
178,226,"TJK","Tajikistan",4,"Leninabad",33,"Asht",178,"n.a. ( 2)",NA,NA,NA,NA
179,226,"TJK","Tajikistan",4,"Leninabad",33,"Asht",179,"n.a. ( 3)",NA,NA,NA,NA
180,226,"TJK","Tajikistan",4,"Leninabad",33,"Asht",180,"n.a. ( 4)",NA,NA,NA,NA
181,226,"TJK","Tajikistan",4,"Leninabad",33,"Asht",181,"n.a. ( 5)",NA,NA,NA,NA
182,226,"TJK","Tajikistan",4,"Leninabad",33,"Asht",182,"n.a. ( 7)",NA,NA,NA,NA
183,226,"TJK","Tajikistan",4,"Leninabad",33,"Asht",183,"n.a. ( 8)",NA,NA,NA,NA
184,226,"TJK","Tajikistan",4,"Leninabad",33,"Asht",184,"n.a. ( 9)",NA,NA,NA,NA
185,226,"TJK","Tajikistan",4,"Leninabad",34,"Ayni",185,"n.a. ( 105)",NA,NA,NA,NA
186,226,"TJK","Tajikistan",4,"Leninabad",34,"Ayni",186,"n.a. ( 78)",NA,NA,NA,NA
187,226,"TJK","Tajikistan",4,"Leninabad",34,"Ayni",187,"n.a. ( 83)",NA,NA,NA,NA
188,226,"TJK","Tajikistan",4,"Leninabad",34,"Ayni",188,"n.a. ( 86)",NA,NA,NA,NA
189,226,"TJK","Tajikistan",4,"Leninabad",34,"Ayni",189,"n.a. ( 89)",NA,NA,NA,NA
190,226,"TJK","Tajikistan",4,"Leninabad",34,"Ayni",190,"n.a. ( 92)",NA,NA,NA,NA
191,226,"TJK","Tajikistan",4,"Leninabad",34,"Ayni",191,"n.a. ( 99)",NA,NA,NA,NA
192,226,"TJK","Tajikistan",4,"Leninabad",35,"Ghafurov",192,"n.a. ( 10)",NA,NA,NA,NA
193,226,"TJK","Tajikistan",4,"Leninabad",35,"Ghafurov",193,"n.a. ( 11)",NA,NA,NA,NA
194,226,"TJK","Tajikistan",4,"Leninabad",35,"Ghafurov",194,"n.a. ( 14)",NA,NA,NA,NA
195,226,"TJK","Tajikistan",4,"Leninabad",35,"Ghafurov",195,"n.a. ( 17)",NA,NA,NA,NA
196,226,"TJK","Tajikistan",4,"Leninabad",35,"Ghafurov",196,"n.a. ( 18)",NA,NA,NA,NA
197,226,"TJK","Tajikistan",4,"Leninabad",35,"Ghafurov",197,"n.a. ( 20)",NA,NA,NA,NA
198,226,"TJK","Tajikistan",4,"Leninabad",35,"Ghafurov",198,"n.a. ( 24)",NA,NA,NA,NA
199,226,"TJK","Tajikistan",4,"Leninabad",35,"Ghafurov",199,"n.a. ( 26)",NA,NA,NA,NA
200,226,"TJK","Tajikistan",4,"Leninabad",35,"Ghafurov",200,"n.a. ( 29)",NA,NA,NA,NA
201,226,"TJK","Tajikistan",4,"Leninabad",35,"Ghafurov",201,"n.a. ( 36)",NA,NA,NA,NA
202,226,"TJK","Tajikistan",4,"Leninabad",35,"Ghafurov",202,"n.a. ( 41)",NA,NA,NA,NA
203,226,"TJK","Tajikistan",4,"Leninabad",35,"Ghafurov",203,"n.a. ( 44)",NA,NA,NA,NA
204,226,"TJK","Tajikistan",4,"Leninabad",35,"Ghafurov",204,"n.a. ( 45)",NA,NA,NA,NA
205,226,"TJK","Tajikistan",4,"Leninabad",36,"Ghonchi",205,"n.a. ( 51)",NA,NA,NA,NA
206,226,"TJK","Tajikistan",4,"Leninabad",36,"Ghonchi",206,"n.a. ( 57)",NA,NA,NA,NA
207,226,"TJK","Tajikistan",4,"Leninabad",36,"Ghonchi",207,"n.a. ( 58)",NA,NA,NA,NA
208,226,"TJK","Tajikistan",4,"Leninabad",36,"Ghonchi",208,"n.a. ( 63)",NA,NA,NA,NA
209,226,"TJK","Tajikistan",4,"Leninabad",36,"Ghonchi",209,"n.a. ( 70)",NA,NA,NA,NA
210,226,"TJK","Tajikistan",4,"Leninabad",36,"Ghonchi",210,"n.a. ( 71)",NA,NA,NA,NA
211,226,"TJK","Tajikistan",4,"Leninabad",36,"Ghonchi",211,"n.a. ( 72)",NA,NA,NA,NA
212,226,"TJK","Tajikistan",4,"Leninabad",36,"Ghonchi",212,"n.a. ( 73)",NA,NA,NA,NA
213,226,"TJK","Tajikistan",4,"Leninabad",37,"Isfara",213,"n.a. ( 25)",NA,NA,NA,NA
214,226,"TJK","Tajikistan",4,"Leninabad",37,"Isfara",214,"n.a. ( 35)",NA,NA,NA,NA
215,226,"TJK","Tajikistan",4,"Leninabad",37,"Isfara",215,"n.a. ( 39)",NA,NA,NA,NA
216,226,"TJK","Tajikistan",4,"Leninabad",37,"Isfara",216,"n.a. ( 42)",NA,NA,NA,NA
217,226,"TJK","Tajikistan",4,"Leninabad",37,"Isfara",217,"n.a. ( 49)",NA,NA,NA,NA
218,226,"TJK","Tajikistan",4,"Leninabad",37,"Isfara",218,"n.a. ( 50)",NA,NA,NA,NA
219,226,"TJK","Tajikistan",4,"Leninabad",37,"Isfara",219,"n.a. ( 53)",NA,NA,NA,NA
220,226,"TJK","Tajikistan",4,"Leninabad",37,"Isfara",220,"n.a. ( 56)",NA,NA,NA,NA
221,226,"TJK","Tajikistan",4,"Leninabad",37,"Isfara",221,"n.a. ( 68)",NA,NA,NA,NA
222,226,"TJK","Tajikistan",4,"Leninabad",38,"Istaravshan",222,"n.a. ( 47)",NA,NA,NA,NA
223,226,"TJK","Tajikistan",4,"Leninabad",38,"Istaravshan",223,"n.a. ( 54)",NA,NA,NA,NA
224,226,"TJK","Tajikistan",4,"Leninabad",38,"Istaravshan",224,"n.a. ( 55)",NA,NA,NA,NA
225,226,"TJK","Tajikistan",4,"Leninabad",38,"Istaravshan",225,"n.a. ( 59)",NA,NA,NA,NA
226,226,"TJK","Tajikistan",4,"Leninabad",38,"Istaravshan",226,"n.a. ( 60)",NA,NA,NA,NA
227,226,"TJK","Tajikistan",4,"Leninabad",38,"Istaravshan",227,"n.a. ( 62)",NA,NA,NA,NA
228,226,"TJK","Tajikistan",4,"Leninabad",38,"Istaravshan",228,"n.a. ( 64)",NA,NA,NA,NA
229,226,"TJK","Tajikistan",4,"Leninabad",38,"Istaravshan",229,"n.a. ( 65)",NA,NA,NA,NA
230,226,"TJK","Tajikistan",4,"Leninabad",38,"Istaravshan",230,"n.a. ( 66)",NA,NA,NA,NA
231,226,"TJK","Tajikistan",4,"Leninabad",38,"Istaravshan",231,"n.a. ( 67)",NA,NA,NA,NA
232,226,"TJK","Tajikistan",4,"Leninabad",39,"Jabor Rasulov",232,"n.a. ( 31)",NA,NA,NA,NA
233,226,"TJK","Tajikistan",4,"Leninabad",39,"Jabor Rasulov",233,"n.a. ( 32)",NA,NA,NA,NA
234,226,"TJK","Tajikistan",4,"Leninabad",39,"Jabor Rasulov",234,"n.a. ( 43)",NA,NA,NA,NA
235,226,"TJK","Tajikistan",4,"Leninabad",39,"Jabor Rasulov",235,"n.a. ( 52)",NA,NA,NA,NA
236,226,"TJK","Tajikistan",4,"Leninabad",40,"Konibodom",236,"n.a. ( 19)",NA,NA,NA,NA
237,226,"TJK","Tajikistan",4,"Leninabad",40,"Konibodom",237,"n.a. ( 21)",NA,NA,NA,NA
238,226,"TJK","Tajikistan",4,"Leninabad",40,"Konibodom",238,"n.a. ( 22)",NA,NA,NA,NA
239,226,"TJK","Tajikistan",4,"Leninabad",40,"Konibodom",239,"n.a. ( 27)",NA,NA,NA,NA
240,226,"TJK","Tajikistan",4,"Leninabad",40,"Konibodom",240,"n.a. ( 28)",NA,NA,NA,NA
241,226,"TJK","Tajikistan",4,"Leninabad",40,"Konibodom",241,"n.a. ( 30)",NA,NA,NA,NA
242,226,"TJK","Tajikistan",4,"Leninabad",41,"Kuhistoni Mastchoh",242,"n.a. ( 76)",NA,NA,NA,NA
243,226,"TJK","Tajikistan",4,"Leninabad",41,"Kuhistoni Mastchoh",243,"n.a. ( 81)",NA,NA,NA,NA
244,226,"TJK","Tajikistan",4,"Leninabad",42,"Matchin",244,"n.a. ( 13)",NA,NA,NA,NA
245,226,"TJK","Tajikistan",4,"Leninabad",42,"Matchin",245,"n.a. ( 15)",NA,NA,NA,NA
246,226,"TJK","Tajikistan",4,"Leninabad",42,"Matchin",246,"n.a. ( 16)",NA,NA,NA,NA
247,226,"TJK","Tajikistan",4,"Leninabad",42,"Matchin",247,"n.a. ( 6)",NA,NA,NA,NA
248,226,"TJK","Tajikistan",4,"Leninabad",43,"Pandjakent",248,"n.a. ( 100)",NA,NA,NA,NA
249,226,"TJK","Tajikistan",4,"Leninabad",43,"Pandjakent",249,"n.a. ( 101)",NA,NA,NA,NA
250,226,"TJK","Tajikistan",4,"Leninabad",43,"Pandjakent",250,"n.a. ( 102)",NA,NA,NA,NA
251,226,"TJK","Tajikistan",4,"Leninabad",43,"Pandjakent",251,"n.a. ( 103)",NA,NA,NA,NA
252,226,"TJK","Tajikistan",4,"Leninabad",43,"Pandjakent",252,"n.a. ( 74)",NA,NA,NA,NA
253,226,"TJK","Tajikistan",4,"Leninabad",43,"Pandjakent",253,"n.a. ( 75)",NA,NA,NA,NA
254,226,"TJK","Tajikistan",4,"Leninabad",43,"Pandjakent",254,"n.a. ( 79)",NA,NA,NA,NA
255,226,"TJK","Tajikistan",4,"Leninabad",43,"Pandjakent",255,"n.a. ( 82)",NA,NA,NA,NA
256,226,"TJK","Tajikistan",4,"Leninabad",43,"Pandjakent",256,"n.a. ( 84)",NA,NA,NA,NA
257,226,"TJK","Tajikistan",4,"Leninabad",43,"Pandjakent",257,"n.a. ( 87)",NA,NA,NA,NA
258,226,"TJK","Tajikistan",4,"Leninabad",43,"Pandjakent",258,"n.a. ( 88)",NA,NA,NA,NA
259,226,"TJK","Tajikistan",4,"Leninabad",43,"Pandjakent",259,"n.a. ( 93)",NA,NA,NA,NA
260,226,"TJK","Tajikistan",4,"Leninabad",43,"Pandjakent",260,"n.a. ( 94)",NA,NA,NA,NA
261,226,"TJK","Tajikistan",4,"Leninabad",43,"Pandjakent",261,"n.a. ( 95)",NA,NA,NA,NA
262,226,"TJK","Tajikistan",4,"Leninabad",44,"Shahriston",262,"n.a. ( 61)",NA,NA,NA,NA
263,226,"TJK","Tajikistan",4,"Leninabad",44,"Shahriston",263,"n.a. ( 69)",NA,NA,NA,NA
264,226,"TJK","Tajikistan",4,"Leninabad",45,"Spitamen",264,"n.a. ( 23)",NA,NA,NA,NA
265,226,"TJK","Tajikistan",4,"Leninabad",45,"Spitamen",265,"n.a. ( 33)",NA,NA,NA,NA
266,226,"TJK","Tajikistan",4,"Leninabad",45,"Spitamen",266,"n.a. ( 38)",NA,NA,NA,NA
267,226,"TJK","Tajikistan",4,"Leninabad",45,"Spitamen",267,"n.a. ( 40)",NA,NA,NA,NA
268,226,"TJK","Tajikistan",4,"Leninabad",45,"Spitamen",268,"n.a. ( 46)",NA,NA,NA,NA
269,226,"TJK","Tajikistan",4,"Leninabad",45,"Spitamen",269,"n.a. ( 48)",NA,NA,NA,NA
270,226,"TJK","Tajikistan",4,"Leninabad",46,"Zafarobod",270,"n.a. ( 34)",NA,NA,NA,NA
271,226,"TJK","Tajikistan",4,"Leninabad",46,"Zafarobod",271,"n.a. ( 37)",NA,NA,NA,NA
272,226,"TJK","Tajikistan",5,"Tadzhikistan Territories",47,"Fayzobod",272,"n.a. ( 151)",NA,NA,NA,NA
273,226,"TJK","Tajikistan",5,"Tadzhikistan Territories",47,"Fayzobod",273,"n.a. ( 158)",NA,NA,NA,NA
274,226,"TJK","Tajikistan",5,"Tadzhikistan Territories",47,"Fayzobod",274,"n.a. ( 163)",NA,NA,NA,NA
275,226,"TJK","Tajikistan",5,"Tadzhikistan Territories",47,"Fayzobod",275,"n.a. ( 167)",NA,NA,NA,NA
276,226,"TJK","Tajikistan",5,"Tadzhikistan Territories",47,"Fayzobod",276,"n.a. ( 179)",NA,NA,NA,NA
277,226,"TJK","Tajikistan",5,"Tadzhikistan Territories",47,"Fayzobod",277,"n.a. ( 181)",NA,NA,NA,NA
278,226,"TJK","Tajikistan",5,"Tadzhikistan Territories",47,"Fayzobod",278,"n.a. ( 190)",NA,NA,NA,NA
279,226,"TJK","Tajikistan",5,"Tadzhikistan Territories",48,"Hissor",279,"n.a. ( 131)",NA,NA,NA,NA
280,226,"TJK","Tajikistan",5,"Tadzhikistan Territories",48,"Hissor",280,"n.a. ( 134)",NA,NA,NA,NA
281,226,"TJK","Tajikistan",5,"Tadzhikistan Territories",48,"Hissor",281,"n.a. ( 143)",NA,NA,NA,NA
282,226,"TJK","Tajikistan",5,"Tadzhikistan Territories",48,"Hissor",282,"n.a. ( 149)",NA,NA,NA,NA
283,226,"TJK","Tajikistan",5,"Tadzhikistan Territories",48,"Hissor",283,"n.a. ( 150)",NA,NA,NA,NA
284,226,"TJK","Tajikistan",5,"Tadzhikistan Territories",48,"Hissor",284,"n.a. ( 160)",NA,NA,NA,NA
285,226,"TJK","Tajikistan",5,"Tadzhikistan Territories",48,"Hissor",285,"n.a. ( 164)",NA,NA,NA,NA
286,226,"TJK","Tajikistan",5,"Tadzhikistan Territories",48,"Hissor",286,"n.a. ( 177)",NA,NA,NA,NA
287,226,"TJK","Tajikistan",5,"Tadzhikistan Territories",48,"Hissor",287,"n.a. ( 189)",NA,NA,NA,NA
288,226,"TJK","Tajikistan",5,"Tadzhikistan Territories",49,"Jirgatol",288,"n.a. ( 104)",NA,NA,NA,NA
289,226,"TJK","Tajikistan",5,"Tadzhikistan Territories",49,"Jirgatol",289,"n.a. ( 106)",NA,NA,NA,NA
290,226,"TJK","Tajikistan",5,"Tadzhikistan Territories",49,"Jirgatol",290,"n.a. ( 118)",NA,NA,NA,NA
291,226,"TJK","Tajikistan",5,"Tadzhikistan Territories",49,"Jirgatol",291,"n.a. ( 77)",NA,NA,NA,NA
292,226,"TJK","Tajikistan",5,"Tadzhikistan Territories",49,"Jirgatol",292,"n.a. ( 80)",NA,NA,NA,NA
293,226,"TJK","Tajikistan",5,"Tadzhikistan Territories",49,"Jirgatol",293,"n.a. ( 90)",NA,NA,NA,NA
294,226,"TJK","Tajikistan",5,"Tadzhikistan Territories",49,"Jirgatol",294,"n.a. ( 97)",NA,NA,NA,NA
295,226,"TJK","Tajikistan",5,"Tadzhikistan Territories",49,"Jirgatol",295,"n.a. ( 98)",NA,NA,NA,NA
296,226,"TJK","Tajikistan",5,"Tadzhikistan Territories",50,"Nurobod",296,"n.a. ( 129)",NA,NA,NA,NA
297,226,"TJK","Tajikistan",5,"Tadzhikistan Territories",50,"Nurobod",297,"n.a. ( 135)",NA,NA,NA,NA
298,226,"TJK","Tajikistan",5,"Tadzhikistan Territories",50,"Nurobod",298,"n.a. ( 137)",NA,NA,NA,NA
299,226,"TJK","Tajikistan",5,"Tadzhikistan Territories",50,"Nurobod",299,"n.a. ( 138)",NA,NA,NA,NA
300,226,"TJK","Tajikistan",5,"Tadzhikistan Territories",50,"Nurobod",300,"n.a. ( 139)",NA,NA,NA,NA
301,226,"TJK","Tajikistan",5,"Tadzhikistan Territories",50,"Nurobod",301,"n.a. ( 146)",NA,NA,NA,NA
302,226,"TJK","Tajikistan",5,"Tadzhikistan Territories",51,"Rasht",302,"n.a. ( 107)",NA,NA,NA,NA
303,226,"TJK","Tajikistan",5,"Tadzhikistan Territories",51,"Rasht",303,"n.a. ( 108)",NA,NA,NA,NA
304,226,"TJK","Tajikistan",5,"Tadzhikistan Territories",51,"Rasht",304,"n.a. ( 109)",NA,NA,NA,NA
305,226,"TJK","Tajikistan",5,"Tadzhikistan Territories",51,"Rasht",305,"n.a. ( 110)",NA,NA,NA,NA
306,226,"TJK","Tajikistan",5,"Tadzhikistan Territories",51,"Rasht",306,"n.a. ( 111)",NA,NA,NA,NA
307,226,"TJK","Tajikistan",5,"Tadzhikistan Territories",51,"Rasht",307,"n.a. ( 115)",NA,NA,NA,NA
308,226,"TJK","Tajikistan",5,"Tadzhikistan Territories",51,"Rasht",308,"n.a. ( 122)",NA,NA,NA,NA
309,226,"TJK","Tajikistan",5,"Tadzhikistan Territories",51,"Rasht",309,"n.a. ( 123)",NA,NA,NA,NA
310,226,"TJK","Tajikistan",5,"Tadzhikistan Territories",51,"Rasht",310,"n.a. ( 85)",NA,NA,NA,NA
311,226,"TJK","Tajikistan",5,"Tadzhikistan Territories",51,"Rasht",311,"n.a. ( 96)",NA,NA,NA,NA
312,226,"TJK","Tajikistan",5,"Tadzhikistan Territories",52,"Roghun",312,"n.a. ( 141)",NA,NA,NA,NA
313,226,"TJK","Tajikistan",5,"Tadzhikistan Territories",53,"Rudaki",313,"n.a. ( 169)",NA,NA,NA,NA
314,226,"TJK","Tajikistan",5,"Tadzhikistan Territories",53,"Rudaki",314,"n.a. ( 184)",NA,NA,NA,NA
315,226,"TJK","Tajikistan",5,"Tadzhikistan Territories",53,"Rudaki",315,"n.a. ( 185)",NA,NA,NA,NA
316,226,"TJK","Tajikistan",5,"Tadzhikistan Territories",53,"Rudaki",316,"n.a. ( 195)",NA,NA,NA,NA
317,226,"TJK","Tajikistan",5,"Tadzhikistan Territories",53,"Rudaki",317,"n.a. ( 197)",NA,NA,NA,NA
318,226,"TJK","Tajikistan",5,"Tadzhikistan Territories",53,"Rudaki",318,"n.a. ( 199)",NA,NA,NA,NA
319,226,"TJK","Tajikistan",5,"Tadzhikistan Territories",53,"Rudaki",319,"n.a. ( 203)",NA,NA,NA,NA
320,226,"TJK","Tajikistan",5,"Tadzhikistan Territories",53,"Rudaki",320,"n.a. ( 206)",NA,NA,NA,NA
321,226,"TJK","Tajikistan",5,"Tadzhikistan Territories",53,"Rudaki",321,"n.a. ( 208)",NA,NA,NA,NA
322,226,"TJK","Tajikistan",5,"Tadzhikistan Territories",53,"Rudaki",322,"n.a. ( 223)",NA,NA,NA,NA
323,226,"TJK","Tajikistan",5,"Tadzhikistan Territories",54,"Shahrinav",323,"n.a. ( 132)",NA,NA,NA,NA
324,226,"TJK","Tajikistan",5,"Tadzhikistan Territories",54,"Shahrinav",324,"n.a. ( 145)",NA,NA,NA,NA
325,226,"TJK","Tajikistan",5,"Tadzhikistan Territories",54,"Shahrinav",325,"n.a. ( 159)",NA,NA,NA,NA
326,226,"TJK","Tajikistan",5,"Tadzhikistan Territories",54,"Shahrinav",326,"n.a. ( 161)",NA,NA,NA,NA
327,226,"TJK","Tajikistan",5,"Tadzhikistan Territories",54,"Shahrinav",327,"n.a. ( 172)",NA,NA,NA,NA
328,226,"TJK","Tajikistan",5,"Tadzhikistan Territories",54,"Shahrinav",328,"n.a. ( 202)",NA,NA,NA,NA
329,226,"TJK","Tajikistan",5,"Tadzhikistan Territories",54,"Shahrinav",329,"n.a. ( 209)",NA,NA,NA,NA
330,226,"TJK","Tajikistan",5,"Tadzhikistan Territories",55,"Tavildara",330,"n.a. ( 119)",NA,NA,NA,NA
331,226,"TJK","Tajikistan",5,"Tadzhikistan Territories",55,"Tavildara",331,"n.a. ( 124)",NA,NA,NA,NA
332,226,"TJK","Tajikistan",5,"Tadzhikistan Territories",55,"Tavildara",332,"n.a. ( 128)",NA,NA,NA,NA
333,226,"TJK","Tajikistan",5,"Tadzhikistan Territories",56,"Tojikobod",333,"n.a. ( 112)",NA,NA,NA,NA
334,226,"TJK","Tajikistan",5,"Tadzhikistan Territories",56,"Tojikobod",334,"n.a. ( 114)",NA,NA,NA,NA
335,226,"TJK","Tajikistan",5,"Tadzhikistan Territories",56,"Tojikobod",335,"n.a. ( 116)",NA,NA,NA,NA
336,226,"TJK","Tajikistan",5,"Tadzhikistan Territories",56,"Tojikobod",336,"n.a. ( 120)",NA,NA,NA,NA
337,226,"TJK","Tajikistan",5,"Tadzhikistan Territories",57,"Tursunzoda",337,"n.a. ( 140)",NA,NA,NA,NA
338,226,"TJK","Tajikistan",5,"Tadzhikistan Territories",57,"Tursunzoda",338,"n.a. ( 156)",NA,NA,NA,NA
339,226,"TJK","Tajikistan",5,"Tadzhikistan Territories",57,"Tursunzoda",339,"n.a. ( 180)",NA,NA,NA,NA
340,226,"TJK","Tajikistan",5,"Tadzhikistan Territories",57,"Tursunzoda",340,"n.a. ( 186)",NA,NA,NA,NA
341,226,"TJK","Tajikistan",5,"Tadzhikistan Territories",57,"Tursunzoda",341,"n.a. ( 192)",NA,NA,NA,NA
342,226,"TJK","Tajikistan",5,"Tadzhikistan Territories",57,"Tursunzoda",342,"n.a. ( 207)",NA,NA,NA,NA
343,226,"TJK","Tajikistan",5,"Tadzhikistan Territories",57,"Tursunzoda",343,"n.a. ( 211)",NA,NA,NA,NA
344,226,"TJK","Tajikistan",5,"Tadzhikistan Territories",57,"Tursunzoda",344,"n.a. ( 215)",NA,NA,NA,NA
345,226,"TJK","Tajikistan",5,"Tadzhikistan Territories",58,"Vahdat",345,"n.a. ( 117)",NA,NA,NA,NA
346,226,"TJK","Tajikistan",5,"Tadzhikistan Territories",58,"Vahdat",346,"n.a. ( 125)",NA,NA,NA,NA
347,226,"TJK","Tajikistan",5,"Tadzhikistan Territories",58,"Vahdat",347,"n.a. ( 126)",NA,NA,NA,NA
348,226,"TJK","Tajikistan",5,"Tadzhikistan Territories",58,"Vahdat",348,"n.a. ( 133)",NA,NA,NA,NA
349,226,"TJK","Tajikistan",5,"Tadzhikistan Territories",58,"Vahdat",349,"n.a. ( 142)",NA,NA,NA,NA
350,226,"TJK","Tajikistan",5,"Tadzhikistan Territories",58,"Vahdat",350,"n.a. ( 157)",NA,NA,NA,NA
351,226,"TJK","Tajikistan",5,"Tadzhikistan Territories",58,"Vahdat",351,"n.a. ( 170)",NA,NA,NA,NA
352,226,"TJK","Tajikistan",5,"Tadzhikistan Territories",58,"Vahdat",352,"n.a. ( 178)",NA,NA,NA,NA
353,226,"TJK","Tajikistan",5,"Tadzhikistan Territories",58,"Vahdat",353,"n.a. ( 187)",NA,NA,NA,NA
354,226,"TJK","Tajikistan",5,"Tadzhikistan Territories",58,"Vahdat",354,"n.a. ( 201)",NA,NA,NA,NA
355,226,"TJK","Tajikistan",5,"Tadzhikistan Territories",59,"Varzob",355,"n.a. ( 121)",NA,NA,NA,NA
356,226,"TJK","Tajikistan",5,"Tadzhikistan Territories",59,"Varzob",356,"n.a. ( 130)",NA,NA,NA,NA
357,226,"TJK","Tajikistan",5,"Tadzhikistan Territories",59,"Varzob",357,"n.a. ( 136)",NA,NA,NA,NA
358,226,"TJK","Tajikistan",5,"Tadzhikistan Territories",59,"Varzob",358,"n.a. ( 153)",NA,NA,NA,NA
359,226,"TJK","Tajikistan",5,"Tadzhikistan Territories",59,"Varzob",359,"n.a. ( 154)",NA,NA,NA,NA
360,226,"TJK","Tajikistan",5,"Tadzhikistan Territories",59,"Varzob",360,"n.a. ( 155)",NA,NA,NA,NA
