"OBJECTID","ID_0","ISO","NAME_0","ID_1","NAME_1","ID_2","NAME_2","TYPE_2","ENGTYPE_2","NL_NAME_2","VARNAME_2"
1,226,"TJK","Tajikistan",1,"Dushanbe",1,"Rudaki",NA,NA,NA,NA
2,226,"TJK","Tajikistan",2,"Gorno-Badakhshan",2,"Darvoz",NA,NA,NA,NA
3,226,"TJK","Tajikistan",2,"Gorno-Badakhshan",3,"Ishkoshim",NA,NA,NA,NA
4,226,"TJK","Tajikistan",2,"Gorno-Badakhshan",4,"Murghob",NA,NA,NA,NA
5,226,"TJK","Tajikistan",2,"Gorno-Badakhshan",5,"Roshtqala",NA,NA,NA,NA
6,226,"TJK","Tajikistan",2,"Gorno-Badakhshan",6,"Rushon",NA,NA,NA,NA
7,226,"TJK","Tajikistan",2,"Gorno-Badakhshan",7,"Shughnon",NA,NA,NA,NA
8,226,"TJK","Tajikistan",2,"Gorno-Badakhshan",8,"Vanj",NA,NA,NA,NA
9,226,"TJK","Tajikistan",3,"Khatlon",9,"Baljuvon",NA,NA,NA,NA
10,226,"TJK","Tajikistan",3,"Khatlon",10,"Bokhtar",NA,NA,NA,NA
11,226,"TJK","Tajikistan",3,"Khatlon",11,"Danghara",NA,NA,NA,NA
12,226,"TJK","Tajikistan",3,"Khatlon",12,"Farkhor",NA,NA,NA,NA
13,226,"TJK","Tajikistan",3,"Khatlon",13,"Jilikul",NA,NA,NA,NA
14,226,"TJK","Tajikistan",3,"Khatlon",14,"Jomi",NA,NA,NA,NA
15,226,"TJK","Tajikistan",3,"Khatlon",15,"Khovaling",NA,NA,NA,NA
16,226,"TJK","Tajikistan",3,"Khatlon",16,"Khuroson",NA,NA,NA,NA
17,226,"TJK","Tajikistan",3,"Khatlon",17,"Kolkhozobod",NA,NA,NA,NA
18,226,"TJK","Tajikistan",3,"Khatlon",18,"Kulob",NA,NA,NA,NA
19,226,"TJK","Tajikistan",3,"Khatlon",19,"Moskva",NA,NA,NA,NA
20,226,"TJK","Tajikistan",3,"Khatlon",20,"Muminobod",NA,NA,NA,NA
21,226,"TJK","Tajikistan",3,"Khatlon",21,"Norak",NA,NA,NA,NA
22,226,"TJK","Tajikistan",3,"Khatlon",22,"Nosir Khusrav",NA,NA,NA,NA
23,226,"TJK","Tajikistan",3,"Khatlon",23,"Panj",NA,NA,NA,NA
24,226,"TJK","Tajikistan",3,"Khatlon",24,"Qabodiyon",NA,NA,NA,NA
25,226,"TJK","Tajikistan",3,"Khatlon",25,"Qumsangir",NA,NA,NA,NA
26,226,"TJK","Tajikistan",3,"Khatlon",26,"Sarband",NA,NA,NA,NA
27,226,"TJK","Tajikistan",3,"Khatlon",27,"Shahrituz",NA,NA,NA,NA
28,226,"TJK","Tajikistan",3,"Khatlon",28,"Shurobod",NA,NA,NA,NA
29,226,"TJK","Tajikistan",3,"Khatlon",29,"Sovet",NA,NA,NA,NA
30,226,"TJK","Tajikistan",3,"Khatlon",30,"Vakhsh",NA,NA,NA,NA
31,226,"TJK","Tajikistan",3,"Khatlon",31,"Vose",NA,NA,NA,NA
32,226,"TJK","Tajikistan",3,"Khatlon",32,"Yovon",NA,NA,NA,NA
33,226,"TJK","Tajikistan",4,"Leninabad",33,"Asht",NA,NA,NA,NA
34,226,"TJK","Tajikistan",4,"Leninabad",34,"Ayni",NA,NA,NA,NA
35,226,"TJK","Tajikistan",4,"Leninabad",35,"Ghafurov",NA,NA,NA,NA
36,226,"TJK","Tajikistan",4,"Leninabad",36,"Ghonchi",NA,NA,NA,NA
37,226,"TJK","Tajikistan",4,"Leninabad",37,"Isfara",NA,NA,NA,NA
38,226,"TJK","Tajikistan",4,"Leninabad",38,"Istaravshan",NA,NA,NA,NA
39,226,"TJK","Tajikistan",4,"Leninabad",39,"Jabor Rasulov",NA,NA,NA,NA
40,226,"TJK","Tajikistan",4,"Leninabad",40,"Konibodom",NA,NA,NA,NA
41,226,"TJK","Tajikistan",4,"Leninabad",41,"Kuhistoni Mastchoh",NA,NA,NA,NA
42,226,"TJK","Tajikistan",4,"Leninabad",42,"Matchin",NA,NA,NA,NA
43,226,"TJK","Tajikistan",4,"Leninabad",43,"Pandjakent",NA,NA,NA,NA
44,226,"TJK","Tajikistan",4,"Leninabad",44,"Shahriston",NA,NA,NA,NA
45,226,"TJK","Tajikistan",4,"Leninabad",45,"Spitamen",NA,NA,NA,NA
46,226,"TJK","Tajikistan",4,"Leninabad",46,"Zafarobod",NA,NA,NA,NA
47,226,"TJK","Tajikistan",5,"Tadzhikistan Territories",47,"Fayzobod",NA,NA,NA,NA
48,226,"TJK","Tajikistan",5,"Tadzhikistan Territories",48,"Hissor",NA,NA,NA,NA
49,226,"TJK","Tajikistan",5,"Tadzhikistan Territories",49,"Jirgatol",NA,NA,NA,NA
50,226,"TJK","Tajikistan",5,"Tadzhikistan Territories",50,"Nurobod",NA,NA,NA,NA
51,226,"TJK","Tajikistan",5,"Tadzhikistan Territories",51,"Rasht",NA,NA,NA,NA
52,226,"TJK","Tajikistan",5,"Tadzhikistan Territories",52,"Roghun",NA,NA,NA,NA
53,226,"TJK","Tajikistan",5,"Tadzhikistan Territories",53,"Rudaki",NA,NA,NA,NA
54,226,"TJK","Tajikistan",5,"Tadzhikistan Territories",54,"Shahrinav",NA,NA,NA,NA
55,226,"TJK","Tajikistan",5,"Tadzhikistan Territories",55,"Tavildara",NA,NA,NA,NA
56,226,"TJK","Tajikistan",5,"Tadzhikistan Territories",56,"Tojikobod",NA,NA,NA,NA
57,226,"TJK","Tajikistan",5,"Tadzhikistan Territories",57,"Tursunzoda",NA,NA,NA,NA
58,226,"TJK","Tajikistan",5,"Tadzhikistan Territories",58,"Vahdat",NA,NA,NA,NA
59,226,"TJK","Tajikistan",5,"Tadzhikistan Territories",59,"Varzob",NA,NA,NA,NA
