"OBJECTID","ID_0","ISO","NAME_0","ID_1","NAME_1","ID_2","NAME_2","ID_3","NAME_3","ID_4","NAME_4","VARNAME_4","TYPE_4","ENGTYPE_4"
1,131,"LUX","Luxembourg",1,"Diekirch",1,"Clervaux",1,"Clervaux",1,"Clervaux",NA,"Commune (same as level 3)","Commune (same as level 3)"
2,131,"LUX","Luxembourg",1,"Diekirch",1,"Clervaux",2,"Consthum",2,"Consthum",NA,"Commune (same as level 3)","Commune (same as level 3)"
3,131,"LUX","Luxembourg",1,"Diekirch",1,"Clervaux",3,"Heinerscheid",3,"Heinerscheid",NA,"Commune (same as level 3)","Commune (same as level 3)"
4,131,"LUX","Luxembourg",1,"Diekirch",1,"Clervaux",4,"Hosingen",4,"Hosingen",NA,"Commune (same as level 3)","Commune (same as level 3)"
5,131,"LUX","Luxembourg",1,"Diekirch",1,"Clervaux",5,"Munshausen",5,"Munshausen",NA,"Commune (same as level 3)","Commune (same as level 3)"
6,131,"LUX","Luxembourg",1,"Diekirch",1,"Clervaux",6,"Troisvierges",6,"Troisvierges",NA,"Commune (same as level 3)","Commune (same as level 3)"
7,131,"LUX","Luxembourg",1,"Diekirch",1,"Clervaux",7,"Weiswampach",7,"Weiswampach",NA,"Commune (same as level 3)","Commune (same as level 3)"
8,131,"LUX","Luxembourg",1,"Diekirch",1,"Clervaux",8,"Wincrange",8,"Wincrange",NA,"Commune (same as level 3)","Commune (same as level 3)"
9,131,"LUX","Luxembourg",1,"Diekirch",2,"Diekirch",9,"Bettendorf",9,"Bettendorf",NA,"Commune (same as level 3)","Commune (same as level 3)"
10,131,"LUX","Luxembourg",1,"Diekirch",2,"Diekirch",10,"Bourscheid",10,"Bourscheid",NA,"Commune (same as level 3)","Commune (same as level 3)"
11,131,"LUX","Luxembourg",1,"Diekirch",2,"Diekirch",11,"Diekirch",11,"Diekirch",NA,"Commune (same as level 3)","Commune (same as level 3)"
12,131,"LUX","Luxembourg",1,"Diekirch",2,"Diekirch",12,"Ermsdorf",12,"Ermsdorf",NA,"Commune (same as level 3)","Commune (same as level 3)"
13,131,"LUX","Luxembourg",1,"Diekirch",2,"Diekirch",13,"Erpeldange",13,"Erpeldange",NA,"Commune (same as level 3)","Commune (same as level 3)"
14,131,"LUX","Luxembourg",1,"Diekirch",2,"Diekirch",14,"Ettelbruck",14,"Ettelbruck",NA,"Commune (same as level 3)","Commune (same as level 3)"
15,131,"LUX","Luxembourg",1,"Diekirch",2,"Diekirch",15,"Feulen",15,"Feulen",NA,"Commune (same as level 3)","Commune (same as level 3)"
16,131,"LUX","Luxembourg",1,"Diekirch",2,"Diekirch",16,"Hoscheid",16,"Hoscheid",NA,"Commune (same as level 3)","Commune (same as level 3)"
17,131,"LUX","Luxembourg",1,"Diekirch",2,"Diekirch",17,"Medernach",17,"Medernach",NA,"Commune (same as level 3)","Commune (same as level 3)"
18,131,"LUX","Luxembourg",1,"Diekirch",2,"Diekirch",18,"Mertzig",18,"Mertzig",NA,"Commune (same as level 3)","Commune (same as level 3)"
19,131,"LUX","Luxembourg",1,"Diekirch",2,"Diekirch",19,"Reisdorf",19,"Reisdorf",NA,"Commune (same as level 3)","Commune (same as level 3)"
20,131,"LUX","Luxembourg",1,"Diekirch",2,"Diekirch",20,"Schieren",20,"Schieren",NA,"Commune (same as level 3)","Commune (same as level 3)"
21,131,"LUX","Luxembourg",1,"Diekirch",3,"Redange",21,"Beckerich",21,"Beckerich",NA,"Commune (same as level 3)","Commune (same as level 3)"
22,131,"LUX","Luxembourg",1,"Diekirch",3,"Redange",22,"Ell",22,"Ell",NA,"Commune (same as level 3)","Commune (same as level 3)"
23,131,"LUX","Luxembourg",1,"Diekirch",3,"Redange",23,"Grosbous",23,"Grosbous",NA,"Commune (same as level 3)","Commune (same as level 3)"
24,131,"LUX","Luxembourg",1,"Diekirch",3,"Redange",24,"Préizerdaul",24,"Préizerdaul",NA,"Commune (same as level 3)","Commune (same as level 3)"
25,131,"LUX","Luxembourg",1,"Diekirch",3,"Redange",25,"Rambrouch",25,"Rambrouch",NA,"Commune (same as level 3)","Commune (same as level 3)"
26,131,"LUX","Luxembourg",1,"Diekirch",3,"Redange",26,"Redange",26,"Redange",NA,"Commune (same as level 3)","Commune (same as level 3)"
27,131,"LUX","Luxembourg",1,"Diekirch",3,"Redange",27,"Saeul",27,"Saeul",NA,"Commune (same as level 3)","Commune (same as level 3)"
28,131,"LUX","Luxembourg",1,"Diekirch",3,"Redange",28,"Useldange",28,"Useldange",NA,"Commune (same as level 3)","Commune (same as level 3)"
29,131,"LUX","Luxembourg",1,"Diekirch",3,"Redange",29,"Vichten",29,"Vichten",NA,"Commune (same as level 3)","Commune (same as level 3)"
30,131,"LUX","Luxembourg",1,"Diekirch",3,"Redange",30,"Wahl",30,"Wahl",NA,"Commune (same as level 3)","Commune (same as level 3)"
31,131,"LUX","Luxembourg",1,"Diekirch",4,"Vianden",31,"Putscheid",31,"Putscheid",NA,"Commune (same as level 3)","Commune (same as level 3)"
32,131,"LUX","Luxembourg",1,"Diekirch",4,"Vianden",32,"Tandel",32,"Tandel",NA,"Commune (same as level 3)","Commune (same as level 3)"
33,131,"LUX","Luxembourg",1,"Diekirch",4,"Vianden",33,"Vianden",33,"Vianden",NA,"Commune (same as level 3)","Commune (same as level 3)"
34,131,"LUX","Luxembourg",1,"Diekirch",5,"Wiltz",34,"Boulaide",34,"Boulaide",NA,"Commune (same as level 3)","Commune (same as level 3)"
35,131,"LUX","Luxembourg",1,"Diekirch",5,"Wiltz",35,"Esch-sur-Sûre",35,"Esch-sur-Sûre",NA,"Commune (same as level 3)","Commune (same as level 3)"
36,131,"LUX","Luxembourg",1,"Diekirch",5,"Wiltz",36,"Eschweiler",36,"Eschweiler",NA,"Commune (same as level 3)","Commune (same as level 3)"
37,131,"LUX","Luxembourg",1,"Diekirch",5,"Wiltz",37,"Goesdorf",37,"Goesdorf",NA,"Commune (same as level 3)","Commune (same as level 3)"
38,131,"LUX","Luxembourg",1,"Diekirch",5,"Wiltz",38,"Heiderscheid",38,"Heiderscheid",NA,"Commune (same as level 3)","Commune (same as level 3)"
39,131,"LUX","Luxembourg",1,"Diekirch",5,"Wiltz",39,"Kiischpelt",39,"Kiischpelt",NA,"Commune (same as level 3)","Commune (same as level 3)"
40,131,"LUX","Luxembourg",1,"Diekirch",5,"Wiltz",40,"Lac de la Haute-Sûre",40,"Lac de la Haute-Sûre",NA,"Commune (same as level 3)","Commune (same as level 3)"
41,131,"LUX","Luxembourg",1,"Diekirch",5,"Wiltz",41,"Neunhausen",41,"Neunhausen",NA,"Commune (same as level 3)","Commune (same as level 3)"
42,131,"LUX","Luxembourg",1,"Diekirch",5,"Wiltz",42,"Wiltz",42,"Wiltz",NA,"Commune (same as level 3)","Commune (same as level 3)"
43,131,"LUX","Luxembourg",1,"Diekirch",5,"Wiltz",43,"Winseler",43,"Winseler",NA,"Commune (same as level 3)","Commune (same as level 3)"
44,131,"LUX","Luxembourg",2,"Grevenmacher",6,"Echternach",44,"Beaufort",44,"Beaufort",NA,"Commune (same as level 3)","Commune (same as level 3)"
45,131,"LUX","Luxembourg",2,"Grevenmacher",6,"Echternach",45,"Bech",45,"Bech",NA,"Commune (same as level 3)","Commune (same as level 3)"
46,131,"LUX","Luxembourg",2,"Grevenmacher",6,"Echternach",46,"Berdorf",46,"Berdorf",NA,"Commune (same as level 3)","Commune (same as level 3)"
47,131,"LUX","Luxembourg",2,"Grevenmacher",6,"Echternach",47,"Consdorf",47,"Consdorf",NA,"Commune (same as level 3)","Commune (same as level 3)"
48,131,"LUX","Luxembourg",2,"Grevenmacher",6,"Echternach",48,"Echternach",48,"Echternach",NA,"Commune (same as level 3)","Commune (same as level 3)"
49,131,"LUX","Luxembourg",2,"Grevenmacher",6,"Echternach",49,"Mompach",49,"Mompach",NA,"Commune (same as level 3)","Commune (same as level 3)"
50,131,"LUX","Luxembourg",2,"Grevenmacher",6,"Echternach",50,"Rosport",50,"Rosport",NA,"Commune (same as level 3)","Commune (same as level 3)"
51,131,"LUX","Luxembourg",2,"Grevenmacher",6,"Echternach",51,"Waldbillig",51,"Waldbillig",NA,"Commune (same as level 3)","Commune (same as level 3)"
52,131,"LUX","Luxembourg",2,"Grevenmacher",7,"Grevenmacher",52,"Betzdorf",52,"Betzdorf",NA,"Commune (same as level 3)","Commune (same as level 3)"
53,131,"LUX","Luxembourg",2,"Grevenmacher",7,"Grevenmacher",53,"Biwer",53,"Biwer",NA,"Commune (same as level 3)","Commune (same as level 3)"
54,131,"LUX","Luxembourg",2,"Grevenmacher",7,"Grevenmacher",54,"Flaxweiler",54,"Flaxweiler",NA,"Commune (same as level 3)","Commune (same as level 3)"
55,131,"LUX","Luxembourg",2,"Grevenmacher",7,"Grevenmacher",55,"Grevenmacher",55,"Grevenmacher",NA,"Commune (same as level 3)","Commune (same as level 3)"
56,131,"LUX","Luxembourg",2,"Grevenmacher",7,"Grevenmacher",56,"Junglinster",56,"Junglinster",NA,"Commune (same as level 3)","Commune (same as level 3)"
57,131,"LUX","Luxembourg",2,"Grevenmacher",7,"Grevenmacher",57,"Manternach",57,"Manternach",NA,"Commune (same as level 3)","Commune (same as level 3)"
58,131,"LUX","Luxembourg",2,"Grevenmacher",7,"Grevenmacher",58,"Mertert",58,"Mertert",NA,"Commune (same as level 3)","Commune (same as level 3)"
59,131,"LUX","Luxembourg",2,"Grevenmacher",7,"Grevenmacher",59,"Wormeldange",59,"Wormeldange",NA,"Commune (same as level 3)","Commune (same as level 3)"
60,131,"LUX","Luxembourg",2,"Grevenmacher",8,"Remich",60,"Bous",60,"Bous",NA,"Commune (same as level 3)","Commune (same as level 3)"
61,131,"LUX","Luxembourg",2,"Grevenmacher",8,"Remich",61,"Burmerange",61,"Burmerange",NA,"Commune (same as level 3)","Commune (same as level 3)"
62,131,"LUX","Luxembourg",2,"Grevenmacher",8,"Remich",62,"Dalheim",62,"Dalheim",NA,"Commune (same as level 3)","Commune (same as level 3)"
63,131,"LUX","Luxembourg",2,"Grevenmacher",8,"Remich",63,"Lenningen",63,"Lenningen",NA,"Commune (same as level 3)","Commune (same as level 3)"
64,131,"LUX","Luxembourg",2,"Grevenmacher",8,"Remich",64,"Mondorf-les-Bains",64,"Mondorf-les-Bains",NA,"Commune (same as level 3)","Commune (same as level 3)"
65,131,"LUX","Luxembourg",2,"Grevenmacher",8,"Remich",65,"Remich",65,"Remich",NA,"Commune (same as level 3)","Commune (same as level 3)"
66,131,"LUX","Luxembourg",2,"Grevenmacher",8,"Remich",66,"Schengen",66,"Schengen",NA,"Commune (same as level 3)","Commune (same as level 3)"
67,131,"LUX","Luxembourg",2,"Grevenmacher",8,"Remich",67,"Stadtbredimus",67,"Stadtbredimus",NA,"Commune (same as level 3)","Commune (same as level 3)"
68,131,"LUX","Luxembourg",2,"Grevenmacher",8,"Remich",68,"Waldbredimus",68,"Waldbredimus",NA,"Commune (same as level 3)","Commune (same as level 3)"
69,131,"LUX","Luxembourg",2,"Grevenmacher",8,"Remich",69,"Wellenstein",69,"Wellenstein",NA,"Commune (same as level 3)","Commune (same as level 3)"
70,131,"LUX","Luxembourg",3,"Luxembourg",9,"Capellen",70,"Bascharage",70,"Bascharage",NA,"Commune (same as level 3)","Commune (same as level 3)"
71,131,"LUX","Luxembourg",3,"Luxembourg",9,"Capellen",71,"Clemency",71,"Clemency",NA,"Commune (same as level 3)","Commune (same as level 3)"
72,131,"LUX","Luxembourg",3,"Luxembourg",9,"Capellen",72,"Dippach",72,"Dippach",NA,"Commune (same as level 3)","Commune (same as level 3)"
73,131,"LUX","Luxembourg",3,"Luxembourg",9,"Capellen",73,"Garnich",73,"Garnich",NA,"Commune (same as level 3)","Commune (same as level 3)"
74,131,"LUX","Luxembourg",3,"Luxembourg",9,"Capellen",74,"Hobscheid",74,"Hobscheid",NA,"Commune (same as level 3)","Commune (same as level 3)"
75,131,"LUX","Luxembourg",3,"Luxembourg",9,"Capellen",75,"Kehlen",75,"Kehlen",NA,"Commune (same as level 3)","Commune (same as level 3)"
76,131,"LUX","Luxembourg",3,"Luxembourg",9,"Capellen",76,"Koerich",76,"Koerich",NA,"Commune (same as level 3)","Commune (same as level 3)"
77,131,"LUX","Luxembourg",3,"Luxembourg",9,"Capellen",77,"Kopstal",77,"Kopstal",NA,"Commune (same as level 3)","Commune (same as level 3)"
78,131,"LUX","Luxembourg",3,"Luxembourg",9,"Capellen",78,"Mamer",78,"Mamer",NA,"Commune (same as level 3)","Commune (same as level 3)"
79,131,"LUX","Luxembourg",3,"Luxembourg",9,"Capellen",79,"Septfontaines",79,"Septfontaines",NA,"Commune (same as level 3)","Commune (same as level 3)"
80,131,"LUX","Luxembourg",3,"Luxembourg",9,"Capellen",80,"Steinfort",80,"Steinfort",NA,"Commune (same as level 3)","Commune (same as level 3)"
81,131,"LUX","Luxembourg",3,"Luxembourg",10,"Esch-sur-Alzette",81,"Bettembourg",81,"Bettembourg",NA,"Commune (same as level 3)","Commune (same as level 3)"
82,131,"LUX","Luxembourg",3,"Luxembourg",10,"Esch-sur-Alzette",82,"Differdange",82,"Differdange",NA,"Commune (same as level 3)","Commune (same as level 3)"
83,131,"LUX","Luxembourg",3,"Luxembourg",10,"Esch-sur-Alzette",83,"Dudelange",83,"Dudelange",NA,"Commune (same as level 3)","Commune (same as level 3)"
84,131,"LUX","Luxembourg",3,"Luxembourg",10,"Esch-sur-Alzette",84,"Esch-sur-Alzette",84,"Esch-sur-Alzette",NA,"Commune (same as level 3)","Commune (same as level 3)"
85,131,"LUX","Luxembourg",3,"Luxembourg",10,"Esch-sur-Alzette",85,"Frisange",85,"Frisange",NA,"Commune (same as level 3)","Commune (same as level 3)"
86,131,"LUX","Luxembourg",3,"Luxembourg",10,"Esch-sur-Alzette",86,"Kayl",86,"Kayl",NA,"Commune (same as level 3)","Commune (same as level 3)"
87,131,"LUX","Luxembourg",3,"Luxembourg",10,"Esch-sur-Alzette",87,"Leudelange",87,"Leudelange",NA,"Commune (same as level 3)","Commune (same as level 3)"
88,131,"LUX","Luxembourg",3,"Luxembourg",10,"Esch-sur-Alzette",88,"Mondercange",88,"Mondercange",NA,"Commune (same as level 3)","Commune (same as level 3)"
89,131,"LUX","Luxembourg",3,"Luxembourg",10,"Esch-sur-Alzette",89,"Pétange",89,"Pétange",NA,"Commune (same as level 3)","Commune (same as level 3)"
90,131,"LUX","Luxembourg",3,"Luxembourg",10,"Esch-sur-Alzette",90,"Reckange-sur-Mess",90,"Reckange-sur-Mess",NA,"Commune (same as level 3)","Commune (same as level 3)"
91,131,"LUX","Luxembourg",3,"Luxembourg",10,"Esch-sur-Alzette",91,"Roeser",91,"Roeser",NA,"Commune (same as level 3)","Commune (same as level 3)"
92,131,"LUX","Luxembourg",3,"Luxembourg",10,"Esch-sur-Alzette",92,"Rumelange",92,"Rumelange",NA,"Commune (same as level 3)","Commune (same as level 3)"
93,131,"LUX","Luxembourg",3,"Luxembourg",10,"Esch-sur-Alzette",93,"Sanem",93,"Sanem",NA,"Commune (same as level 3)","Commune (same as level 3)"
94,131,"LUX","Luxembourg",3,"Luxembourg",10,"Esch-sur-Alzette",94,"Schifflange",94,"Schifflange",NA,"Commune (same as level 3)","Commune (same as level 3)"
95,131,"LUX","Luxembourg",3,"Luxembourg",11,"Luxembourg",95,"Bertrange",95,"Bertrange",NA,"Commune (same as level 3)","Commune (same as level 3)"
96,131,"LUX","Luxembourg",3,"Luxembourg",11,"Luxembourg",96,"Contern",96,"Contern",NA,"Commune (same as level 3)","Commune (same as level 3)"
97,131,"LUX","Luxembourg",3,"Luxembourg",11,"Luxembourg",97,"Hesperange",97,"Hesperange",NA,"Commune (same as level 3)","Commune (same as level 3)"
98,131,"LUX","Luxembourg",3,"Luxembourg",11,"Luxembourg",98,"Luxembourg",98,"Beggen",NA,"Quartier","Quarter"
99,131,"LUX","Luxembourg",3,"Luxembourg",11,"Luxembourg",98,"Luxembourg",99,"Belair",NA,"Quartier","Quarter"
100,131,"LUX","Luxembourg",3,"Luxembourg",11,"Luxembourg",98,"Luxembourg",100,"Bouneweg-Nord/Verluerekascht","Bonnevoie-Nord-Verlorenkost|Bonneweg-Nord-Verlorenkost","Quartier","Quarter"
101,131,"LUX","Luxembourg",3,"Luxembourg",11,"Luxembourg",98,"Luxembourg",101,"Bouneweg-Süd","Bonnevoie-Sud|Bonneweg Süd","Quartier","Quarter"
102,131,"LUX","Luxembourg",3,"Luxembourg",11,"Luxembourg",98,"Luxembourg",102,"Clausen",NA,"Quartier","Quarter"
103,131,"LUX","Luxembourg",3,"Luxembourg",11,"Luxembourg",98,"Luxembourg",103,"Dummeldeng","Dommeldange","Quartier","Quarter"
104,131,"LUX","Luxembourg",3,"Luxembourg",11,"Luxembourg",98,"Luxembourg",104,"Eech","Eich","Quartier","Quarter"
105,131,"LUX","Luxembourg",3,"Luxembourg",11,"Luxembourg",98,"Luxembourg",105,"Gaasperech","Gasperich","Quartier","Quarter"
106,131,"LUX","Luxembourg",3,"Luxembourg",11,"Luxembourg",98,"Luxembourg",106,"Gare",NA,"Quartier","Quarter"
107,131,"LUX","Luxembourg",3,"Luxembourg",11,"Luxembourg",98,"Luxembourg",107,"Gronn","Grund","Quartier","Quarter"
108,131,"LUX","Luxembourg",3,"Luxembourg",11,"Luxembourg",98,"Luxembourg",108,"Hamm",NA,"Quartier","Quarter"
109,131,"LUX","Luxembourg",3,"Luxembourg",11,"Luxembourg",98,"Luxembourg",109,"Hollerech","Hollerich","Quartier","Quarter"
110,131,"LUX","Luxembourg",3,"Luxembourg",11,"Luxembourg",98,"Luxembourg",110,"Kierchbierg","Kirchberg","Quartier","Quarter"
111,131,"LUX","Luxembourg",3,"Luxembourg",11,"Luxembourg",98,"Luxembourg",111,"Lampertsbierg","Limpertsberg","Quartier","Quarter"
112,131,"LUX","Luxembourg",3,"Luxembourg",11,"Luxembourg",98,"Luxembourg",112,"Märel","Merl","Quartier","Quarter"
113,131,"LUX","Luxembourg",3,"Luxembourg",11,"Luxembourg",98,"Luxembourg",113,"Millebaach","Muhlenbach","Quartier","Quarter"
114,131,"LUX","Luxembourg",3,"Luxembourg",11,"Luxembourg",98,"Luxembourg",114,"Neiduerf/Weimeschhaff","Neudorf-Weimershof","Quartier","Quarter"
115,131,"LUX","Luxembourg",3,"Luxembourg",11,"Luxembourg",98,"Luxembourg",115,"Pafendall","Pfaffenthal|Dällchen|am Pays","Quartier","Quarter"
116,131,"LUX","Luxembourg",3,"Luxembourg",11,"Luxembourg",98,"Luxembourg",116,"Polvermillen","Pulvermuhl","Quartier","Quarter"
117,131,"LUX","Luxembourg",3,"Luxembourg",11,"Luxembourg",98,"Luxembourg",117,"Rollengergronn/Belair-Nord","Rollingergrund–Belair-Nord","Quartier","Quarter"
118,131,"LUX","Luxembourg",3,"Luxembourg",11,"Luxembourg",98,"Luxembourg",118,"Uewerstad","Ville-Haute","Quartier","Quarter"
119,131,"LUX","Luxembourg",3,"Luxembourg",11,"Luxembourg",98,"Luxembourg",119,"Weimeschkierch","Weimerskirch","Quartier","Quarter"
120,131,"LUX","Luxembourg",3,"Luxembourg",11,"Luxembourg",98,"Luxembourg",120,"Zéisseng","Cessange","Quartier","Quarter"
121,131,"LUX","Luxembourg",3,"Luxembourg",11,"Luxembourg",98,"Luxembourg",121,"Zens","Cents","Quartier","Quarter"
122,131,"LUX","Luxembourg",3,"Luxembourg",11,"Luxembourg",99,"Niederanven",122,"Niederanven",NA,"Commune (same as level 3)","Commune (same as level 3)"
123,131,"LUX","Luxembourg",3,"Luxembourg",11,"Luxembourg",100,"Sandweiler",123,"Sandweiler",NA,"Commune (same as level 3)","Commune (same as level 3)"
124,131,"LUX","Luxembourg",3,"Luxembourg",11,"Luxembourg",101,"Schuttrange",124,"Schuttrange",NA,"Commune (same as level 3)","Commune (same as level 3)"
125,131,"LUX","Luxembourg",3,"Luxembourg",11,"Luxembourg",102,"Steinsel",125,"Steinsel",NA,"Commune (same as level 3)","Commune (same as level 3)"
126,131,"LUX","Luxembourg",3,"Luxembourg",11,"Luxembourg",103,"Strassen",126,"Strassen",NA,"Commune (same as level 3)","Commune (same as level 3)"
127,131,"LUX","Luxembourg",3,"Luxembourg",11,"Luxembourg",104,"Walferdange",127,"Walferdange",NA,"Commune (same as level 3)","Commune (same as level 3)"
128,131,"LUX","Luxembourg",3,"Luxembourg",11,"Luxembourg",105,"Weiler-la-Tour",128,"Weiler-la-Tour",NA,"Commune (same as level 3)","Commune (same as level 3)"
129,131,"LUX","Luxembourg",3,"Luxembourg",12,"Mersch",106,"Bissen",129,"Bissen",NA,"Commune (same as level 3)","Commune (same as level 3)"
130,131,"LUX","Luxembourg",3,"Luxembourg",12,"Mersch",107,"Boevange-sur-Attert",130,"Boevange-sur-Attert",NA,"Commune (same as level 3)","Commune (same as level 3)"
131,131,"LUX","Luxembourg",3,"Luxembourg",12,"Mersch",108,"Colmar-Berg",131,"Colmar-Berg",NA,"Commune (same as level 3)","Commune (same as level 3)"
132,131,"LUX","Luxembourg",3,"Luxembourg",12,"Mersch",109,"Fischbach",132,"Fischbach",NA,"Commune (same as level 3)","Commune (same as level 3)"
133,131,"LUX","Luxembourg",3,"Luxembourg",12,"Mersch",110,"Heffingen",133,"Heffingen",NA,"Commune (same as level 3)","Commune (same as level 3)"
134,131,"LUX","Luxembourg",3,"Luxembourg",12,"Mersch",111,"Larochette",134,"Larochette",NA,"Commune (same as level 3)","Commune (same as level 3)"
135,131,"LUX","Luxembourg",3,"Luxembourg",12,"Mersch",112,"Lintgen",135,"Lintgen",NA,"Commune (same as level 3)","Commune (same as level 3)"
136,131,"LUX","Luxembourg",3,"Luxembourg",12,"Mersch",113,"Lorentzweiler",136,"Lorentzweiler",NA,"Commune (same as level 3)","Commune (same as level 3)"
137,131,"LUX","Luxembourg",3,"Luxembourg",12,"Mersch",114,"Mersch",137,"Mersch",NA,"Commune (same as level 3)","Commune (same as level 3)"
138,131,"LUX","Luxembourg",3,"Luxembourg",12,"Mersch",115,"Nommern",138,"Nommern",NA,"Commune (same as level 3)","Commune (same as level 3)"
139,131,"LUX","Luxembourg",3,"Luxembourg",12,"Mersch",116,"Tuntange",139,"Tuntange",NA,"Commune (same as level 3)","Commune (same as level 3)"
