"OBJECTID","ID_0","ISO","NAME_0","ID_1","NAME_1","ID_2","NAME_2","ID_3","NAME_3","TYPE_3","ENGTYPE_3","NL_NAME_3","VARNAME_3"
1,131,"LUX","Luxembourg",1,"Diekirch",1,"Clervaux",1,"Clervaux","Commune","Commune",NA,NA
2,131,"LUX","Luxembourg",1,"Diekirch",1,"Clervaux",2,"Consthum","Commune","Commune",NA,NA
3,131,"LUX","Luxembourg",1,"Diekirch",1,"Clervaux",3,"Heinerscheid","Commune","Commune",NA,NA
4,131,"LUX","Luxembourg",1,"Diekirch",1,"Clervaux",4,"Hosingen","Commune","Commune",NA,NA
5,131,"LUX","Luxembourg",1,"Diekirch",1,"Clervaux",5,"Munshausen","Commune","Commune",NA,NA
6,131,"LUX","Luxembourg",1,"Diekirch",1,"Clervaux",6,"Troisvierges","Commune","Commune",NA,NA
7,131,"LUX","Luxembourg",1,"Diekirch",1,"Clervaux",7,"Weiswampach","Commune","Commune",NA,NA
8,131,"LUX","Luxembourg",1,"Diekirch",1,"Clervaux",8,"Wincrange","Commune","Commune",NA,NA
9,131,"LUX","Luxembourg",1,"Diekirch",2,"Diekirch",9,"Bettendorf","Commune","Commune",NA,NA
10,131,"LUX","Luxembourg",1,"Diekirch",2,"Diekirch",10,"Bourscheid","Commune","Commune",NA,NA
11,131,"LUX","Luxembourg",1,"Diekirch",2,"Diekirch",11,"Diekirch","Commune","Commune",NA,NA
12,131,"LUX","Luxembourg",1,"Diekirch",2,"Diekirch",12,"Ermsdorf","Commune","Commune",NA,NA
13,131,"LUX","Luxembourg",1,"Diekirch",2,"Diekirch",13,"Erpeldange","Commune","Commune",NA,NA
14,131,"LUX","Luxembourg",1,"Diekirch",2,"Diekirch",14,"Ettelbruck","Commune","Commune",NA,NA
15,131,"LUX","Luxembourg",1,"Diekirch",2,"Diekirch",15,"Feulen","Commune","Commune",NA,NA
16,131,"LUX","Luxembourg",1,"Diekirch",2,"Diekirch",16,"Hoscheid","Commune","Commune",NA,NA
17,131,"LUX","Luxembourg",1,"Diekirch",2,"Diekirch",17,"Medernach","Commune","Commune",NA,NA
18,131,"LUX","Luxembourg",1,"Diekirch",2,"Diekirch",18,"Mertzig","Commune","Commune",NA,NA
19,131,"LUX","Luxembourg",1,"Diekirch",2,"Diekirch",19,"Reisdorf","Commune","Commune",NA,NA
20,131,"LUX","Luxembourg",1,"Diekirch",2,"Diekirch",20,"Schieren","Commune","Commune",NA,NA
21,131,"LUX","Luxembourg",1,"Diekirch",3,"Redange",21,"Beckerich","Commune","Commune",NA,NA
22,131,"LUX","Luxembourg",1,"Diekirch",3,"Redange",22,"Ell","Commune","Commune",NA,NA
23,131,"LUX","Luxembourg",1,"Diekirch",3,"Redange",23,"Grosbous","Commune","Commune",NA,NA
24,131,"LUX","Luxembourg",1,"Diekirch",3,"Redange",24,"Préizerdaul","Commune","Commune",NA,NA
25,131,"LUX","Luxembourg",1,"Diekirch",3,"Redange",25,"Rambrouch","Commune","Commune",NA,NA
26,131,"LUX","Luxembourg",1,"Diekirch",3,"Redange",26,"Redange","Commune","Commune",NA,NA
27,131,"LUX","Luxembourg",1,"Diekirch",3,"Redange",27,"Saeul","Commune","Commune",NA,NA
28,131,"LUX","Luxembourg",1,"Diekirch",3,"Redange",28,"Useldange","Commune","Commune",NA,NA
29,131,"LUX","Luxembourg",1,"Diekirch",3,"Redange",29,"Vichten","Commune","Commune",NA,NA
30,131,"LUX","Luxembourg",1,"Diekirch",3,"Redange",30,"Wahl","Commune","Commune",NA,NA
31,131,"LUX","Luxembourg",1,"Diekirch",4,"Vianden",31,"Putscheid","Commune","Commune",NA,NA
32,131,"LUX","Luxembourg",1,"Diekirch",4,"Vianden",32,"Tandel","Commune","Commune",NA,NA
33,131,"LUX","Luxembourg",1,"Diekirch",4,"Vianden",33,"Vianden","Commune","Commune",NA,NA
34,131,"LUX","Luxembourg",1,"Diekirch",5,"Wiltz",34,"Boulaide","Commune","Commune",NA,NA
35,131,"LUX","Luxembourg",1,"Diekirch",5,"Wiltz",35,"Esch-sur-Sûre","Commune","Commune",NA,NA
36,131,"LUX","Luxembourg",1,"Diekirch",5,"Wiltz",36,"Eschweiler","Commune","Commune",NA,NA
37,131,"LUX","Luxembourg",1,"Diekirch",5,"Wiltz",37,"Goesdorf","Commune","Commune",NA,NA
38,131,"LUX","Luxembourg",1,"Diekirch",5,"Wiltz",38,"Heiderscheid","Commune","Commune",NA,NA
39,131,"LUX","Luxembourg",1,"Diekirch",5,"Wiltz",39,"Kiischpelt","Commune","Commune",NA,NA
40,131,"LUX","Luxembourg",1,"Diekirch",5,"Wiltz",40,"Lac de la Haute-Sûre","Commune","Commune",NA,NA
41,131,"LUX","Luxembourg",1,"Diekirch",5,"Wiltz",41,"Neunhausen","Commune","Commune",NA,NA
42,131,"LUX","Luxembourg",1,"Diekirch",5,"Wiltz",42,"Wiltz","Commune","Commune",NA,NA
43,131,"LUX","Luxembourg",1,"Diekirch",5,"Wiltz",43,"Winseler","Commune","Commune",NA,NA
44,131,"LUX","Luxembourg",2,"Grevenmacher",6,"Echternach",44,"Beaufort","Commune","Commune",NA,NA
45,131,"LUX","Luxembourg",2,"Grevenmacher",6,"Echternach",45,"Bech","Commune","Commune",NA,NA
46,131,"LUX","Luxembourg",2,"Grevenmacher",6,"Echternach",46,"Berdorf","Commune","Commune",NA,NA
47,131,"LUX","Luxembourg",2,"Grevenmacher",6,"Echternach",47,"Consdorf","Commune","Commune",NA,NA
48,131,"LUX","Luxembourg",2,"Grevenmacher",6,"Echternach",48,"Echternach","Commune","Commune",NA,NA
49,131,"LUX","Luxembourg",2,"Grevenmacher",6,"Echternach",49,"Mompach","Commune","Commune",NA,NA
50,131,"LUX","Luxembourg",2,"Grevenmacher",6,"Echternach",50,"Rosport","Commune","Commune",NA,NA
51,131,"LUX","Luxembourg",2,"Grevenmacher",6,"Echternach",51,"Waldbillig","Commune","Commune",NA,NA
52,131,"LUX","Luxembourg",2,"Grevenmacher",7,"Grevenmacher",52,"Betzdorf","Commune","Commune",NA,NA
53,131,"LUX","Luxembourg",2,"Grevenmacher",7,"Grevenmacher",53,"Biwer","Commune","Commune",NA,NA
54,131,"LUX","Luxembourg",2,"Grevenmacher",7,"Grevenmacher",54,"Flaxweiler","Commune","Commune",NA,NA
55,131,"LUX","Luxembourg",2,"Grevenmacher",7,"Grevenmacher",55,"Grevenmacher","Commune","Commune",NA,NA
56,131,"LUX","Luxembourg",2,"Grevenmacher",7,"Grevenmacher",56,"Junglinster","Commune","Commune",NA,NA
57,131,"LUX","Luxembourg",2,"Grevenmacher",7,"Grevenmacher",57,"Manternach","Commune","Commune",NA,NA
58,131,"LUX","Luxembourg",2,"Grevenmacher",7,"Grevenmacher",58,"Mertert","Commune","Commune",NA,NA
59,131,"LUX","Luxembourg",2,"Grevenmacher",7,"Grevenmacher",59,"Wormeldange","Commune","Commune",NA,NA
60,131,"LUX","Luxembourg",2,"Grevenmacher",8,"Remich",60,"Bous","Commune","Commune",NA,NA
61,131,"LUX","Luxembourg",2,"Grevenmacher",8,"Remich",61,"Burmerange","Commune","Commune",NA,NA
62,131,"LUX","Luxembourg",2,"Grevenmacher",8,"Remich",62,"Dalheim","Commune","Commune",NA,NA
63,131,"LUX","Luxembourg",2,"Grevenmacher",8,"Remich",63,"Lenningen","Commune","Commune",NA,NA
64,131,"LUX","Luxembourg",2,"Grevenmacher",8,"Remich",64,"Mondorf-les-Bains","Commune","Commune",NA,NA
65,131,"LUX","Luxembourg",2,"Grevenmacher",8,"Remich",65,"Remich","Commune","Commune",NA,NA
66,131,"LUX","Luxembourg",2,"Grevenmacher",8,"Remich",66,"Schengen","Commune","Commune",NA,NA
67,131,"LUX","Luxembourg",2,"Grevenmacher",8,"Remich",67,"Stadtbredimus","Commune","Commune",NA,NA
68,131,"LUX","Luxembourg",2,"Grevenmacher",8,"Remich",68,"Waldbredimus","Commune","Commune",NA,NA
69,131,"LUX","Luxembourg",2,"Grevenmacher",8,"Remich",69,"Wellenstein","Commune","Commune",NA,NA
70,131,"LUX","Luxembourg",3,"Luxembourg",9,"Capellen",70,"Bascharage","Commune","Commune",NA,NA
71,131,"LUX","Luxembourg",3,"Luxembourg",9,"Capellen",71,"Clemency","Commune","Commune",NA,NA
72,131,"LUX","Luxembourg",3,"Luxembourg",9,"Capellen",72,"Dippach","Commune","Commune",NA,NA
73,131,"LUX","Luxembourg",3,"Luxembourg",9,"Capellen",73,"Garnich","Commune","Commune",NA,NA
74,131,"LUX","Luxembourg",3,"Luxembourg",9,"Capellen",74,"Hobscheid","Commune","Commune",NA,NA
75,131,"LUX","Luxembourg",3,"Luxembourg",9,"Capellen",75,"Kehlen","Commune","Commune",NA,NA
76,131,"LUX","Luxembourg",3,"Luxembourg",9,"Capellen",76,"Koerich","Commune","Commune",NA,NA
77,131,"LUX","Luxembourg",3,"Luxembourg",9,"Capellen",77,"Kopstal","Commune","Commune",NA,NA
78,131,"LUX","Luxembourg",3,"Luxembourg",9,"Capellen",78,"Mamer","Commune","Commune",NA,NA
79,131,"LUX","Luxembourg",3,"Luxembourg",9,"Capellen",79,"Septfontaines","Commune","Commune",NA,NA
80,131,"LUX","Luxembourg",3,"Luxembourg",9,"Capellen",80,"Steinfort","Commune","Commune",NA,NA
81,131,"LUX","Luxembourg",3,"Luxembourg",10,"Esch-sur-Alzette",81,"Bettembourg","Commune","Commune",NA,NA
82,131,"LUX","Luxembourg",3,"Luxembourg",10,"Esch-sur-Alzette",82,"Differdange","Commune","Commune",NA,NA
83,131,"LUX","Luxembourg",3,"Luxembourg",10,"Esch-sur-Alzette",83,"Dudelange","Commune","Commune",NA,NA
84,131,"LUX","Luxembourg",3,"Luxembourg",10,"Esch-sur-Alzette",84,"Esch-sur-Alzette","Commune","Commune",NA,NA
85,131,"LUX","Luxembourg",3,"Luxembourg",10,"Esch-sur-Alzette",85,"Frisange","Commune","Commune",NA,NA
86,131,"LUX","Luxembourg",3,"Luxembourg",10,"Esch-sur-Alzette",86,"Kayl","Commune","Commune",NA,NA
87,131,"LUX","Luxembourg",3,"Luxembourg",10,"Esch-sur-Alzette",87,"Leudelange","Commune","Commune",NA,NA
88,131,"LUX","Luxembourg",3,"Luxembourg",10,"Esch-sur-Alzette",88,"Mondercange","Commune","Commune",NA,NA
89,131,"LUX","Luxembourg",3,"Luxembourg",10,"Esch-sur-Alzette",89,"Pétange","Commune","Commune",NA,NA
90,131,"LUX","Luxembourg",3,"Luxembourg",10,"Esch-sur-Alzette",90,"Reckange-sur-Mess","Commune","Commune",NA,NA
91,131,"LUX","Luxembourg",3,"Luxembourg",10,"Esch-sur-Alzette",91,"Roeser","Commune","Commune",NA,NA
92,131,"LUX","Luxembourg",3,"Luxembourg",10,"Esch-sur-Alzette",92,"Rumelange","Commune","Commune",NA,NA
93,131,"LUX","Luxembourg",3,"Luxembourg",10,"Esch-sur-Alzette",93,"Sanem","Commune","Commune",NA,NA
94,131,"LUX","Luxembourg",3,"Luxembourg",10,"Esch-sur-Alzette",94,"Schifflange","Commune","Commune",NA,NA
95,131,"LUX","Luxembourg",3,"Luxembourg",11,"Luxembourg",95,"Bertrange","Commune","Commune",NA,NA
96,131,"LUX","Luxembourg",3,"Luxembourg",11,"Luxembourg",96,"Contern","Commune","Commune",NA,NA
97,131,"LUX","Luxembourg",3,"Luxembourg",11,"Luxembourg",97,"Hesperange","Commune","Commune",NA,NA
98,131,"LUX","Luxembourg",3,"Luxembourg",11,"Luxembourg",98,"Luxembourg","Commune","Commune",NA,NA
99,131,"LUX","Luxembourg",3,"Luxembourg",11,"Luxembourg",99,"Niederanven","Commune","Commune",NA,NA
100,131,"LUX","Luxembourg",3,"Luxembourg",11,"Luxembourg",100,"Sandweiler","Commune","Commune",NA,NA
101,131,"LUX","Luxembourg",3,"Luxembourg",11,"Luxembourg",101,"Schuttrange","Commune","Commune",NA,NA
102,131,"LUX","Luxembourg",3,"Luxembourg",11,"Luxembourg",102,"Steinsel","Commune","Commune",NA,NA
103,131,"LUX","Luxembourg",3,"Luxembourg",11,"Luxembourg",103,"Strassen","Commune","Commune",NA,NA
104,131,"LUX","Luxembourg",3,"Luxembourg",11,"Luxembourg",104,"Walferdange","Commune","Commune",NA,NA
105,131,"LUX","Luxembourg",3,"Luxembourg",11,"Luxembourg",105,"Weiler-la-Tour","Commune","Commune",NA,NA
106,131,"LUX","Luxembourg",3,"Luxembourg",12,"Mersch",106,"Bissen","Commune","Commune",NA,NA
107,131,"LUX","Luxembourg",3,"Luxembourg",12,"Mersch",107,"Boevange-sur-Attert","Commune","Commune",NA,NA
108,131,"LUX","Luxembourg",3,"Luxembourg",12,"Mersch",108,"Colmar-Berg","Commune","Commune",NA,NA
109,131,"LUX","Luxembourg",3,"Luxembourg",12,"Mersch",109,"Fischbach","Commune","Commune",NA,NA
110,131,"LUX","Luxembourg",3,"Luxembourg",12,"Mersch",110,"Heffingen","Commune","Commune",NA,NA
111,131,"LUX","Luxembourg",3,"Luxembourg",12,"Mersch",111,"Larochette","Commune","Commune",NA,NA
112,131,"LUX","Luxembourg",3,"Luxembourg",12,"Mersch",112,"Lintgen","Commune","Commune",NA,NA
113,131,"LUX","Luxembourg",3,"Luxembourg",12,"Mersch",113,"Lorentzweiler","Commune","Commune",NA,NA
114,131,"LUX","Luxembourg",3,"Luxembourg",12,"Mersch",114,"Mersch","Commune","Commune",NA,NA
115,131,"LUX","Luxembourg",3,"Luxembourg",12,"Mersch",115,"Nommern","Commune","Commune",NA,NA
116,131,"LUX","Luxembourg",3,"Luxembourg",12,"Mersch",116,"Tuntange","Commune","Commune",NA,NA
