"OBJECTID","ID_0","ISO","NAME_0","ID_1","NAME_1","TYPE_1","ENGTYPE_1","NL_NAME_1","VARNAME_1"
1,172,"PLW","Palau",1,"Aimeliik","State","State",NA,NA
2,172,"PLW","Palau",2,"Airai","State","State",NA,NA
3,172,"PLW","Palau",3,"Angaur","State","State",NA,NA
4,172,"PLW","Palau",4,"Hatohobei","State","State",NA,NA
5,172,"PLW","Palau",5,"Kayangel","State","State",NA,NA
6,172,"PLW","Palau",6,"Koror","State","State",NA,NA
7,172,"PLW","Palau",7,"Melekeok","State","State",NA,NA
8,172,"PLW","Palau",8,"Ngaraard","State","State",NA,NA
9,172,"PLW","Palau",9,"Ngarchelong","State","State",NA,NA
10,172,"PLW","Palau",10,"Ngardmau","State","State",NA,NA
11,172,"PLW","Palau",11,"Ngatpang","State","State",NA,NA
12,172,"PLW","Palau",12,"Ngchesar","State","State",NA,NA
13,172,"PLW","Palau",13,"Ngeremlengui","State","State",NA,"Ngaremlengui"
14,172,"PLW","Palau",14,"Ngiwal","State","State",NA,NA
15,172,"PLW","Palau",15,"Peleliu","State","State",NA,NA
16,172,"PLW","Palau",16,"Sonsorol","State","State",NA,NA
