"OBJECTID","ID_0","ISO","NAME_0","ID_1","NAME_1","ID_2","NAME_2","TYPE_2","ENGTYPE_2","NL_NAME_2","VARNAME_2"
1,202,"SRB","Serbia",1,"Šumadijski",1,"Arandelovac","Opštine","Town|Municipal","<U+0410><U+0440><U+0430><U+043D><U+0452><U+0435><U+043B><U+043E><U+0432><U+0430><U+0446>",NA
2,202,"SRB","Serbia",1,"Šumadijski",2,"Batocina","Opštine","Town|Municipal","<U+0411><U+0430><U+0442><U+043E><U+0447><U+0438><U+043D><U+0430>",NA
3,202,"SRB","Serbia",1,"Šumadijski",3,"Knic","Opštine","Town|Municipal","<U+041A><U+043D><U+0438><U+045B>",NA
4,202,"SRB","Serbia",1,"Šumadijski",4,"Kragujevac","Opštine","Town|Municipal","<U+041A><U+0440><U+0430><U+0433><U+0443><U+0458><U+0435><U+0432><U+0430><U+0446>","Alacahisar"
5,202,"SRB","Serbia",1,"Šumadijski",5,"Lapovo","Opštine","Town|Municipal","<U+041B><U+0430><U+043F><U+043E><U+0432><U+043E>",NA
6,202,"SRB","Serbia",1,"Šumadijski",6,"Raca","Opštine","Town|Municipal","<U+0420><U+0430><U+0447><U+0430>",NA
7,202,"SRB","Serbia",1,"Šumadijski",7,"Topola","Opštine","Town|Municipal","<U+0422><U+043E><U+043F><U+043E><U+043B><U+0430>",NA
8,202,"SRB","Serbia",2,"Borski",8,"Bor","Opštine","Town|Municipal","<U+0411><U+043E><U+0440>",NA
9,202,"SRB","Serbia",2,"Borski",9,"Kladovo","Opštine","Town|Municipal","<U+041A><U+043B><U+0430><U+0434><U+043E><U+0432><U+043E>","Claudia|Kladowo"
10,202,"SRB","Serbia",2,"Borski",10,"Majdanpek","Opštine","Town|Municipal","<U+041C><U+0430><U+0458><U+0434><U+0430><U+043D><U+043F><U+0435><U+043A>",NA
11,202,"SRB","Serbia",2,"Borski",11,"Negotin","Opštine","Town|Municipal","<U+041D><U+0435><U+0433><U+043E><U+0442><U+0438><U+043D>",NA
12,202,"SRB","Serbia",3,"Branicevski",12,"Žabari","Opštine","Town|Municipal","<U+0416><U+0430><U+0431><U+0430><U+0440><U+0438>",NA
13,202,"SRB","Serbia",3,"Branicevski",13,"Žagubica","Opštine","Town|Municipal","<U+0416><U+0430><U+0433><U+0443><U+0431><U+0438><U+0446><U+0430>","Jagubita"
14,202,"SRB","Serbia",3,"Branicevski",14,"Golubac","Opštine","Town|Municipal","<U+0413><U+043E><U+043B><U+0443><U+0431><U+0430><U+0446>","Galambóc|Golumbácz|Güvercinlik"
15,202,"SRB","Serbia",3,"Branicevski",15,"Kucevo","Opštine","Town|Municipal","<U+041A><U+0443><U+0447><U+0435><U+0432><U+043E>",NA
16,202,"SRB","Serbia",3,"Branicevski",16,"Malo Crnice","Opštine","Town|Municipal","<U+041C><U+0430><U+043B><U+043E> <U+0426><U+0440><U+043D><U+0438><U+045B><U+0435>",NA
17,202,"SRB","Serbia",3,"Branicevski",17,"Petrovac","Opštine","Town|Municipal","<U+041F><U+0435><U+0442><U+0440><U+043E><U+0432><U+0430><U+0446>|<U+041F><U+0435><U+0442><U+0440><U+043E><U+0432><U+0430><U+0446> <U+043D><U+0430> <U+041C><U+043B><U+0430><U+0432><U+0438>","Petrovac na Mlavi"
18,202,"SRB","Serbia",3,"Branicevski",18,"Požarevac","Opštine","Town|Municipal","<U+041F><U+043E><U+0436><U+0430><U+0440><U+0435><U+0432><U+0430><U+0446>","Pojarevat|Pasarofça|Passarowitz"
19,202,"SRB","Serbia",3,"Branicevski",19,"Veliko Gradište","Opštine","Town|Municipal","<U+0412><U+0435><U+043B><U+0438><U+043A><U+043E> <U+0413><U+0440><U+0430><U+0434><U+0438><U+0448><U+0442><U+0435>",NA
20,202,"SRB","Serbia",4,"Grad Beograd",20,"Cukarica","Opštine","Town|Municipal","<U+0427><U+0443><U+043A><U+0430><U+0440><U+0438><U+0446><U+0430>",NA
21,202,"SRB","Serbia",4,"Grad Beograd",21,"Barajevo","Opštine","Town|Municipal","<U+0411><U+0430><U+0440><U+0430><U+0458><U+0435><U+0432><U+043E>",NA
22,202,"SRB","Serbia",4,"Grad Beograd",22,"Grocka","Opštine","Town|Municipal","<U+0413><U+0440><U+043E><U+0446><U+043A><U+0430>",NA
23,202,"SRB","Serbia",4,"Grad Beograd",23,"Lazarevac","Opštine","Town|Municipal","<U+041B><U+0430><U+0437><U+0430><U+0440><U+0435><U+0432><U+0430><U+0446>",NA
24,202,"SRB","Serbia",4,"Grad Beograd",24,"Mladenovac","Opštine","Town|Municipal","<U+041C><U+043B><U+0430><U+0434><U+0435><U+043D><U+043E><U+0432><U+0430><U+0446>",NA
25,202,"SRB","Serbia",4,"Grad Beograd",25,"Novi Beograd","Opštine","Town|Municipal","<U+041D><U+043E><U+0432><U+0438> <U+0411><U+0435><U+043E><U+0433><U+0440><U+0430><U+0434>","New Belgrade"
26,202,"SRB","Serbia",4,"Grad Beograd",26,"Obrenovac","Opštine","Town|Municipal","<U+041E><U+0431><U+0440><U+0435><U+043D><U+043E><U+0432><U+0430><U+0446>",NA
27,202,"SRB","Serbia",4,"Grad Beograd",27,"Palilula","Opštine","Town|Municipal","<U+041F><U+0430><U+043B><U+0438><U+043B><U+0443><U+043B><U+0430>",NA
28,202,"SRB","Serbia",4,"Grad Beograd",28,"Rakovica","Opštine","Town|Municipal","<U+0420><U+0430><U+043A><U+043E><U+0432><U+0438><U+0446><U+0430>",NA
29,202,"SRB","Serbia",4,"Grad Beograd",29,"Savski Venac","Opštine","Town|Municipal","<U+0421><U+0430><U+0432><U+0441><U+043A><U+0438> <U+0412><U+0435><U+043D><U+0430><U+0446>",NA
30,202,"SRB","Serbia",4,"Grad Beograd",30,"Sopot","Opštine","Town|Municipal","<U+0421><U+043E><U+043F><U+043E><U+0442>",NA
31,202,"SRB","Serbia",4,"Grad Beograd",31,"Stari Grad","Opštine","Town|Municipal","<U+0421><U+0442><U+0430><U+0440><U+0438> <U+0413><U+0440><U+0430><U+0434>",NA
32,202,"SRB","Serbia",4,"Grad Beograd",32,"Surcin","Opštine","Town|Municipal","<U+0421><U+0443><U+0440><U+0447><U+0438><U+043D>",NA
33,202,"SRB","Serbia",4,"Grad Beograd",33,"Voždovac","Opštine","Town|Municipal","<U+0412><U+043E><U+0436><U+0434><U+043E><U+0432><U+0430><U+0446>",NA
34,202,"SRB","Serbia",4,"Grad Beograd",34,"Vracar","Opštine","Town|Municipal","<U+0412><U+0440><U+0430><U+0447><U+0430><U+0440>",NA
35,202,"SRB","Serbia",4,"Grad Beograd",35,"Zemun","Opštine","Town|Municipal","<U+0417><U+0435><U+043C><U+0443><U+043D>","Zimony|Semlin"
36,202,"SRB","Serbia",4,"Grad Beograd",36,"Zvezdara","Opštine","Town|Municipal","<U+0417><U+0432><U+0435><U+0437><U+0434><U+0430><U+0440><U+0430>",NA
37,202,"SRB","Serbia",5,"Jablanicki",37,"Bojnik","Opštine","Town|Municipal","<U+0411><U+043E><U+0458><U+043D><U+0438><U+043A>",NA
38,202,"SRB","Serbia",5,"Jablanicki",38,"Crna Trava","Opštine","Town|Municipal","<U+0426><U+0440><U+043D><U+0430> <U+0422><U+0440><U+0430><U+0432><U+0430>",NA
39,202,"SRB","Serbia",5,"Jablanicki",39,"Lebane","Opštine","Town|Municipal","<U+041B><U+0435><U+0431><U+0430><U+043D><U+0435>",NA
40,202,"SRB","Serbia",5,"Jablanicki",40,"Leskovac","Opštine","Town|Municipal","<U+041B><U+0435><U+0441><U+043A><U+043E><U+0432><U+0430><U+0446>","Dubocica"
41,202,"SRB","Serbia",5,"Jablanicki",41,"Medveda","Opštine","Town|Municipal","<U+041C><U+0435><U+0434><U+0432><U+0435><U+0452><U+0430>","Medvegjë|Medvegja"
42,202,"SRB","Serbia",5,"Jablanicki",42,"Vlasotince","Opštine","Town|Municipal","<U+0412><U+043B><U+0430><U+0441><U+043E><U+0442><U+0438><U+043D><U+0446><U+0435>",NA
43,202,"SRB","Serbia",6,"Južno-Backi",43,"Žabalj","Opštine","Town|Municipal","<U+0416><U+0430><U+0431><U+0430><U+0459>","Zsablya|Józseffalva"
44,202,"SRB","Serbia",6,"Južno-Backi",44,"Backa Palanka","Opštine","Town|Municipal","<U+0411><U+0430><U+0447><U+043A><U+0430> <U+041F><U+0430><U+043B><U+0430><U+043D><U+043A><U+0430>","Bácska Palanka|Bácspalánka|Küçük Hisar"
45,202,"SRB","Serbia",6,"Južno-Backi",45,"Backi Petrovac","Opštine","Town|Municipal","<U+0411><U+0430><U+0447><U+043A><U+0438> <U+041F><U+0435><U+0442><U+0440><U+043E><U+0432><U+0430><U+0446>","Bácsky Petrovec|Petroc"
46,202,"SRB","Serbia",6,"Južno-Backi",46,"Bac","Opštine","Town|Municipal","<U+0411><U+0430><U+0447>","Bác|Bács"
47,202,"SRB","Serbia",6,"Južno-Backi",47,"Becej","Opštine","Town|Municipal","<U+0411><U+0435><U+0447><U+0435><U+0458>","Óbecse|Becei"
48,202,"SRB","Serbia",6,"Južno-Backi",48,"Beocin","Opštine","Town|Municipal","<U+0411><U+0435><U+043E><U+0447><U+0438><U+043D>",NA
49,202,"SRB","Serbia",6,"Južno-Backi",49,"Novi Sad","Opštine","Town|Municipal","<U+041D><U+043E><U+0432><U+0438> <U+0421><U+0430><U+0434>","Újvidék Város|Mesto Nový Sad"
50,202,"SRB","Serbia",6,"Južno-Backi",50,"Srbobran","Opštine","Town|Municipal","<U+0421><U+0440><U+0431><U+043E><U+0431><U+0440><U+0430><U+043D>","Szenttamás|Thomasberg"
51,202,"SRB","Serbia",6,"Južno-Backi",51,"Sremski Karlovci","Opštine","Town|Municipal","<U+0421><U+0440><U+0435><U+043C><U+0441><U+043A><U+0438> <U+041A><U+0430><U+0440><U+043B><U+043E><U+0432><U+0446><U+0438>","Karlóca|Karlofça"
52,202,"SRB","Serbia",6,"Južno-Backi",52,"Temerin","Opštine","Town|Municipal","<U+0422><U+0435><U+043C><U+0435><U+0440><U+0438><U+043D>",NA
53,202,"SRB","Serbia",6,"Južno-Backi",53,"Titel","Opštine","Town|Municipal","<U+0422><U+0438><U+0442><U+0435><U+043B>",NA
54,202,"SRB","Serbia",6,"Južno-Backi",54,"Vrbas","Opštine","Town|Municipal","<U+0412><U+0440><U+0431><U+0430><U+0441>","Verbász"
55,202,"SRB","Serbia",7,"Južno-Banatski",55,"Alibunar","Opštine","Town|Municipal","<U+0410><U+043B><U+0438><U+0431><U+0443><U+043D><U+0430><U+0440>","Krsturnica"
56,202,"SRB","Serbia",7,"Južno-Banatski",56,"Bela Crkva","Opštine","Town|Municipal","<U+0411><U+0435><U+043B><U+0430> <U+0426><U+0440><U+043A><U+0432><U+0430>","Biserica Alba|Aktabya"
57,202,"SRB","Serbia",7,"Južno-Banatski",57,"Kovacica","Opštine","Town|Municipal","<U+041A><U+043E><U+0432><U+0430><U+0447><U+0438><U+0446><U+0430>","Antalfalva|Covacita"
58,202,"SRB","Serbia",7,"Južno-Banatski",58,"Kovin","Opštine","Town|Municipal","<U+041A><U+043E><U+0432><U+0438><U+043D>","Donji Kovin|Cuvin|Kevevára"
59,202,"SRB","Serbia",7,"Južno-Banatski",59,"Opovo","Opštine","Town|Municipal","<U+041E><U+043F><U+043E><U+0432><U+043E>",NA
60,202,"SRB","Serbia",7,"Južno-Banatski",60,"Pancevo","Opštine","Town|Municipal","<U+041F><U+0430><U+043D><U+0447><U+0435><U+0432><U+043E>","Pancsova|Pançova|Panciova"
61,202,"SRB","Serbia",7,"Južno-Banatski",61,"Plandište","Opštine","Town|Municipal","<U+041F><U+043B><U+0430><U+043D><U+0434><U+0438><U+0448><U+0442><U+0435>","Plandiste|Zichyfalva"
62,202,"SRB","Serbia",7,"Južno-Banatski",62,"Vršac","Opštine","Town|Municipal","<U+0412><U+0440><U+0448><U+0430><U+0446>","Vârset|Versec|Virsac"
63,202,"SRB","Serbia",8,"Kolubarski",63,"Lajkovac","Opštine","Town|Municipal","<U+041B><U+0430><U+0458><U+043A><U+043E><U+0432><U+0430><U+0446>",NA
64,202,"SRB","Serbia",8,"Kolubarski",64,"Ljig","Opštine","Town|Municipal","<U+0409><U+0438><U+0433>",NA
65,202,"SRB","Serbia",8,"Kolubarski",65,"Mionica","Opštine","Town|Municipal","<U+041C><U+0438><U+043E><U+043D><U+0438><U+0446><U+0430>",NA
66,202,"SRB","Serbia",8,"Kolubarski",66,"Osecina","Opštine","Town|Municipal","<U+041E><U+0441><U+0435><U+0447><U+0438><U+043D><U+0430>",NA
67,202,"SRB","Serbia",8,"Kolubarski",67,"Ub","Opštine","Town|Municipal","<U+0423><U+0431>",NA
68,202,"SRB","Serbia",8,"Kolubarski",68,"Valjevo","Opštine","Town|Municipal","<U+0412><U+0430><U+0459><U+0435><U+0432><U+043E>",NA
69,202,"SRB","Serbia",9,"Macvanski",69,"Šabac","Opštine","Town|Municipal","<U+0428><U+0430><U+0431><U+0430><U+0446>",NA
70,202,"SRB","Serbia",9,"Macvanski",70,"Bogatic","Opštine","Town|Municipal","<U+0411><U+043E><U+0433><U+0430><U+0442><U+0438><U+045B>",NA
71,202,"SRB","Serbia",9,"Macvanski",71,"Koceljeva","Opštine","Town|Municipal","<U+041A><U+043E><U+0446><U+0435><U+0459><U+0435><U+0432><U+0430>",NA
72,202,"SRB","Serbia",9,"Macvanski",72,"Krupanj","Opštine","Town|Municipal","<U+041A><U+0440><U+0443><U+043F><U+0430><U+045A>",NA
73,202,"SRB","Serbia",9,"Macvanski",73,"Ljubovija","Opštine","Town|Municipal","<U+0409><U+0443><U+0431><U+043E><U+0432><U+0438><U+0458><U+0430>",NA
74,202,"SRB","Serbia",9,"Macvanski",74,"Loznica","Opštine","Town|Municipal","<U+041B><U+043E><U+0437><U+043D><U+0438><U+0446><U+0430>","Ad Drinum."
75,202,"SRB","Serbia",9,"Macvanski",75,"Mali Zvornik","Opštine","Town|Municipal","<U+041C><U+0430><U+043B><U+0438> <U+0417><U+0432><U+043E><U+0440><U+043D><U+0438><U+043A>",NA
76,202,"SRB","Serbia",9,"Macvanski",76,"Vladimirci","Opštine","Town|Municipal","<U+0412><U+043B><U+0430><U+0434><U+0438><U+043C><U+0438><U+0440><U+0446><U+0438>",NA
77,202,"SRB","Serbia",10,"Moravicki",77,"Cacak","Opštine","Town|Municipal","<U+0427><U+0430><U+0447><U+0430><U+043A>",NA
78,202,"SRB","Serbia",10,"Moravicki",78,"Gornji Milanovac","Opštine","Town|Municipal","<U+0413>o<U+0440><U+045A><U+0438> <U+041C><U+0438><U+043B><U+0430><U+043D><U+043E><U+0432><U+0430><U+0446>",NA
79,202,"SRB","Serbia",10,"Moravicki",79,"Ivanjica","Opštine","Town|Municipal","<U+0418><U+0432><U+0430><U+045A><U+0438><U+0446><U+0430>",NA
80,202,"SRB","Serbia",10,"Moravicki",80,"Lucani","Opštine","Town|Municipal","<U+041B><U+0443><U+0447><U+0430><U+043D><U+0438>",NA
81,202,"SRB","Serbia",11,"Nišavski",81,"Aleksinac","Opštine","Town|Municipal","<U+0410><U+043B><U+0435><U+043A><U+0441><U+0438><U+043D><U+0430><U+0446>",NA
82,202,"SRB","Serbia",11,"Nišavski",82,"Doljevac","Opštine","Town|Municipal","<U+0414><U+043E><U+0459><U+0435><U+0432><U+0430><U+0446>",NA
83,202,"SRB","Serbia",11,"Nišavski",83,"Gadžin Han","Opštine","Town|Municipal","<U+0413><U+0430><U+045F><U+0438><U+043D> <U+0425><U+0430><U+043D>",NA
84,202,"SRB","Serbia",11,"Nišavski",84,"Merošina","Opštine","Town|Municipal","<U+041C><U+0435><U+0440><U+043E><U+0448><U+0438><U+043D><U+0430>",NA
85,202,"SRB","Serbia",11,"Nišavski",85,"Niš","Opštine","Town|Municipal","<U+041D><U+0438><U+0448>",NA
86,202,"SRB","Serbia",11,"Nišavski",86,"Ražanj","Opštine","Town|Municipal","<U+0420><U+0430><U+0436><U+0430><U+045A>",NA
87,202,"SRB","Serbia",11,"Nišavski",87,"Svrljig","Opštine","Town|Municipal","<U+0421><U+0432><U+0440><U+0459><U+0438><U+0433>",NA
88,202,"SRB","Serbia",12,"Pcinjski",88,"Bosilegrad","Opštine","Town|Municipal","<U+0411><U+043E><U+0441><U+0438><U+043B><U+0435><U+0433><U+0440><U+0430><U+0434>","Bosiljgrad"
89,202,"SRB","Serbia",12,"Pcinjski",89,"Bujanovac","Opštine","Town|Municipal","<U+0411><U+0443><U+0458><U+0430><U+043D><U+043E><U+0432><U+0430><U+0446>","Bujanoci"
90,202,"SRB","Serbia",12,"Pcinjski",90,"Preševo","Opštine","Town|Municipal","<U+041F><U+0440><U+0435><U+0448><U+0435><U+0432><U+043E>","Preshevë|Presheva"
91,202,"SRB","Serbia",12,"Pcinjski",91,"Surdulica","Opštine","Town|Municipal","<U+0421><U+0443><U+0440><U+0434><U+0443><U+043B><U+0438><U+0446><U+0430>",NA
92,202,"SRB","Serbia",12,"Pcinjski",92,"Trgovište","Opštine","Town|Municipal","<U+0422><U+0440><U+0433><U+043E><U+0432><U+0438><U+0448><U+0442><U+0435>",NA
93,202,"SRB","Serbia",12,"Pcinjski",93,"Vladicin Han","Opštine","Town|Municipal","<U+0412><U+043B><U+0430><U+0434><U+0438><U+0447><U+0438><U+043D> <U+0425><U+0430><U+043D>",NA
94,202,"SRB","Serbia",12,"Pcinjski",94,"Vranje","Opštine","Town|Municipal","<U+0412><U+0440><U+0430><U+045A><U+0435>","Vranya"
95,202,"SRB","Serbia",13,"Pirotski",95,"Babušnica","Opštine","Town|Municipal","<U+0411><U+0430><U+0431><U+0443><U+0448><U+043D><U+0438><U+0446><U+0430>",NA
96,202,"SRB","Serbia",13,"Pirotski",96,"Bela Palanka","Opštine","Town|Municipal","<U+0411><U+0435><U+043B><U+0430> <U+041F><U+0430><U+043B><U+0430><U+043D><U+043A><U+0430>","Remesiana"
97,202,"SRB","Serbia",13,"Pirotski",97,"Dimitrovgrad","Opštine","Town|Municipal","<U+0414><U+0438><U+043C><U+0438><U+0442><U+0440><U+043E><U+0432><U+0433><U+0440><U+0430><U+0434>|<U+0426><U+0430><U+0440><U+0438><U+0431><U+0440><U+043E><U+0434>|<U+0426><U+0430><U+0440><U+0438><U+0431><U+0440><U+043E><U+0434>","Caribrod|Tzaribrod|Tsaribrod"
98,202,"SRB","Serbia",13,"Pirotski",98,"Pirot","Opštine","Town|Municipal","<U+041F><U+0438><U+0440><U+043E><U+0442>",NA
99,202,"SRB","Serbia",14,"Podunavski",99,"Smederevo","Opštine","Town|Municipal","<U+0421><U+043C><U+0435><U+0434><U+0435><U+0440><U+0435><U+0432><U+043E>","Semendria|Szendro|Vég-Szendro|Semendire|Smederewo"
100,202,"SRB","Serbia",14,"Podunavski",100,"Smederevska Palanka","Opštine","Town|Municipal","<U+0421><U+043C><U+0435><U+0434><U+0435><U+0440><U+0435><U+0432><U+0441><U+043A><U+0430> <U+041F><U+0430><U+043B><U+0430><U+043D><U+043A><U+0430>",NA
101,202,"SRB","Serbia",14,"Podunavski",101,"Velika Plana","Opštine","Town|Municipal","<U+0412><U+0435><U+043B><U+0438><U+043A><U+0430> <U+041F><U+043B><U+0430><U+043D><U+0430>",NA
102,202,"SRB","Serbia",15,"Pomoravski",102,"Cuprija","Opštine","Town|Municipal","<U+040B><U+0443><U+043F><U+0440><U+0438><U+0458><U+0430>","Ravno"
103,202,"SRB","Serbia",15,"Pomoravski",103,"Despotovac","Opštine","Town|Municipal","<U+0414><U+0435><U+0441><U+043F><U+043E><U+0442><U+043E><U+0432><U+0430><U+0446>",NA
104,202,"SRB","Serbia",15,"Pomoravski",104,"Jagodina","Opštine","Town|Municipal","<U+0408><U+0430><U+0433><U+043E><U+0434><U+0438><U+043D><U+0430>",NA
105,202,"SRB","Serbia",15,"Pomoravski",105,"Paracin","Opštine","Town|Municipal","<U+041F><U+0430><U+0440><U+0430><U+045B><U+0438><U+043D>",NA
106,202,"SRB","Serbia",15,"Pomoravski",106,"Rekovac","Opštine","Town|Municipal","<U+0420><U+0435><U+043A><U+043E><U+0432><U+0430><U+0446>",NA
107,202,"SRB","Serbia",15,"Pomoravski",107,"Svilajnac","Opštine","Town|Municipal","<U+0421><U+0432><U+0438><U+043B><U+0430><U+0458><U+043D><U+0430><U+0446>",NA
108,202,"SRB","Serbia",16,"Raški",108,"Kraljevo","Opštine","Town|Municipal","<U+041A><U+0440><U+0430><U+0459><U+0435><U+0432><U+043E>","Rudo Polje|Karanovac|Rankovicevo"
109,202,"SRB","Serbia",16,"Raški",109,"Novi Pazar","Opštine","Town|Municipal","<U+041D><U+043E><U+0432><U+0438> <U+041F><U+0430><U+0437><U+0430><U+0440>","Yeni Pazar|Pazar i Ri |Treg i Ri"
110,202,"SRB","Serbia",16,"Raški",110,"Raška","Opštine","Town|Municipal","<U+0420><U+0430><U+0448><U+043A><U+0430>",NA
111,202,"SRB","Serbia",16,"Raški",111,"Tutin","Opštine","Town|Municipal","<U+0422><U+0443><U+0442><U+0438><U+043D>",NA
112,202,"SRB","Serbia",16,"Raški",112,"Vrnjacka Banja","Opštine","Town|Municipal","<U+0412><U+0440><U+045A><U+0430><U+0447><U+043A><U+0430> <U+0411><U+0430><U+045A><U+0430>",NA
113,202,"SRB","Serbia",17,"Rasinski",113,"Cicevac","Opštine","Town|Municipal","<U+040B><U+0438><U+045B><U+0435><U+0432><U+0430><U+0446>",NA
114,202,"SRB","Serbia",17,"Rasinski",114,"Aleksandrovac","Opštine","Town|Municipal","<U+0410><U+043B><U+0435><U+043A><U+0441><U+0430><U+043D><U+0434><U+0440><U+043E><U+0432><U+0430><U+0446>",NA
115,202,"SRB","Serbia",17,"Rasinski",115,"Brus","Opštine","Town|Municipal","<U+0411><U+0440><U+0443><U+0441>",NA
116,202,"SRB","Serbia",17,"Rasinski",116,"Kruševac","Opštine","Town|Municipal","<U+041A><U+0440><U+0443><U+0448><U+0435><U+0432><U+0430><U+0446>",NA
117,202,"SRB","Serbia",17,"Rasinski",117,"Trstenik","Opštine","Town|Municipal","<U+0422><U+0440><U+0441><U+0442><U+0435><U+043D><U+0438><U+043A>",NA
118,202,"SRB","Serbia",17,"Rasinski",118,"Varvarin","Opštine","Town|Municipal","<U+0412><U+0430><U+0440><U+0432><U+0430><U+0440><U+0438><U+043D>",NA
119,202,"SRB","Serbia",18,"Severno-Backi",119,"Backa Topola","Opštine","Town|Municipal","<U+0411><U+0430><U+0447><U+043A><U+0430> <U+0422><U+043E><U+043F><U+043E><U+043B><U+0430>","Topolya"
120,202,"SRB","Serbia",18,"Severno-Backi",120,"Mali Idoš","Opštine","Town|Municipal","<U+041C><U+0430><U+043B><U+0438> <U+0418><U+0452><U+043E><U+0448>","Kishegyes"
121,202,"SRB","Serbia",18,"Severno-Backi",121,"Subotica","Opštine","Town|Municipal","<U+0421><U+0443><U+0431><U+043E><U+0442><U+0438><U+0446><U+0430>","Szabadka"
122,202,"SRB","Serbia",19,"Severno-Banatski",122,"Ada","Opštine","Town|Municipal","<U+0410><U+0434><U+0430>",NA
123,202,"SRB","Serbia",19,"Severno-Banatski",123,"Coka","Opštine","Town|Municipal","<U+0427><U+043E><U+043A><U+0430>","Csóka"
124,202,"SRB","Serbia",19,"Severno-Banatski",124,"Kanjiža","Opštine","Town|Municipal","<U+041A><U+0430><U+045A><U+0438><U+0436><U+0430>","Magyarkanizsa"
125,202,"SRB","Serbia",19,"Severno-Banatski",125,"Kikinda","Opštine","Town|Municipal","<U+041A><U+0438><U+043A><U+0438><U+043D><U+0434><U+0430>|<U+041A><U+0435><U+043A><U+0435><U+043D><U+0434><U+0430>","Kekenda|Nagykikinda|Chichinda Mare"
126,202,"SRB","Serbia",19,"Severno-Banatski",126,"Novi Kneževac","Opštine","Town|Municipal","<U+041D><U+043E><U+0432><U+0438> <U+041A><U+043D><U+0435><U+0436><U+0435><U+0432><U+0430><U+0446>","Noul Cnezat|Törökkanizsa|Neu-Kanischa"
127,202,"SRB","Serbia",19,"Severno-Banatski",127,"Senta","Opštine","Town|Municipal","<U+0421><U+0435><U+043D><U+0442><U+0430>","Zenta|Senta"
128,202,"SRB","Serbia",20,"Srednje-Banatski",128,"Žitište","Opštine","Town|Municipal","<U+0416><U+0438><U+0442><U+0438><U+0448><U+0442><U+0435>","Jitiste|Zitiste|Sankt Georgen an der Bega|Bégaszentgyörgy"
129,202,"SRB","Serbia",20,"Srednje-Banatski",129,"Becej","Opštine","Town|Municipal","<U+0411><U+0435><U+0447><U+0435><U+0458>","Novi Becej"
130,202,"SRB","Serbia",20,"Srednje-Banatski",130,"Nova Crnja","Opštine","Town|Municipal","<U+041D><U+043E><U+0432><U+0430> <U+0426><U+0440><U+045A><U+0430>","Magyarcsernye|Neuzerne"
131,202,"SRB","Serbia",20,"Srednje-Banatski",131,"Secanj","Opštine","Town|Municipal","<U+0421><U+0435><U+0447><U+0430><U+045A>","Szécsány|Torontálszécsány|Setschan|Petersheim"
132,202,"SRB","Serbia",20,"Srednje-Banatski",132,"Zrenjanin","Opštine","Town|Municipal","<U+0417><U+0440><U+0435><U+045A><U+0430><U+043D><U+0438><U+043D>","Beckerek|Veliki Beckerek|Nagybecskerek|Großbetschkerek|Betschkerek|Becicherecul Mare|Zrenianin|Zrenanin"
133,202,"SRB","Serbia",21,"Sremski",133,"Šid","Opštine","Town|Municipal","<U+0428><U+0438><U+0434>",NA
134,202,"SRB","Serbia",21,"Sremski",134,"Indija","Opštine","Town|Municipal","<U+0418><U+043D><U+0452><U+0438><U+0458><U+0430>",NA
135,202,"SRB","Serbia",21,"Sremski",135,"Irig","Opštine","Town|Municipal","<U+0418><U+0440><U+0438><U+0433>",NA
136,202,"SRB","Serbia",21,"Sremski",136,"Pecinci","Opštine","Town|Municipal","<U+041F><U+0435><U+045B><U+0438><U+043D><U+0446><U+0438>",NA
137,202,"SRB","Serbia",21,"Sremski",137,"Ruma","Opštine","Town|Municipal","<U+0420><U+0443><U+043C><U+0430>",NA
138,202,"SRB","Serbia",21,"Sremski",138,"Sremska Mitrovica","Opštine","Town|Municipal","<U+0421><U+0440><U+0435><U+043C><U+0441><U+043A><U+0430> <U+041C><U+0438><U+0442><U+0440><U+043E><U+0432><U+0438><U+0446><U+0430>","Szávaszentdemeter|Dimitrofçe"
139,202,"SRB","Serbia",21,"Sremski",139,"Stara Pazova","Opštine","Town|Municipal","<U+0421><U+0442><U+0430><U+0440><U+0430> <U+041F><U+0430><U+0437><U+043E><U+0432><U+0430>","Pazova"
140,202,"SRB","Serbia",22,"Toplicki",140,"Žitorada","Opštine","Town|Municipal","<U+0416><U+0438><U+0442><U+043E><U+0440><U+0430><U+0452><U+0430>",NA
141,202,"SRB","Serbia",22,"Toplicki",141,"Blace","Opštine","Town|Municipal","<U+0411><U+043B><U+0430><U+0446><U+0435>",NA
142,202,"SRB","Serbia",22,"Toplicki",142,"Kuršumlija","Opštine","Town|Municipal","<U+041A><U+0443><U+0440><U+0448><U+0443><U+043C><U+043B><U+0438><U+0458><U+0430>",NA
143,202,"SRB","Serbia",22,"Toplicki",143,"Prokuplje","Opštine","Town|Municipal","<U+041F><U+0440><U+043E><U+043A><U+0443><U+043F><U+0459><U+0435>",NA
144,202,"SRB","Serbia",23,"Zajecarski",144,"Boljevac","Opštine","Town|Municipal","<U+0411><U+043E><U+0459><U+0435><U+0432><U+0430><U+0446>",NA
145,202,"SRB","Serbia",23,"Zajecarski",145,"Knjaževac","Opštine","Town|Municipal","<U+041A><U+045A><U+0430><U+0436><U+0435><U+0432><U+0430><U+0446>",NA
146,202,"SRB","Serbia",23,"Zajecarski",146,"Sokobanja","Opštine","Town|Municipal","<U+0421><U+043E><U+043A><U+043E><U+0431><U+0430><U+045A><U+0430>",NA
147,202,"SRB","Serbia",23,"Zajecarski",147,"Zajecar","Opštine","Town|Municipal","<U+0417><U+0430><U+0458><U+0435><U+0447><U+0430><U+0440>","Zaii-cer|Zaiceri|Zaicear."
148,202,"SRB","Serbia",24,"Zapadno-Backi",148,"Apatin","Opštine","Town|Municipal","<U+0410><U+043F><U+0430><U+0442><U+0438><U+043D>",NA
149,202,"SRB","Serbia",24,"Zapadno-Backi",149,"Kula","Opštine","Town|Municipal","<U+041A><U+0443><U+043B><U+0430>",NA
150,202,"SRB","Serbia",24,"Zapadno-Backi",150,"Odžaci","Opštine","Town|Municipal","<U+041E><U+045F><U+0430><U+0446><U+0438>",NA
151,202,"SRB","Serbia",24,"Zapadno-Backi",151,"Sombor","Opštine","Town|Municipal","<U+0421><U+043E><U+043C><U+0431><U+043E><U+0440>",NA
152,202,"SRB","Serbia",25,"Zlatiborski",152,"Cajetina","Opštine","Town|Municipal","<U+0427><U+0430><U+0458><U+0435><U+0442><U+0438><U+043D><U+0430>",NA
153,202,"SRB","Serbia",25,"Zlatiborski",153,"Arilje","Opštine","Town|Municipal","<U+0410><U+0440><U+0438><U+0459><U+0435>)",NA
154,202,"SRB","Serbia",25,"Zlatiborski",154,"Bajina Bašta","Opštine","Town|Municipal","<U+0411><U+0430><U+0458><U+0438><U+043D><U+0430> <U+0411><U+0430><U+0448><U+0442><U+0430>",NA
155,202,"SRB","Serbia",25,"Zlatiborski",155,"Kosjeric","Opštine","Town|Municipal","<U+041A><U+043E><U+0441><U+0458><U+0435><U+0440><U+0438><U+045B>",NA
156,202,"SRB","Serbia",25,"Zlatiborski",156,"Nova Varoš","Opštine","Town|Municipal","<U+041D><U+043E><U+0432><U+0430> <U+0412><U+0430><U+0440><U+043E><U+0448>",NA
157,202,"SRB","Serbia",25,"Zlatiborski",157,"Požega","Opštine","Town|Municipal","<U+041F><U+043E><U+0436><U+0435><U+0433><U+0430>",NA
158,202,"SRB","Serbia",25,"Zlatiborski",158,"Priboj","Opštine","Town|Municipal","<U+041F><U+0440><U+0438><U+0431><U+043E><U+0458>",NA
159,202,"SRB","Serbia",25,"Zlatiborski",159,"Prijepolje","Opštine","Town|Municipal","<U+041F><U+0440><U+0438><U+0458><U+0435><U+043F><U+043E><U+0459><U+0435>",NA
160,202,"SRB","Serbia",25,"Zlatiborski",160,"Sjenica","Opštine","Town|Municipal","<U+0421><U+0458><U+0435><U+043D><U+0438><U+0446><U+0430>",NA
161,202,"SRB","Serbia",25,"Zlatiborski",161,"Užice","Opštine","Town|Municipal","<U+0423><U+0436><U+0438><U+0446><U+0435>",NA
