"OBJECTID","ID_0","ISO","NAME_0","ID_1","NAME_1","ID_2","NAME_2","TYPE_2","ENGTYPE_2","NL_NAME_2","VARNAME_2"
1,141,"MTQ","Martinique",1,"Fort-de-France",1,"Fort-de-France","Commune","Commune",NA,NA
2,141,"MTQ","Martinique",1,"Fort-de-France",2,"Le Lamentin","Commune","Commune",NA,NA
3,141,"MTQ","Martinique",1,"Fort-de-France",3,"Saint-Joseph","Commune","Commune",NA,NA
4,141,"MTQ","Martinique",1,"Fort-de-France",4,"Schœlcher","Commune","Commune",NA,NA
5,141,"MTQ","Martinique",2,"Le Marin",5,"Ducos","Commune","Commune",NA,NA
6,141,"MTQ","Martinique",2,"Le Marin",6,"Le Diamant","Commune","Commune",NA,NA
7,141,"MTQ","Martinique",2,"Le Marin",7,"Le François","Commune","Commune",NA,NA
8,141,"MTQ","Martinique",2,"Le Marin",8,"Le Marin","Commune","Commune",NA,NA
9,141,"MTQ","Martinique",2,"Le Marin",9,"Le Vauclin","Commune","Commune",NA,NA
10,141,"MTQ","Martinique",2,"Le Marin",10,"Les Anses-d'Arlets","Commune","Commune",NA,NA
11,141,"MTQ","Martinique",2,"Le Marin",11,"Les Trois-Îlets","Commune","Commune",NA,NA
12,141,"MTQ","Martinique",2,"Le Marin",12,"Rivière-Pilote","Commune","Commune",NA,NA
13,141,"MTQ","Martinique",2,"Le Marin",13,"Rivière-Salée","Commune","Commune",NA,NA
14,141,"MTQ","Martinique",2,"Le Marin",14,"Saint-Esprit","Commune","Commune",NA,NA
15,141,"MTQ","Martinique",2,"Le Marin",15,"Sainte-Anne","Commune","Commune",NA,NA
16,141,"MTQ","Martinique",3,"Le Trinité",16,"Basse-Pointe","Commune","Commune",NA,NA
17,141,"MTQ","Martinique",3,"Le Trinité",17,"Gros-Morne","Commune","Commune",NA,NA
18,141,"MTQ","Martinique",3,"Le Trinité",18,"L'Ajoupa-Bouillon","Commune","Commune",NA,NA
19,141,"MTQ","Martinique",3,"Le Trinité",19,"La Trinité","Commune","Commune",NA,NA
20,141,"MTQ","Martinique",3,"Le Trinité",20,"Le Lorrain","Commune","Commune",NA,NA
21,141,"MTQ","Martinique",3,"Le Trinité",21,"Le Marigot","Commune","Commune",NA,NA
22,141,"MTQ","Martinique",3,"Le Trinité",22,"Le Robert","Commune","Commune",NA,NA
23,141,"MTQ","Martinique",3,"Le Trinité",23,"Macouba","Commune","Commune",NA,NA
24,141,"MTQ","Martinique",3,"Le Trinité",24,"Sainte-Marie","Commune","Commune",NA,NA
25,141,"MTQ","Martinique",4,"Saint-Pierre",25,"Bellefontaine","Commune","Commune",NA,NA
26,141,"MTQ","Martinique",4,"Saint-Pierre",26,"Case-Pilote","Commune","Commune",NA,NA
27,141,"MTQ","Martinique",4,"Saint-Pierre",27,"Fonds-Saint-Denis","Commune","Commune",NA,NA
28,141,"MTQ","Martinique",4,"Saint-Pierre",28,"Le Carbet","Commune","Commune",NA,NA
29,141,"MTQ","Martinique",4,"Saint-Pierre",29,"Le Morne-Rouge","Commune","Commune",NA,NA
30,141,"MTQ","Martinique",4,"Saint-Pierre",30,"Le Morne-Vert","Commune","Commune",NA,NA
31,141,"MTQ","Martinique",4,"Saint-Pierre",31,"Le Prêcheur","Commune","Commune",NA,NA
32,141,"MTQ","Martinique",4,"Saint-Pierre",32,"Saint-Pierre","Commune","Commune",NA,NA
