"OBJECTID","ID_0","ISO","NAME_0","ID_1","NAME_1","TYPE_1","ENGTYPE_1","NL_NAME_1","VARNAME_1"
1,147,"MDA","Moldova",1,"Anenii Noi","Raion","District",NA,NA
2,147,"MDA","Moldova",2,"Soldanesti","Raion","District",NA,NA
3,147,"MDA","Moldova",3,"Stefan Voda","Raion","District",NA,NA
4,147,"MDA","Moldova",4,"Balti","Municipiu","City",NA,NA
5,147,"MDA","Moldova",5,"Basarabeasca","Raion","District",NA,NA
6,147,"MDA","Moldova",6,"Bender","Municipiu","City",NA,NA
7,147,"MDA","Moldova",7,"Briceni","Raion","District",NA,NA
8,147,"MDA","Moldova",8,"Cahul","Raion","District",NA,NA
9,147,"MDA","Moldova",9,"Calarasi","Raion","District",NA,NA
10,147,"MDA","Moldova",10,"Cantemir","Raion","District",NA,NA
11,147,"MDA","Moldova",11,"Causeni","Raion","District",NA,NA
12,147,"MDA","Moldova",12,"Chisinau","Municipiu","City",NA,NA
13,147,"MDA","Moldova",13,"Cimislia","Raion","District",NA,NA
14,147,"MDA","Moldova",14,"Criuleni","Raion","District",NA,NA
15,147,"MDA","Moldova",15,"Donduseni","Raion","District",NA,NA
16,147,"MDA","Moldova",16,"Drochia","Raion","District",NA,NA
17,147,"MDA","Moldova",17,"Dubasari","Raion","District",NA,NA
18,147,"MDA","Moldova",18,"Edinet","Raion","District",NA,NA
19,147,"MDA","Moldova",19,"Falesti","Raion","District",NA,NA
20,147,"MDA","Moldova",20,"Floresti","Raion","District",NA,NA
21,147,"MDA","Moldova",21,"Gagauzia","Unitate Teritoriala Autonoma","Autonomous Territory",NA,"Unitate Teritoriala Autonoma Gagauzia|UTAG"
22,147,"MDA","Moldova",22,"Glodeni","Raion","District",NA,NA
23,147,"MDA","Moldova",23,"Hîncesti","Raion","District",NA,NA
24,147,"MDA","Moldova",24,"Ialoveni","Raion","District",NA,NA
25,147,"MDA","Moldova",25,"Leova","Raion","District",NA,NA
26,147,"MDA","Moldova",26,"Nisporeni","Raion","District",NA,NA
27,147,"MDA","Moldova",27,"Ocnita","Raion","District",NA,NA
28,147,"MDA","Moldova",28,"Orhei","Raion","District",NA,NA
29,147,"MDA","Moldova",29,"Rîscani","Raion","District",NA,NA
30,147,"MDA","Moldova",30,"Rezina","Raion","District",NA,NA
31,147,"MDA","Moldova",31,"Sîngerei","Raion","District",NA,NA
32,147,"MDA","Moldova",32,"Soroca","Raion","District",NA,NA
33,147,"MDA","Moldova",33,"Straseni","Raion","District",NA,NA
34,147,"MDA","Moldova",34,"Taraclia","Raion","District",NA,NA
35,147,"MDA","Moldova",35,"Telenesti","Raion","District",NA,NA
36,147,"MDA","Moldova",36,"Transnistria","Unitatea Teritoriala","Territorial Unit",NA,NA
37,147,"MDA","Moldova",37,"Ungheni","Raion","District",NA,NA
