"OBJECTID","ID_0","ISO","NAME_0","ID_1","NAME_1","ID_2","NAME_2","ID_3","NAME_3","TYPE_3","ENGTYPE_3","NL_NAME_3","VARNAME_3"
1,6,"ASM","American Samoa",1,"Eastern",1,"Ituau",1,"Faganeanea","Village","Village",NA,NA
2,6,"ASM","American Samoa",1,"Eastern",1,"Ituau",2,"Fagasa","Village","Village",NA,NA
3,6,"ASM","American Samoa",1,"Eastern",1,"Ituau",3,"Matu'u","Village","Village",NA,NA
4,6,"ASM","American Samoa",1,"Eastern",1,"Ituau",4,"Nu'uuli","Village","Village",NA,NA
5,6,"ASM","American Samoa",1,"Eastern",2,"Ma'Oputasi",5,"Anua","Village","Village",NA,NA
6,6,"ASM","American Samoa",1,"Eastern",2,"Ma'Oputasi",6,"Atu'u","Village","Village",NA,NA
7,6,"ASM","American Samoa",1,"Eastern",2,"Ma'Oputasi",7,"Aua","Village","Village",NA,NA
8,6,"ASM","American Samoa",1,"Eastern",2,"Ma'Oputasi",8,"Faga'alu","Village","Village",NA,NA
9,6,"ASM","American Samoa",1,"Eastern",2,"Ma'Oputasi",9,"Fagatogo","Village","Village",NA,NA
10,6,"ASM","American Samoa",1,"Eastern",2,"Ma'Oputasi",10,"Fatumafuti","Village","Village",NA,NA
11,6,"ASM","American Samoa",1,"Eastern",2,"Ma'Oputasi",11,"Leloaloa","Village","Village",NA,NA
12,6,"ASM","American Samoa",1,"Eastern",2,"Ma'Oputasi",12,"Pago Pago","Village","Village",NA,NA
13,6,"ASM","American Samoa",1,"Eastern",2,"Ma'Oputasi",13,"Utulei","Village","Village",NA,NA
14,6,"ASM","American Samoa",1,"Eastern",3,"Sa'Ole",14,"Alofau","Village","Village",NA,NA
15,6,"ASM","American Samoa",1,"Eastern",3,"Sa'Ole",15,"Amouli","Village","Village",NA,NA
16,6,"ASM","American Samoa",1,"Eastern",3,"Sa'Ole",16,"Auasi","Village","Village",NA,NA
17,6,"ASM","American Samoa",1,"Eastern",3,"Sa'Ole",17,"Aunu'u","Village","Village",NA,NA
18,6,"ASM","American Samoa",1,"Eastern",3,"Sa'Ole",18,"Pagai","Village","Village",NA,NA
19,6,"ASM","American Samoa",1,"Eastern",3,"Sa'Ole",19,"Utumea East","Village","Village",NA,NA
20,6,"ASM","American Samoa",1,"Eastern",4,"Sua",20,"Afono","Village","Village",NA,NA
21,6,"ASM","American Samoa",1,"Eastern",4,"Sua",21,"Alega","Village","Village",NA,NA
22,6,"ASM","American Samoa",1,"Eastern",4,"Sua",22,"Amaua","Village","Village",NA,NA
23,6,"ASM","American Samoa",1,"Eastern",4,"Sua",23,"Aumi","Village","Village",NA,NA
24,6,"ASM","American Samoa",1,"Eastern",4,"Sua",24,"Auto","Village","Village",NA,NA
25,6,"ASM","American Samoa",1,"Eastern",4,"Sua",25,"Avaio","Village","Village",NA,NA
26,6,"ASM","American Samoa",1,"Eastern",4,"Sua",26,"Faga'itua","Village","Village",NA,NA
27,6,"ASM","American Samoa",1,"Eastern",4,"Sua",27,"Lauli'i","Village","Village",NA,NA
28,6,"ASM","American Samoa",1,"Eastern",4,"Sua",28,"Masausi","Village","Village",NA,NA
29,6,"ASM","American Samoa",1,"Eastern",4,"Sua",29,"Masefau","Village","Village",NA,NA
30,6,"ASM","American Samoa",1,"Eastern",4,"Sua",30,"Sa'ilele","Village","Village",NA,NA
31,6,"ASM","American Samoa",1,"Eastern",5,"Vaifanua",31,"Alao","Village","Village",NA,NA
32,6,"ASM","American Samoa",1,"Eastern",5,"Vaifanua",32,"Aoa","Village","Village",NA,NA
33,6,"ASM","American Samoa",1,"Eastern",5,"Vaifanua",33,"Onenoa","Village","Village",NA,NA
34,6,"ASM","American Samoa",1,"Eastern",5,"Vaifanua",34,"Tula","Village","Village",NA,NA
35,6,"ASM","American Samoa",1,"Eastern",5,"Vaifanua",35,"Vatia","Village","Village",NA,NA
36,6,"ASM","American Samoa",2,"Manu'a",6,"Faleasao",36,"Faleasao","Village","Village",NA,NA
37,6,"ASM","American Samoa",2,"Manu'a",7,"Fitiuta",37,"Leusoali'i","Village","Village",NA,NA
38,6,"ASM","American Samoa",2,"Manu'a",7,"Fitiuta",38,"Maia","Village","Village",NA,NA
39,6,"ASM","American Samoa",2,"Manu'a",8,"Ofu",39,"Ofu","Village","Village",NA,NA
40,6,"ASM","American Samoa",2,"Manu'a",9,"Olosega",40,"Olosega","Village","Village",NA,NA
41,6,"ASM","American Samoa",2,"Manu'a",9,"Olosega",41,"Sili","Village","Village",NA,NA
42,6,"ASM","American Samoa",2,"Manu'a",10,"Ta'u",42,"Luma","Village","Village",NA,NA
43,6,"ASM","American Samoa",2,"Manu'a",10,"Ta'u",43,"Si'ufaga","Village","Village",NA,NA
44,6,"ASM","American Samoa",3,"Unorganized",11,"Rose Island",44,"Rose island",NA,NA,NA,NA
45,6,"ASM","American Samoa",3,"Unorganized",12,"Swains",45,"Swains Island","Village","Village",NA,NA
46,6,"ASM","American Samoa",4,"Western",13,"Lealataua",46,"Afao","Village","Village",NA,NA
47,6,"ASM","American Samoa",4,"Western",13,"Lealataua",47,"Agugulu","Village","Village",NA,NA
48,6,"ASM","American Samoa",4,"Western",13,"Lealataua",48,"Amaluia","Village","Village",NA,NA
49,6,"ASM","American Samoa",4,"Western",13,"Lealataua",49,"Amanave","Village","Village",NA,NA
50,6,"ASM","American Samoa",4,"Western",13,"Lealataua",50,"Asili","Village","Village",NA,NA
51,6,"ASM","American Samoa",4,"Western",13,"Lealataua",51,"Fagali'i","Village","Village",NA,NA
52,6,"ASM","American Samoa",4,"Western",13,"Lealataua",52,"Fagamalo","Village","Village",NA,NA
53,6,"ASM","American Samoa",4,"Western",13,"Lealataua",53,"Failolo","Village","Village",NA,NA
54,6,"ASM","American Samoa",4,"Western",13,"Lealataua",54,"Leone","Village","Village",NA,NA
55,6,"ASM","American Samoa",4,"Western",13,"Lealataua",55,"Maloata","Village","Village",NA,NA
56,6,"ASM","American Samoa",4,"Western",13,"Lealataua",56,"Nua","Village","Village",NA,NA
57,6,"ASM","American Samoa",4,"Western",13,"Lealataua",57,"Poloa","Village","Village",NA,NA
58,6,"ASM","American Samoa",4,"Western",13,"Lealataua",58,"Se'etaga","Village","Village",NA,NA
59,6,"ASM","American Samoa",4,"Western",13,"Lealataua",59,"Utumea West","Village","Village",NA,NA
60,6,"ASM","American Samoa",4,"Western",14,"Leasina",60,"Aasu","Village","Village",NA,NA
61,6,"ASM","American Samoa",4,"Western",14,"Leasina",61,"Aoloau","Village","Village",NA,NA
62,6,"ASM","American Samoa",4,"Western",14,"Leasina",62,"Malaeloa/Aitulagi","Village","Village",NA,NA
63,6,"ASM","American Samoa",4,"Western",15,"Tualatai",63,"Futiga","Village","Village",NA,NA
64,6,"ASM","American Samoa",4,"Western",15,"Tualatai",64,"Malaeloa/Ituau","Village","Village",NA,NA
65,6,"ASM","American Samoa",4,"Western",15,"Tualatai",65,"Taputimu","Village","Village",NA,NA
66,6,"ASM","American Samoa",4,"Western",15,"Tualatai",66,"Vailoatai","Village","Village",NA,NA
67,6,"ASM","American Samoa",4,"Western",16,"Tualauta",67,"Faleniu","Village","Village",NA,NA
68,6,"ASM","American Samoa",4,"Western",16,"Tualauta",68,"Ili'ili","Village","Village",NA,NA
69,6,"ASM","American Samoa",4,"Western",16,"Tualauta",69,"Malaeimi","Village","Village",NA,NA
70,6,"ASM","American Samoa",4,"Western",16,"Tualauta",70,"Mapusagafou","Village","Village",NA,NA
71,6,"ASM","American Samoa",4,"Western",16,"Tualauta",71,"Mesepa","Village","Village",NA,NA
72,6,"ASM","American Samoa",4,"Western",16,"Tualauta",72,"Pava'ia'i","Village","Village",NA,NA
73,6,"ASM","American Samoa",4,"Western",16,"Tualauta",73,"Tafuna","Village","Village",NA,NA
74,6,"ASM","American Samoa",4,"Western",16,"Tualauta",74,"Vaitogi","Village","Village",NA,NA
