"OBJECTID","ID_0","ISO","NAME_0","ID_1","NAME_1","ID_2","NAME_2","TYPE_2","ENGTYPE_2","NL_NAME_2","VARNAME_2"
1,85,"GEO","Georgia",1,"Abkhazia",1,"Gagra","Raioni","District",NA,NA
2,85,"GEO","Georgia",1,"Abkhazia",2,"Gali","Raioni","District",NA,NA
3,85,"GEO","Georgia",1,"Abkhazia",3,"Gudauta","Raioni","District",NA,NA
4,85,"GEO","Georgia",1,"Abkhazia",4,"Gulripshi","Raioni","District",NA,NA
5,85,"GEO","Georgia",1,"Abkhazia",5,"Ochamchire","Raioni","District",NA,NA
6,85,"GEO","Georgia",1,"Abkhazia",6,"Sokhumi","K'alak'i","City",NA,"Sukhumi"
7,85,"GEO","Georgia",2,"Ajaria",7,"Batumi","K'alak'i","City",NA,NA
8,85,"GEO","Georgia",2,"Ajaria",8,"Keda","Raioni","District",NA,NA
9,85,"GEO","Georgia",2,"Ajaria",9,"Khulo","Raioni","District",NA,NA
10,85,"GEO","Georgia",2,"Ajaria",10,"Kobuleti","Raioni","District",NA,NA
11,85,"GEO","Georgia",2,"Ajaria",11,"Shuakhevi","Raioni","District",NA,NA
12,85,"GEO","Georgia",3,"Guria",12,"Chokhatauri","Raioni","District",NA,NA
13,85,"GEO","Georgia",3,"Guria",13,"Lanchkhuti","Raioni","District",NA,NA
14,85,"GEO","Georgia",3,"Guria",14,"Ozurgeti","Raioni","District",NA,NA
15,85,"GEO","Georgia",4,"Imereti",15,"Bagdati","Raioni","District",NA,NA
16,85,"GEO","Georgia",4,"Imereti",16,"Chiatura","Raioni","District",NA,"Tchiatura"
17,85,"GEO","Georgia",4,"Imereti",17,"Kharagauli","Raioni","District",NA,"Xaragauli"
18,85,"GEO","Georgia",4,"Imereti",18,"Khoni","Raioni","District","<U+10EE><U+10DD><U+10DC><U+10D8>","Xoni"
19,85,"GEO","Georgia",4,"Imereti",19,"Kutaisi","K'alak'i","City",NA,NA
20,85,"GEO","Georgia",4,"Imereti",20,"Sachkhere","Raioni","District",NA,NA
21,85,"GEO","Georgia",4,"Imereti",21,"Samtredia","Raioni","District",NA,NA
22,85,"GEO","Georgia",4,"Imereti",22,"Terjola","Raioni","District",NA,NA
23,85,"GEO","Georgia",4,"Imereti",23,"Tkibuli","Raioni","District",NA,NA
24,85,"GEO","Georgia",4,"Imereti",24,"Tskaltubo","Raioni","District",NA,NA
25,85,"GEO","Georgia",4,"Imereti",25,"Vani","Raioni","District",NA,NA
26,85,"GEO","Georgia",4,"Imereti",26,"Zestaponi","Raioni","District",NA,NA
27,85,"GEO","Georgia",5,"Kakheti",27,"Akhmeta","Raioni","District",NA,NA
28,85,"GEO","Georgia",5,"Kakheti",28,"Dedoplis Tskaro","Raioni","District",NA,NA
29,85,"GEO","Georgia",5,"Kakheti",29,"Gurjaani","Raioni","District",NA,NA
30,85,"GEO","Georgia",5,"Kakheti",30,"Kvareli","Raioni","District",NA,NA
31,85,"GEO","Georgia",5,"Kakheti",31,"Lagodekhi","Raioni","District",NA,NA
32,85,"GEO","Georgia",5,"Kakheti",32,"Sagarejo","Raioni","District",NA,NA
33,85,"GEO","Georgia",5,"Kakheti",33,"Signagi","Raioni","District",NA,NA
34,85,"GEO","Georgia",5,"Kakheti",34,"Telavi","Raioni","District",NA,NA
35,85,"GEO","Georgia",6,"Kvemo Kartli",35,"Bolnisi","Raioni","District",NA,NA
36,85,"GEO","Georgia",6,"Kvemo Kartli",36,"Dmanisi","Raioni","District",NA,NA
37,85,"GEO","Georgia",6,"Kvemo Kartli",37,"Gardabani","Raioni","District",NA,NA
38,85,"GEO","Georgia",6,"Kvemo Kartli",38,"Marneuli","Raioni","District",NA,NA
39,85,"GEO","Georgia",6,"Kvemo Kartli",39,"Tetri Tskaro","Raioni","District",NA,NA
40,85,"GEO","Georgia",6,"Kvemo Kartli",40,"Tsalka","Raioni","District",NA,NA
41,85,"GEO","Georgia",7,"Mtskheta-Mtianeti",41,"Akhalgori","Raioni","District",NA,NA
42,85,"GEO","Georgia",7,"Mtskheta-Mtianeti",42,"Dusheti","Raioni","District",NA,NA
43,85,"GEO","Georgia",7,"Mtskheta-Mtianeti",43,"Kazbegi","Raioni","District",NA,NA
44,85,"GEO","Georgia",7,"Mtskheta-Mtianeti",44,"Mtskheta","Raioni","District",NA,NA
45,85,"GEO","Georgia",7,"Mtskheta-Mtianeti",45,"Tianeti","Raioni","District",NA,NA
46,85,"GEO","Georgia",8,"Racha-Lechkhumi-Kvemo Svaneti",46,"Ambrolauri","Raioni","District",NA,NA
47,85,"GEO","Georgia",8,"Racha-Lechkhumi-Kvemo Svaneti",47,"Lentekhi","Raioni","District",NA,NA
48,85,"GEO","Georgia",8,"Racha-Lechkhumi-Kvemo Svaneti",48,"Oni","Raioni","District",NA,NA
49,85,"GEO","Georgia",8,"Racha-Lechkhumi-Kvemo Svaneti",49,"Tsageri","Raioni","District",NA,NA
50,85,"GEO","Georgia",9,"Samegrelo-Zemo Svaneti",50,"Abasha","Raioni","District",NA,NA
51,85,"GEO","Georgia",9,"Samegrelo-Zemo Svaneti",51,"Chkhorotsku","Raioni","District",NA,NA
52,85,"GEO","Georgia",9,"Samegrelo-Zemo Svaneti",52,"Khobi","Raioni","District",NA,NA
53,85,"GEO","Georgia",9,"Samegrelo-Zemo Svaneti",53,"Martvili","Raioni","District",NA,NA
54,85,"GEO","Georgia",9,"Samegrelo-Zemo Svaneti",54,"Mestia","Raioni","District",NA,NA
55,85,"GEO","Georgia",9,"Samegrelo-Zemo Svaneti",55,"Senaki","Raioni","District",NA,NA
56,85,"GEO","Georgia",9,"Samegrelo-Zemo Svaneti",56,"Tsalenjikha","Raioni","District",NA,NA
57,85,"GEO","Georgia",9,"Samegrelo-Zemo Svaneti",57,"Zugdidi","K'alak'i","City",NA,NA
58,85,"GEO","Georgia",10,"Samtskhe-Javakheti",58,"Adigeni","Raioni","District",NA,NA
59,85,"GEO","Georgia",10,"Samtskhe-Javakheti",59,"Akhalkalaki","Raioni","District",NA,NA
60,85,"GEO","Georgia",10,"Samtskhe-Javakheti",60,"Akhaltsikhe","Raioni","District",NA,NA
61,85,"GEO","Georgia",10,"Samtskhe-Javakheti",61,"Aspindza","Raioni","District",NA,NA
62,85,"GEO","Georgia",10,"Samtskhe-Javakheti",62,"Borjomi","Raioni","District",NA,NA
63,85,"GEO","Georgia",10,"Samtskhe-Javakheti",63,"Ninotsminda","Raioni","District",NA,NA
64,85,"GEO","Georgia",11,"Shida Kartli",64,"Gori","Raioni","District",NA,NA
65,85,"GEO","Georgia",11,"Shida Kartli",65,"Java","Raioni","District",NA,NA
66,85,"GEO","Georgia",11,"Shida Kartli",66,"Kareli","Raioni","District",NA,NA
67,85,"GEO","Georgia",11,"Shida Kartli",67,"Kaspi","Raioni","District",NA,NA
68,85,"GEO","Georgia",11,"Shida Kartli",68,"Khashuri","Raioni","District",NA,NA
69,85,"GEO","Georgia",12,"Tbilisi",69,"Tbilisi","K'alak'i","City",NA,NA
