"OBJECTID","ID_0","ISO","NAME_0","ID_1","NAME_1","TYPE_1","ENGTYPE_1","NL_NAME_1","VARNAME_1"
1,85,"GEO","Georgia",1,"Abkhazia","Avtonomiuri Respublika","Autonomous Republic",NA,"Sokhumi"
2,85,"GEO","Georgia",2,"Ajaria","Avtonomiuri Respublika","Autonomous Republic",NA,"Batumi"
3,85,"GEO","Georgia",3,"Guria","Region","Region",NA,"Ozurgeti"
4,85,"GEO","Georgia",4,"Imereti","Region","Region",NA,"Kutaisi"
5,85,"GEO","Georgia",5,"Kakheti","Region","Region",NA,"Telavi"
6,85,"GEO","Georgia",6,"Kvemo Kartli","Region","Region",NA,"Rustavi"
7,85,"GEO","Georgia",7,"Mtskheta-Mtianeti","Region","Region",NA,"Mtskheta"
8,85,"GEO","Georgia",8,"Racha-Lechkhumi-Kvemo Svaneti","Region","Region",NA,"Ambrolauri"
9,85,"GEO","Georgia",9,"Samegrelo-Zemo Svaneti","Region","Region",NA,"Zugdidi"
10,85,"GEO","Georgia",10,"Samtskhe-Javakheti","Region","Region",NA,"Akhaltsikhe"
11,85,"GEO","Georgia",11,"Shida Kartli","Region","Region",NA,"Gori"
12,85,"GEO","Georgia",12,"Tbilisi","K'alak'i","Independent City",NA,NA
