"OBJECTID","ID_0","ISO","NAME_0","ID_1","NAME_1","TYPE_1","ENGTYPE_1","NL_NAME_1","VARNAME_1"
1,17,"AZE","Azerbaijan",1," Ganja-Qazakh",NA,NA,NA,NA
2,17,"AZE","Azerbaijan",2," Quba-Khachmaz",NA,NA,NA,NA
3,17,"AZE","Azerbaijan",3,"Absheron",NA,NA,NA,NA
4,17,"AZE","Azerbaijan",4,"Aran",NA,NA,NA,NA
5,17,"AZE","Azerbaijan",5,"Daglig-Shirvan",NA,NA,NA,NA
6,17,"AZE","Azerbaijan",6,"Kalbajar-Lachin",NA,NA,NA,NA
7,17,"AZE","Azerbaijan",7,"Lankaran",NA,NA,NA,NA
8,17,"AZE","Azerbaijan",8,"Nakhchivan",NA,NA,NA,NA
9,17,"AZE","Azerbaijan",9,"Shaki-Zaqatala",NA,NA,NA,NA
10,17,"AZE","Azerbaijan",10,"Yukhari-Karabakh",NA,NA,NA,NA
