"OBJECTID","ID_0","ISO","NAME_0","ID_1","NAME_1","ID_2","NAME_2","TYPE_2","ENGTYPE_2","NL_NAME_2","VARNAME_2"
1,76,"FRO","Faroe Islands",1,"Eysturoyar",1,"Eiði","Kommunur","Commune",NA,"Ejde"
2,76,"FRO","Faroe Islands",1,"Eysturoyar",2,"Elduvík","Kommunur","Commune",NA,"Eldevig"
3,76,"FRO","Faroe Islands",1,"Eysturoyar",3,"Fuglafjørður","Kommunur","Commune",NA,"Fuglefjord"
4,76,"FRO","Faroe Islands",1,"Eysturoyar",4,"Funning","Kommunur","Commune",NA,"Funningur|Funding"
5,76,"FRO","Faroe Islands",1,"Eysturoyar",5,"Gøta","Kommunur","Commune",NA,NA
6,76,"FRO","Faroe Islands",1,"Eysturoyar",6,"Gjógv","Kommunur","Commune",NA,"Gjov"
7,76,"FRO","Faroe Islands",1,"Eysturoyar",7,"Leirvík","Kommunur","Commune",NA,"Lervig"
8,76,"FRO","Faroe Islands",1,"Eysturoyar",8,"Nes","Kommunur","Commune",NA,"Næs"
9,76,"FRO","Faroe Islands",1,"Eysturoyar",9,"Oyndarfjørður","Kommunur","Commune",NA,"Andefjord"
10,76,"FRO","Faroe Islands",1,"Eysturoyar",10,"Runavík","Kommunur","Commune",NA,"Runevig"
11,76,"FRO","Faroe Islands",1,"Eysturoyar",11,"Sjógv","Kommunur","Commune",NA,"Sjov"
12,76,"FRO","Faroe Islands",1,"Eysturoyar",12,"Skála","Kommunur","Commune",NA,"Skálavík|Skålevig"
13,76,"FRO","Faroe Islands",1,"Eysturoyar",13,"Sunda","Kommunur","Commune",NA,"Sunde|Sund
"
14,76,"FRO","Faroe Islands",2,"Norderøerne",14,"Fugloy","Kommunur","Commune",NA,"Fuglø"
15,76,"FRO","Faroe Islands",2,"Norderøerne",15,"Húsar","Kommunur","Commune",NA,"Husum"
16,76,"FRO","Faroe Islands",2,"Norderøerne",16,"Hvannasund","Kommunur","Commune",NA,"Kvannesund"
17,76,"FRO","Faroe Islands",2,"Norderøerne",17,"Klaksvík","Kommunur","Commune",NA,"Klaksvig"
18,76,"FRO","Faroe Islands",2,"Norderøerne",18,"Kunoy","Kommunur","Commune",NA,"Kunø"
19,76,"FRO","Faroe Islands",2,"Norderøerne",19,"Mikladal","Kommunur","Commune",NA,"Mikladalur|Mygledal"
20,76,"FRO","Faroe Islands",2,"Norderøerne",20,"Svínoy","Kommunur","Commune",NA,"Svinø"
21,76,"FRO","Faroe Islands",2,"Norderøerne",21,"Viðareiði","Kommunur","Commune",NA,"Viderejde"
22,76,"FRO","Faroe Islands",3,"Sandoyar",22,"Húsavík","Kommunur","Commune",NA,"Husevig"
23,76,"FRO","Faroe Islands",3,"Sandoyar",23,"Sand","Kommunur","Commune",NA,"Sandur"
24,76,"FRO","Faroe Islands",3,"Sandoyar",24,"Skálavík","Kommunur","Commune",NA,"Skålevig"
25,76,"FRO","Faroe Islands",3,"Sandoyar",25,"Skúvoy","Kommunur","Commune",NA,"Skuø"
26,76,"FRO","Faroe Islands",3,"Sandoyar",26,"Skopun","Kommunur","Commune",NA,"Skopen"
27,76,"FRO","Faroe Islands",4,"Streymoyar",27,"Hósvík","Kommunur","Commune",NA,"Thorsvig"
28,76,"FRO","Faroe Islands",4,"Streymoyar",28,"Haldórsvík","Kommunur","Commune",NA,"Haldarsvík|Haldersvig"
29,76,"FRO","Faroe Islands",4,"Streymoyar",29,"Hest","Kommunur","Commune",NA,"Hestø|Hestur"
30,76,"FRO","Faroe Islands",4,"Streymoyar",30,"Hvalvík","Kommunur","Commune",NA,"Kvalvig"
31,76,"FRO","Faroe Islands",4,"Streymoyar",31,"Kirkjubø","Kommunur","Commune",NA,"Kirkjubøur"
32,76,"FRO","Faroe Islands",4,"Streymoyar",32,"Kvívík","Kommunur","Commune",NA,"Kvivig"
33,76,"FRO","Faroe Islands",4,"Streymoyar",33,"Nólsoy","Kommunur","Commune",NA,"Nolsø"
34,76,"FRO","Faroe Islands",4,"Streymoyar",34,"Saksun","Kommunur","Commune",NA,"Saksen"
35,76,"FRO","Faroe Islands",4,"Streymoyar",35,"Tórshavn","Kommunur","Commune",NA,"Thorshavn"
36,76,"FRO","Faroe Islands",4,"Streymoyar",36,"Vestmanna","Kommunur","Commune",NA,"Vestmanhavn"
37,76,"FRO","Faroe Islands",5,"Suðuroyar",37,"Fámjin","Kommunur","Commune",NA,NA
38,76,"FRO","Faroe Islands",5,"Suðuroyar",38,"Hov","Kommunur","Commune",NA,"Hove"
39,76,"FRO","Faroe Islands",5,"Suðuroyar",39,"Hvalba","Kommunur","Commune",NA,"Hvalbøur|Kvalbø"
40,76,"FRO","Faroe Islands",5,"Suðuroyar",40,"Porkeri","Kommunur","Commune",NA,"Porkere"
41,76,"FRO","Faroe Islands",5,"Suðuroyar",41,"Sumba","Kommunur","Commune",NA,"Sunnbøur"
42,76,"FRO","Faroe Islands",5,"Suðuroyar",42,"Tvøroyri","Kommunur","Commune",NA,"Tvøroyrar"
43,76,"FRO","Faroe Islands",5,"Suðuroyar",43,"Vágur","Kommunur","Commune",NA,"Våg"
44,76,"FRO","Faroe Islands",6,"Vågø",44,"Bø","Kommunur","Commune",NA,"Bøur"
45,76,"FRO","Faroe Islands",6,"Vågø",45,"Miðvág","Kommunur","Commune",NA,"Midvåg|Miðvágur
"
46,76,"FRO","Faroe Islands",6,"Vågø",46,"Mykines","Kommunur","Commune",NA,"Myggenæs"
47,76,"FRO","Faroe Islands",6,"Vågø",47,"Sørvág","Kommunur","Commune",NA,"Sørvágur"
48,76,"FRO","Faroe Islands",6,"Vågø",48,"Sandavág","Kommunur","Commune",NA,"Sandavágur
"
