"OBJECTID","ID_0","ISO","NAME_0","ID_1","NAME_1","ID_2","NAME_2","TYPE_2","ENGTYPE_2","NL_NAME_2","VARNAME_2"
1,17,"AZE","Azerbaijan",1," Ganja-Qazakh",1,"Agstafa","Rayon","District",NA,"Agstafa"
2,17,"AZE","Azerbaijan",1," Ganja-Qazakh",2,"S<U+0259>mkir","Rayon","District",NA,"Shamkir"
3,17,"AZE","Azerbaijan",1," Ganja-Qazakh",3,"Dask<U+0259>s<U+0259>n","Rayon","District",NA,"Dashkasan"
4,17,"AZE","Azerbaijan",1," Ganja-Qazakh",4,"G<U+0259>d<U+0259>b<U+0259>y","Rayon","District",NA,"Gadabay"
5,17,"AZE","Azerbaijan",1," Ganja-Qazakh",5,"G<U+0259>nc<U+0259>","Sahar","City",NA,"Ganja city"
6,17,"AZE","Azerbaijan",1," Ganja-Qazakh",6,"Goranboy","Rayon","District",NA,NA
7,17,"AZE","Azerbaijan",1," Ganja-Qazakh",7,"Naftalan","City","City",NA,NA
8,17,"AZE","Azerbaijan",1," Ganja-Qazakh",8,"Qazax","Rayon","District",NA,"Qazakh"
9,17,"AZE","Azerbaijan",1," Ganja-Qazakh",9,"Samux","Rayon","District",NA,"Samukh"
10,17,"AZE","Azerbaijan",1," Ganja-Qazakh",10,"Tovuz","Rayon","District",NA,NA
11,17,"AZE","Azerbaijan",1," Ganja-Qazakh",11,"Xanlar","Rayon","District",NA,"Khanlar"
12,17,"AZE","Azerbaijan",2," Quba-Khachmaz",12,"D<U+0259>v<U+0259>çi","Rayon","District",NA,"Davachi"
13,17,"AZE","Azerbaijan",2," Quba-Khachmaz",13,"Quba","Rayon","District",NA,NA
14,17,"AZE","Azerbaijan",2," Quba-Khachmaz",14,"Qusar","Rayon","District",NA,NA
15,17,"AZE","Azerbaijan",2," Quba-Khachmaz",15,"Siy<U+0259>z<U+0259>n","Rayon","District",NA,"Siazan"
16,17,"AZE","Azerbaijan",2," Quba-Khachmaz",16,"Xaçmaz","Rayon","District",NA,"Khachmaz"
17,17,"AZE","Azerbaijan",3,"Absheron",17,"Abseron","Rayon","District",NA,"Absheron"
18,17,"AZE","Azerbaijan",3,"Absheron",18,"Baki","Sahar","City",NA,"Baku city"
19,17,"AZE","Azerbaijan",3,"Absheron",19,"Sumqayit","Sahar","City",NA,"Sumqayit city"
20,17,"AZE","Azerbaijan",3,"Absheron",20,"Xizi","Rayon","District",NA,"Khizi"
21,17,"AZE","Azerbaijan",4,"Aran",21,"Imisli","Rayon","District",NA,"Imishli"
22,17,"AZE","Azerbaijan",4,"Aran",22,"Agcab<U+0259>di","Rayon","District",NA,"Agjabadi"
23,17,"AZE","Azerbaijan",4,"Aran",23,"Agdas","Rayon","District",NA,"Agdash"
24,17,"AZE","Azerbaijan",4,"Aran",24,"<U+018F>li Bayramli","Sahar","City",NA,"Ali Bayramli"
25,17,"AZE","Azerbaijan",4,"Aran",25,"B<U+0259>rd<U+0259>","Rayon","District",NA,"Barda"
26,17,"AZE","Azerbaijan",4,"Aran",26,"Beyl<U+0259>qan","Rayon","District",NA,"Beylagan"
27,17,"AZE","Azerbaijan",4,"Aran",27,"Bil<U+0259>suvar","Rayon","District",NA,"Bilasuvar"
28,17,"AZE","Azerbaijan",4,"Aran",28,"Göyçay","Rayon","District",NA,"Goychay"
29,17,"AZE","Azerbaijan",4,"Aran",29,"Haciqabul","Rayon","District",NA,"Hajigabul"
30,17,"AZE","Azerbaijan",4,"Aran",30,"Kürd<U+0259>mir","Rayon","District",NA,"Kurdamir"
31,17,"AZE","Azerbaijan",4,"Aran",31,"Ming<U+0259>çevir","Sahar","City",NA,"Mingachevir"
32,17,"AZE","Azerbaijan",4,"Aran",32,"Neftçala","Rayon","District",NA,"Neftchala"
33,17,"AZE","Azerbaijan",4,"Aran",33,"Saatli","Rayon","District",NA,"Saatly"
34,17,"AZE","Azerbaijan",4,"Aran",34,"Sabirabad","Rayon","District",NA,NA
35,17,"AZE","Azerbaijan",4,"Aran",35,"Salyan","Rayon","District",NA,NA
36,17,"AZE","Azerbaijan",4,"Aran",36,"Ucar","Rayon","District",NA,"Ujar"
37,17,"AZE","Azerbaijan",4,"Aran",37,"Yevlax City","City","City",NA,"Yevlakh"
38,17,"AZE","Azerbaijan",4,"Aran",38,"Yevlax","Rayon","District",NA,"Yevlakh"
39,17,"AZE","Azerbaijan",4,"Aran",39,"Z<U+0259>rdab","Rayon","District",NA,"Zardab"
40,17,"AZE","Azerbaijan",5,"Daglig-Shirvan",40,"Ismayilli","Rayon","District",NA,"Ismailli"
41,17,"AZE","Azerbaijan",5,"Daglig-Shirvan",41,"Agsu","Rayon","District",NA,"Agsu"
42,17,"AZE","Azerbaijan",5,"Daglig-Shirvan",42,"Samaxi","Rayon","District",NA,"Shamakhi"
43,17,"AZE","Azerbaijan",5,"Daglig-Shirvan",43,"Qobustan","Rayon","District",NA,NA
44,17,"AZE","Azerbaijan",6,"Kalbajar-Lachin",44,"K<U+0259>lb<U+0259>c<U+0259>r  (Nagorno-Karabakh)","Rayon","District",NA,"Kalbajar"
45,17,"AZE","Azerbaijan",6,"Kalbajar-Lachin",45,"K<U+0259>lb<U+0259>c<U+0259>r","Rayon","District",NA,"Kalbajar"
46,17,"AZE","Azerbaijan",6,"Kalbajar-Lachin",46,"Lachin","Rayon","District",NA,"Laçin"
47,17,"AZE","Azerbaijan",6,"Kalbajar-Lachin",47,"Qubadli","Rayon","District",NA,NA
48,17,"AZE","Azerbaijan",6,"Kalbajar-Lachin",48,"Z<U+0259>ngilan","Rayon","District",NA,"Zangilan"
49,17,"AZE","Azerbaijan",7,"Lankaran",49,"Astara","Rayon","District",NA,NA
50,17,"AZE","Azerbaijan",7,"Lankaran",50,"C<U+0259>lilabad","Rayon","District",NA,"Jalilabad"
51,17,"AZE","Azerbaijan",7,"Lankaran",51,"Lerik","Rayon","District",NA,NA
52,17,"AZE","Azerbaijan",7,"Lankaran",52,"L<U+0259>nk<U+0259>ran City","City","City",NA,"Lankaran City"
53,17,"AZE","Azerbaijan",7,"Lankaran",53,"L<U+0259>nk<U+0259>ran","Rayon","District",NA,"Lankaran"
54,17,"AZE","Azerbaijan",7,"Lankaran",54,"Masalli","Rayon","District",NA,"Masally"
55,17,"AZE","Azerbaijan",7,"Lankaran",55,"Yardimli","Rayon","District",NA,"Yardymli"
56,17,"AZE","Azerbaijan",8,"Nakhchivan",56,"Sahbuz","Rayon","District",NA,"Shakhbuz"
57,17,"AZE","Azerbaijan",8,"Nakhchivan",57,"S<U+0259>rur","Rayon","District",NA,"Sharur"
58,17,"AZE","Azerbaijan",8,"Nakhchivan",58,"Bab<U+0259>k","Rayon","District",NA,"Babek"
59,17,"AZE","Azerbaijan",8,"Nakhchivan",59,"Culfa","Rayon","District",NA,"Julfa"
60,17,"AZE","Azerbaijan",8,"Nakhchivan",60,"Naxçivan","Sahar","City",NA,"Nakhichevan"
61,17,"AZE","Azerbaijan",8,"Nakhchivan",61,"Ordubad","Rayon","District",NA,NA
62,17,"AZE","Azerbaijan",8,"Nakhchivan",62,"S<U+0259>d<U+0259>r<U+0259>k","Rayon","District",NA,"Sadarak"
63,17,"AZE","Azerbaijan",9,"Shaki-Zaqatala",63,"S<U+0259>ki City","Rayon","District",NA,"Shaki City"
64,17,"AZE","Azerbaijan",9,"Shaki-Zaqatala",64,"S<U+0259>ki","Rayon","District",NA,"Shaki"
65,17,"AZE","Azerbaijan",9,"Shaki-Zaqatala",65,"Balak<U+0259>n","Rayon","District",NA,"Balakan"
66,17,"AZE","Azerbaijan",9,"Shaki-Zaqatala",66,"Oguz","Rayon","District",NA,"Oguz"
67,17,"AZE","Azerbaijan",9,"Shaki-Zaqatala",67,"Qax","Rayon","District",NA,"Qakh"
68,17,"AZE","Azerbaijan",9,"Shaki-Zaqatala",68,"Q<U+0259>b<U+0259>l<U+0259>","Rayon","District",NA,"Qabala"
69,17,"AZE","Azerbaijan",9,"Shaki-Zaqatala",69,"Zaqatala","Rayon","District",NA,NA
70,17,"AZE","Azerbaijan",10,"Yukhari-Karabakh",70,"Agdam","Rayon","District",NA,"Agdam"
71,17,"AZE","Azerbaijan",10,"Yukhari-Karabakh",71,"Susa  (Nagorno-Karabakh)","City","City",NA,"Shusha City"
72,17,"AZE","Azerbaijan",10,"Yukhari-Karabakh",72,"Susa  (Nagorno-Karabakh)","Rayon","District",NA,"Shusha"
73,17,"AZE","Azerbaijan",10,"Yukhari-Karabakh",73,"C<U+0259>brayil","Rayon","District",NA,"Jabrayil"
74,17,"AZE","Azerbaijan",10,"Yukhari-Karabakh",74,"Füzuli","Rayon","District",NA,"Fizuli"
75,17,"AZE","Azerbaijan",10,"Yukhari-Karabakh",75,"Khankendi  (Nagorno-Karabakh)","City","City",NA,"Khankendy"
76,17,"AZE","Azerbaijan",10,"Yukhari-Karabakh",76,"T<U+0259>rt<U+0259>r (Nagorno-Karabakh)","Rayon","District",NA,"Tartar"
77,17,"AZE","Azerbaijan",10,"Yukhari-Karabakh",77,"T<U+0259>rt<U+0259>r","Rayon","District",NA,"Tartar"
78,17,"AZE","Azerbaijan",10,"Yukhari-Karabakh",78,"Xocali  (Nagorno-Karabakh)","Rayon","District",NA,"Khojali"
79,17,"AZE","Azerbaijan",10,"Yukhari-Karabakh",79,"Xocav<U+0259>nd  (Nagorno-Karabakh)","Rayon","District",NA,"Khojavend"
