"OBJECTID","ID_0","ISO","NAME_0","ID_1","NAME_1","TYPE_1","ENGTYPE_1","NL_NAME_1","VARNAME_1"
1,72,"ERI","Eritrea",1,"Anseba","Zoba","Region",NA,"Ansaba|A'Nseba"
2,72,"ERI","Eritrea",2,"Debubawi Keyih Bahri","Zoba","Region",NA,"Southern Red Sea|Debubawi Keyh Bahri|Debub-Keih-Bahri|al-Bahru al-Ahmaru al-Janubi"
3,72,"ERI","Eritrea",3,"Debub","Zoba","Region",NA,"Southern|al-Janubiyah"
4,72,"ERI","Eritrea",4,"Gash Barka","Zoba","Region",NA,"Gash-Barka|al-Qash wa-Barka|Debubawi Gash Barka"
5,72,"ERI","Eritrea",5,"Maekel","Zoba","Region",NA,"Central|al-Markaziyah|Maakel|Maekelay|Ma'kil|Makelay"
6,72,"ERI","Eritrea",6,"Semenawi Keyih Bahri","Zoba","Region",NA,"Northern Red Sea|al-Bahru al-Ahmaru ash-Shimali|Semenawi Keyh Bahri|Semien-Keih-Bahri"
