"OBJECTID","ID_0","ISO","NAME_0","ID_1","NAME_1","TYPE_1","ENGTYPE_1","NL_NAME_1","VARNAME_1"
1,197,"WSM","Samoa",1,"A'ana","Itumalo","District",NA,"Aana"
2,197,"WSM","Samoa",2,"Aiga-i-le-Tai","Itumalo","District",NA,NA
3,197,"WSM","Samoa",3,"Atua","Itumalo","District",NA,NA
4,197,"WSM","Samoa",4,"Fa'asaleleaga","Itumalo","District",NA,"Faasaleleaga"
5,197,"WSM","Samoa",5,"Gaga'emauga","Itumalo","District",NA,"Gagaemauga"
6,197,"WSM","Samoa",6,"Gagaifomauga","Itumalo","District",NA,NA
7,197,"WSM","Samoa",7,"Palauli","Itumalo","District",NA,NA
8,197,"WSM","Samoa",8,"Satupa'itea","Itumalo","District",NA,"Satupaitea"
9,197,"WSM","Samoa",9,"Tuamasaga","Itumalo","District",NA,NA
10,197,"WSM","Samoa",10,"Va'a-o-Fonoti","Itumalo","District",NA,"Vaa-o-Fonoti"
11,197,"WSM","Samoa",11,"Vaisigano","Itumalo","District",NA,NA
