"OBJECTID","ID_0","ISO","NAME_0","ID_1","NAME_1","ID_2","NAME_2","TYPE_2","ENGTYPE_2","NL_NAME_2","VARNAME_2"
1,197,"WSM","Samoa",1,"A'ana",1,"Aana Alofi III","Unknown","Unknown",NA,NA
2,197,"WSM","Samoa",1,"A'ana",2,"Aana Alofi II","Unknown","Unknown",NA,NA
3,197,"WSM","Samoa",1,"A'ana",3,"Aana Alofi I","Unknown","Unknown",NA,NA
4,197,"WSM","Samoa",1,"A'ana",4,"Falelatai/Samatau","Unknown","Unknown",NA,NA
5,197,"WSM","Samoa",1,"A'ana",5,"Lefaga/Faleseela","Unknown","Unknown",NA,NA
6,197,"WSM","Samoa",2,"Aiga-i-le-Tai",6,"Aiga i le Tai","Unknown","Unknown",NA,NA
7,197,"WSM","Samoa",3,"Atua",7,"Aleipata Itupa i Lalo","Unknown","Unknown",NA,NA
8,197,"WSM","Samoa",3,"Atua",8,"Aleipata Itupa i Luga","Unknown","Unknown",NA,NA
9,197,"WSM","Samoa",3,"Atua",9,"Anoamaa East","Unknown","Unknown",NA,NA
10,197,"WSM","Samoa",3,"Atua",10,"Anoamaa West","Unknown","Unknown",NA,NA
11,197,"WSM","Samoa",3,"Atua",11,"Falealili","Unknown","Unknown",NA,NA
12,197,"WSM","Samoa",3,"Atua",12,"Lepa","Unknown","Unknown",NA,NA
13,197,"WSM","Samoa",3,"Atua",13,"Lotofaga","Unknown","Unknown",NA,NA
14,197,"WSM","Samoa",4,"Fa'asaleleaga",14,"Faasaleleaga III","Unknown","Unknown",NA,NA
15,197,"WSM","Samoa",4,"Fa'asaleleaga",15,"Faasaleleaga II","Unknown","Unknown",NA,NA
16,197,"WSM","Samoa",4,"Fa'asaleleaga",16,"Faasaleleaga I","Unknown","Unknown",NA,NA
17,197,"WSM","Samoa",4,"Fa'asaleleaga",17,"Faasaleleaga IV","Unknown","Unknown",NA,NA
18,197,"WSM","Samoa",5,"Gaga'emauga",18,"Gagaemauga III","Unknown","Unknown",NA,NA
19,197,"WSM","Samoa",5,"Gaga'emauga",19,"Gagaemauga II","Unknown","Unknown",NA,NA
20,197,"WSM","Samoa",5,"Gaga'emauga",20,"Gagaemauga I","Unknown","Unknown",NA,NA
21,197,"WSM","Samoa",5,"Gaga'emauga",21,"Salamumu","Unknown","Unknown",NA,NA
22,197,"WSM","Samoa",6,"Gagaifomauga",22,"Gagaifomauga III","Unknown","Unknown",NA,NA
23,197,"WSM","Samoa",6,"Gagaifomauga",23,"Gagaifomauga II","Unknown","Unknown",NA,NA
24,197,"WSM","Samoa",6,"Gagaifomauga",24,"Gagaifomauga I","Unknown","Unknown",NA,NA
25,197,"WSM","Samoa",7,"Palauli",25,"Palauli East","Unknown","Unknown",NA,NA
26,197,"WSM","Samoa",7,"Palauli",26,"Palauli le Falefa","Unknown","Unknown",NA,NA
27,197,"WSM","Samoa",7,"Palauli",27,"Palauli West","Unknown","Unknown",NA,NA
28,197,"WSM","Samoa",8,"Satupa'itea",28,"Salega","Unknown","Unknown",NA,NA
29,197,"WSM","Samoa",8,"Satupa'itea",29,"Satupaitea","Unknown","Unknown",NA,NA
30,197,"WSM","Samoa",9,"Tuamasaga",30,"Faleata East","Unknown","Unknown",NA,NA
31,197,"WSM","Samoa",9,"Tuamasaga",31,"Faleata West","Unknown","Unknown",NA,NA
32,197,"WSM","Samoa",9,"Tuamasaga",32,"Leauvaa","Unknown","Unknown",NA,NA
33,197,"WSM","Samoa",9,"Tuamasaga",33,"Safata","Unknown","Unknown",NA,NA
34,197,"WSM","Samoa",9,"Tuamasaga",34,"Sagaga le Falefa","Unknown","Unknown",NA,NA
35,197,"WSM","Samoa",9,"Tuamasaga",35,"Sagaga Le Usoga","Unknown","Unknown",NA,NA
36,197,"WSM","Samoa",9,"Tuamasaga",36,"Siumu","Unknown","Unknown",NA,NA
37,197,"WSM","Samoa",9,"Tuamasaga",37,"Vaimauga East","Unknown","Unknown",NA,NA
38,197,"WSM","Samoa",9,"Tuamasaga",38,"Vaimauga West","Unknown","Unknown",NA,NA
39,197,"WSM","Samoa",10,"Va'a-o-Fonoti",39,"Vaa o Fonoti","Unknown","Unknown",NA,NA
40,197,"WSM","Samoa",11,"Vaisigano",40,"Alataua West","Unknown","Unknown",NA,NA
41,197,"WSM","Samoa",11,"Vaisigano",41,"Falealupo","Unknown","Unknown",NA,NA
42,197,"WSM","Samoa",11,"Vaisigano",42,"Vaisigano East","Unknown","Unknown",NA,NA
43,197,"WSM","Samoa",11,"Vaisigano",43,"Vaisigano West","Unknown","Unknown",NA,NA
