"OBJECTID","ID_0","ISO","NAME_0","ID_1","NAME_1","ID_2","NAME_2","TYPE_2","ENGTYPE_2","NL_NAME_2","VARNAME_2"
1,252,"WLF","Wallis and Futuna",1,"Alo",1,"Alo","District","District",NA,NA
2,252,"WLF","Wallis and Futuna",2,"Singave",2,"Sigave","District","District",NA,"Singave"
3,252,"WLF","Wallis and Futuna",3,"Uvéa",3,"Hahake","District","District",NA,NA
4,252,"WLF","Wallis and Futuna",3,"Uvéa",4,"Hihifo","District","District",NA,NA
5,252,"WLF","Wallis and Futuna",3,"Uvéa",5,"Mua","District","District",NA,NA
