"OBJECTID","ID_0","ISO","NAME_0","ID_1","NAME_1","ID_2","NAME_2","TYPE_2","ENGTYPE_2","NL_NAME_2","VARNAME_2"
1,117,"KAZ","Kazakhstan",1,"Almaty",1,"Aksuskiy","Rayon","District",NA,NA
2,117,"KAZ","Kazakhstan",1,"Almaty",2,"Alakolskiy","Rayon","District",NA,"Alakol'skiy"
3,117,"KAZ","Kazakhstan",1,"Almaty",3,"Almaty (Alma-Ata)","Rayon","District",NA,NA
4,117,"KAZ","Kazakhstan",1,"Almaty",4,"Balkhashskiy","Rayon","District",NA,NA
5,117,"KAZ","Kazakhstan",1,"Almaty",5,"Enbekshikazakhskiy","Rayon","District",NA,NA
6,117,"KAZ","Kazakhstan",1,"Almaty",6,"Iliyskiy","Rayon","District",NA,NA
7,117,"KAZ","Kazakhstan",1,"Almaty",7,"Karasayskiy","Rayon","District",NA,"Karasayskiy (Kaskelenskiy)"
8,117,"KAZ","Kazakhstan",1,"Almaty",8,"Karatal`skiy","Rayon","District",NA,"Karatalskiy"
9,117,"KAZ","Kazakhstan",1,"Almaty",9,"Kerbulakskiy","Rayon","District",NA,NA
10,117,"KAZ","Kazakhstan",1,"Almaty",10,"Koksuskiy","Rayon","District",NA,NA
11,117,"KAZ","Kazakhstan",1,"Almaty",11,"Panfilovskiy","Rayon","District",NA,NA
12,117,"KAZ","Kazakhstan",1,"Almaty",12,"Raiymbekskiy","Rayon","District",NA,"Rayymbekskiy (Narynko'skiy)"
13,117,"KAZ","Kazakhstan",1,"Almaty",13,"Sarkandskiy","Rayon","District",NA,NA
14,117,"KAZ","Kazakhstan",1,"Almaty",14,"Taldyqorghan","Maslikhat","Assembly",NA,"Taldyqorghanskiy"
15,117,"KAZ","Kazakhstan",1,"Almaty",15,"Talgarskiy","Rayon","District",NA,NA
16,117,"KAZ","Kazakhstan",1,"Almaty",16,"Uygurskiy","Rayon","District",NA,NA
17,117,"KAZ","Kazakhstan",1,"Almaty",17,"Zhambylskiy","Rayon","District",NA,NA
18,117,"KAZ","Kazakhstan",2,"Aqmola",18,"Akkol`skiy","Rayon","District",NA,"Akkol'skiy (Alekseevskiy)"
19,117,"KAZ","Kazakhstan",2,"Aqmola",19,"Arshalynskiy","Rayon","District",NA,"Arshalynskiy (Vishnevskiy)"
20,117,"KAZ","Kazakhstan",2,"Aqmola",20,"Astrakhansiy","Rayon","District",NA,"Astrakhanskiy"
21,117,"KAZ","Kazakhstan",2,"Aqmola",21,"Atbasarskiy","Rayon","District",NA,NA
22,117,"KAZ","Kazakhstan",2,"Aqmola",22,"Bulandynskiy","Rayon","District",NA,NA
23,117,"KAZ","Kazakhstan",2,"Aqmola",23,"Egindykol`skiy","Rayon","District",NA,"Eginykolskiy (Krasnoznamenskiy)"
24,117,"KAZ","Kazakhstan",2,"Aqmola",24,"Enbekshil`derskiy","Rayon","District",NA,"Enbekshil'derskiy"
25,117,"KAZ","Kazakhstan",2,"Aqmola",25,"Ereymengauskiy","Rayon","District",NA,"Ereymentauskiy"
26,117,"KAZ","Kazakhstan",2,"Aqmola",26,"Esil`skiy","Rayon","District",NA,"Esil'skiy"
27,117,"KAZ","Kazakhstan",2,"Aqmola",27,"Korgalzhynskiy","Rayon","District",NA,"Korgalzhinskiy"
28,117,"KAZ","Kazakhstan",2,"Aqmola",28,"Sandyktauskiy","Rayon","District",NA,NA
29,117,"KAZ","Kazakhstan",2,"Aqmola",29,"Shortandinskiy","Rayon","District",NA,NA
30,117,"KAZ","Kazakhstan",2,"Aqmola",30,"Shuchinskiy","Rayon","District",NA,"Shchuchinskiy"
31,117,"KAZ","Kazakhstan",2,"Aqmola",31,"Tselinogradskiy","Rayon","District",NA,NA
32,117,"KAZ","Kazakhstan",2,"Aqmola",32,"Zerendinskiy","Rayon","District",NA,NA
33,117,"KAZ","Kazakhstan",2,"Aqmola",33,"Zhaksynskiy","Rayon","District",NA,NA
34,117,"KAZ","Kazakhstan",2,"Aqmola",34,"Zharkainskiy","Rayon","District",NA,"Derzhavinskiy"
35,117,"KAZ","Kazakhstan",3,"Aqtöbe",35,"Alginskiy","Rayon","District",NA,NA
36,117,"KAZ","Kazakhstan",3,"Aqtöbe",36,"Aqtobe","Maslikhat","Assembly",NA,NA
37,117,"KAZ","Kazakhstan",3,"Aqtöbe",37,"Aytekebiyskiy","Rayon","District",NA,"Aytekebiyskiy (Komsomolskiy)"
38,117,"KAZ","Kazakhstan",3,"Aqtöbe",38,"Bayganinskiy","Rayon","District",NA,NA
39,117,"KAZ","Kazakhstan",3,"Aqtöbe",39,"Irgizskiy","Rayon","District",NA,NA
40,117,"KAZ","Kazakhstan",3,"Aqtöbe",40,"Kargalinskiy","Rayon","District",NA,NA
41,117,"KAZ","Kazakhstan",3,"Aqtöbe",41,"Khobdinskiy","Rayon","District",NA,NA
42,117,"KAZ","Kazakhstan",3,"Aqtöbe",42,"Khromtauskiy","Rayon","District",NA,NA
43,117,"KAZ","Kazakhstan",3,"Aqtöbe",43,"Martukskiy","Rayon","District",NA,NA
44,117,"KAZ","Kazakhstan",3,"Aqtöbe",44,"Mugalzharskiy","Rayon","District",NA,NA
45,117,"KAZ","Kazakhstan",3,"Aqtöbe",45,"Shalkarskiy","Rayon","District",NA,"Shalkarskiy (Chelkarskiy)"
46,117,"KAZ","Kazakhstan",3,"Aqtöbe",46,"Temirskiy","Rayon","District",NA,NA
47,117,"KAZ","Kazakhstan",3,"Aqtöbe",47,"Uilskiy","Rayon","District",NA,NA
48,117,"KAZ","Kazakhstan",4,"Atyrau",48,"Atyrau","Maslikhat","Assembly",NA,"Atyrauskiy|Guriev"
49,117,"KAZ","Kazakhstan",4,"Atyrau",49,"Inderskiy","Rayon","District",NA,"Indenrskiy"
50,117,"KAZ","Kazakhstan",4,"Atyrau",50,"Isatayskiy","Rayon","District",NA,NA
51,117,"KAZ","Kazakhstan",4,"Atyrau",51,"Kurmangazinskiy","Rayon","District",NA,NA
52,117,"KAZ","Kazakhstan",4,"Atyrau",52,"Kzylkoginskiy","Rayon","District",NA,"Kylkoginskiy"
53,117,"KAZ","Kazakhstan",4,"Atyrau",53,"Makatskiy","Rayon","District",NA,NA
54,117,"KAZ","Kazakhstan",4,"Atyrau",54,"Makhambetskiy","Rayon","District",NA,NA
55,117,"KAZ","Kazakhstan",4,"Atyrau",55,"Zhylyoyskiy","Rayon","District",NA,"Embinskiy"
56,117,"KAZ","Kazakhstan",5,"East Kazakhstan",56,"Abayskiy","Rayon","District",NA,NA
57,117,"KAZ","Kazakhstan",5,"East Kazakhstan",57,"Ayagozskiy","Rayon","District",NA,NA
58,117,"KAZ","Kazakhstan",5,"East Kazakhstan",58,"Beskaragayskiy","Rayon","District",NA,NA
59,117,"KAZ","Kazakhstan",5,"East Kazakhstan",59,"Borodulikhinskiy","Rayon","District",NA,NA
60,117,"KAZ","Kazakhstan",5,"East Kazakhstan",60,"Glubokovskiy","Rayon","District",NA,"Ghlubokovskiy"
61,117,"KAZ","Kazakhstan",5,"East Kazakhstan",61,"Katon-Karagayskiy","Rayon","District",NA,"Katon-Karagayski"
62,117,"KAZ","Kazakhstan",5,"East Kazakhstan",62,"Kokpektinskiy","Rayon","District",NA,NA
63,117,"KAZ","Kazakhstan",5,"East Kazakhstan",63,"Kurchumskiy","Rayon","District",NA,NA
64,117,"KAZ","Kazakhstan",5,"East Kazakhstan",64,"Leninogorsk","Maslikhat","Assembly",NA,"Leninnogorskiy"
65,117,"KAZ","Kazakhstan",5,"East Kazakhstan",65,"Semipalatinskiy","Rayon","District",NA,NA
66,117,"KAZ","Kazakhstan",5,"East Kazakhstan",66,"Shemonaikhinskiy","Rayon","District",NA,"Shemonakhinskiy"
67,117,"KAZ","Kazakhstan",5,"East Kazakhstan",67,"Tarbagatayskiy","Rayon","District",NA,NA
68,117,"KAZ","Kazakhstan",5,"East Kazakhstan",68,"Ulanskiy","Rayon","District",NA,NA
69,117,"KAZ","Kazakhstan",5,"East Kazakhstan",69,"Urdzharskiy","Rayon","District",NA,NA
70,117,"KAZ","Kazakhstan",5,"East Kazakhstan",70,"Zaysanskiy","Rayon","District",NA,NA
71,117,"KAZ","Kazakhstan",5,"East Kazakhstan",71,"Zharminskiy","Rayon","District",NA,NA
72,117,"KAZ","Kazakhstan",5,"East Kazakhstan",72,"Zyryanovsk","Maslikhat","Assembly",NA,"Zyryanovskiy"
73,117,"KAZ","Kazakhstan",6,"Mangghystau",73,"Aqtau","Maslikhat","Assembly",NA,"Aqtau (Shevchenko)"
74,117,"KAZ","Kazakhstan",6,"Mangghystau",74,"Beyneuskiy","Rayon","District",NA,NA
75,117,"KAZ","Kazakhstan",6,"Mangghystau",75,"Karakiyanskiy","Rayon","District",NA,NA
76,117,"KAZ","Kazakhstan",6,"Mangghystau",76,"Manghystauskiy","Rayon","District",NA,"Mangistauskiy"
77,117,"KAZ","Kazakhstan",6,"Mangghystau",77,"Tupkaraganskiy","Rayon","District",NA,NA
78,117,"KAZ","Kazakhstan",7,"North Kazakhstan",78,"Akzharskiy","Rayon","District",NA,"Akzharskiy (Leninskiy)"
79,117,"KAZ","Kazakhstan",7,"North Kazakhstan",79,"Ayyrtauskiy","Rayon","District",NA,"Ayyrtauskiy (Volodarskiy)"
80,117,"KAZ","Kazakhstan",7,"North Kazakhstan",80,"Bulaevskiy","Rayon","District",NA,NA
81,117,"KAZ","Kazakhstan",7,"North Kazakhstan",81,"Esil`skiy","Rayon","District",NA,"Esil'skiy"
82,117,"KAZ","Kazakhstan",7,"North Kazakhstan",82,"Kyzylzharskiy","Rayon","District",NA,"Bishkul'skiy"
83,117,"KAZ","Kazakhstan",7,"North Kazakhstan",83,"Mamlyutskiy","Rayon","District",NA,NA
84,117,"KAZ","Kazakhstan",7,"North Kazakhstan",84,"Shal Akyna","Rayon","District",NA,"Sergeevskiy"
85,117,"KAZ","Kazakhstan",7,"North Kazakhstan",85,"Sovetskiy","Rayon","District",NA,NA
86,117,"KAZ","Kazakhstan",7,"North Kazakhstan",86,"Taiynshinskiy","Rayon","District",NA,"Tayynshinskiy|Krasnoameyskiy"
87,117,"KAZ","Kazakhstan",7,"North Kazakhstan",87,"Timiryazevskiy","Rayon","District",NA,NA
88,117,"KAZ","Kazakhstan",7,"North Kazakhstan",88,"Tselinniy","Rayon","District",NA,"Tselinnyy (Kuybyshevskiy)"
89,117,"KAZ","Kazakhstan",7,"North Kazakhstan",89,"Ualikhanovskiy","Rayon","District",NA,NA
90,117,"KAZ","Kazakhstan",7,"North Kazakhstan",90,"Zhambylskiy","Rayon","District",NA,NA
91,117,"KAZ","Kazakhstan",8,"Pavlodar",91,"Aksuskiy","Rayon","District",NA,NA
92,117,"KAZ","Kazakhstan",8,"Pavlodar",92,"Aktogayskiy","Rayon","District",NA,"Aktogayskiy (Krasnokutskiy)"
93,117,"KAZ","Kazakhstan",8,"Pavlodar",93,"Bayanaul`skiy","Rayon","District",NA,"Bayanaul'skiy"
94,117,"KAZ","Kazakhstan",8,"Pavlodar",94,"Ekibastuz","Maslikhat","Assembly",NA,"Ekibastuzskiy"
95,117,"KAZ","Kazakhstan",8,"Pavlodar",95,"Irtyshskiy","Rayon","District",NA,NA
96,117,"KAZ","Kazakhstan",8,"Pavlodar",96,"Kachirskiy","Rayon","District",NA,NA
97,117,"KAZ","Kazakhstan",8,"Pavlodar",97,"Lebyazhinskiy","Rayon","District",NA,NA
98,117,"KAZ","Kazakhstan",8,"Pavlodar",98,"Mayskiy","Rayon","District",NA,NA
99,117,"KAZ","Kazakhstan",8,"Pavlodar",99,"Pavlodarskiy","Rayon","District",NA,NA
100,117,"KAZ","Kazakhstan",8,"Pavlodar",100,"Sherbaktinskiy","Rayon","District",NA,"Shcherbaktinskiy"
101,117,"KAZ","Kazakhstan",8,"Pavlodar",101,"Uspenskiy","Rayon","District",NA,NA
102,117,"KAZ","Kazakhstan",8,"Pavlodar",102,"Zhelezinskiy","Rayon","District",NA,NA
103,117,"KAZ","Kazakhstan",9,"Qaraghandy",103,"Abayskiy","Rayon","District",NA,"Abayskiy (Michurinskiy)"
104,117,"KAZ","Kazakhstan",9,"Qaraghandy",104,"Aktogayskiy","Rayon","District",NA,NA
105,117,"KAZ","Kazakhstan",9,"Qaraghandy",105,"Bukhar-Zhyrauskiy","Rayon","District",NA,"Ul'yanovskiy"
106,117,"KAZ","Kazakhstan",9,"Qaraghandy",106,"Karkaralinskiy","Rayon","District",NA,NA
107,117,"KAZ","Kazakhstan",9,"Qaraghandy",107,"Nurinskiy","Rayon","District",NA,NA
108,117,"KAZ","Kazakhstan",9,"Qaraghandy",108,"Osakarovskiy","Rayon","District",NA,NA
109,117,"KAZ","Kazakhstan",9,"Qaraghandy",109,"Shetskiy","Rayon","District",NA,NA
110,117,"KAZ","Kazakhstan",9,"Qaraghandy",110,"Ulytauskiy","Rayon","District",NA,NA
111,117,"KAZ","Kazakhstan",9,"Qaraghandy",111,"Zhanaarkinskiy","Rayon","District",NA,NA
112,117,"KAZ","Kazakhstan",10,"Qostanay",112,"Altynsarinskiy","Rayon","District",NA,NA
113,117,"KAZ","Kazakhstan",10,"Qostanay",113,"Amangel`dinskiy","Rayon","District",NA,"Amangel'dinskiy"
114,117,"KAZ","Kazakhstan",10,"Qostanay",114,"Arkalyk","Maslikhat","Assembly",NA,"Arqalyqskiy"
115,117,"KAZ","Kazakhstan",10,"Qostanay",115,"Auliekol`skiy","Rayon","District",NA,"Auliekol'skiy|Semiozemyy"
116,117,"KAZ","Kazakhstan",10,"Qostanay",116,"Denisovskiy","Rayon","District",NA,"Denisovskiy (Ordzhonikidzevskiy)"
117,117,"KAZ","Kazakhstan",10,"Qostanay",117,"Dzhangil`dinskiy","Rayon","District",NA,"Dzhangil'dinskiy"
118,117,"KAZ","Kazakhstan",10,"Qostanay",118,"Fyodorovskiy","Rayon","District",NA,"Fedorovskiy"
119,117,"KAZ","Kazakhstan",10,"Qostanay",119,"Kamystinskiy","Rayon","District",NA,"Kamystinskiy (Kamyshninskiy)"
120,117,"KAZ","Kazakhstan",10,"Qostanay",120,"Karabalykskiy","Rayon","District",NA,"Karabalykskiy (Komsomol'skiy)"
121,117,"KAZ","Kazakhstan",10,"Qostanay",121,"Karasuskiy","Rayon","District",NA,NA
122,117,"KAZ","Kazakhstan",10,"Qostanay",122,"Mendykarinskiy","Rayon","District",NA,"Mendykrinskiy"
123,117,"KAZ","Kazakhstan",10,"Qostanay",123,"Naurzumskiy","Rayon","District",NA,NA
124,117,"KAZ","Kazakhstan",10,"Qostanay",124,"Qostanay","Maslikhat","Assembly",NA,"Qostanay (Kustanay)"
125,117,"KAZ","Kazakhstan",10,"Qostanay",125,"Sarykol`skiy","Rayon","District",NA,"Sarykol'skiy"
126,117,"KAZ","Kazakhstan",10,"Qostanay",126,"Taranovskiy","Rayon","District",NA,NA
127,117,"KAZ","Kazakhstan",10,"Qostanay",127,"Uzunkol`skiy","Rayon","District",NA,"Uzunkol'skiy"
128,117,"KAZ","Kazakhstan",10,"Qostanay",128,"Zhitikarinskiy","Rayon","District",NA,NA
129,117,"KAZ","Kazakhstan",11,"Qyzylorda",129,"Aral`skiy","Rayon","District",NA,"Aralskiy"
130,117,"KAZ","Kazakhstan",11,"Qyzylorda",130,"Karmakchinskiy","Rayon","District",NA,NA
131,117,"KAZ","Kazakhstan",11,"Qyzylorda",131,"Kazalinskiy","Rayon","District",NA,NA
132,117,"KAZ","Kazakhstan",11,"Qyzylorda",132,"Qyzylorda","Maslikhat","Assembly",NA,"Qyzylorda (Kyzyl-Orda)"
133,117,"KAZ","Kazakhstan",11,"Qyzylorda",133,"Shieliyskiy","Rayon","District",NA,"Shieli"
134,117,"KAZ","Kazakhstan",11,"Qyzylorda",134,"Terenozekskiy","Rayon","District",NA,NA
135,117,"KAZ","Kazakhstan",11,"Qyzylorda",135,"Zhalagashskiy","Rayon","District",NA,"Zhalaganshskiy"
136,117,"KAZ","Kazakhstan",11,"Qyzylorda",136,"Zhanakorganskiy","Rayon","District",NA,NA
137,117,"KAZ","Kazakhstan",12,"South Kazakhstan",137,"Arysskiy","Rayon","District",NA,NA
138,117,"KAZ","Kazakhstan",12,"South Kazakhstan",138,"Baydibekskiy","Rayon","District",NA,NA
139,117,"KAZ","Kazakhstan",12,"South Kazakhstan",139,"Chardarinskiy","Rayon","District",NA,NA
140,117,"KAZ","Kazakhstan",12,"South Kazakhstan",140,"Kazygurtskiy","Rayon","District",NA,"Kazygurtskiy (Leninskiy)"
141,117,"KAZ","Kazakhstan",12,"South Kazakhstan",141,"Maktaaral`skiy","Rayon","District",NA,"Maktaaralskiy"
142,117,"KAZ","Kazakhstan",12,"South Kazakhstan",142,"Ordabasynskiy","Rayon","District",NA,NA
143,117,"KAZ","Kazakhstan",12,"South Kazakhstan",143,"Otrarskiy","Rayon","District",NA,NA
144,117,"KAZ","Kazakhstan",12,"South Kazakhstan",144,"Saryagashskiy","Rayon","District",NA,NA
145,117,"KAZ","Kazakhstan",12,"South Kazakhstan",145,"Sayramskiy","Rayon","District",NA,"Say"
146,117,"KAZ","Kazakhstan",12,"South Kazakhstan",146,"Shymkent","Maslikhat","Assembly",NA,"Shymkent (Chimkent)"
147,117,"KAZ","Kazakhstan",12,"South Kazakhstan",147,"Suzakskiy","Rayon","District",NA,NA
148,117,"KAZ","Kazakhstan",12,"South Kazakhstan",148,"Tolebiyskiy","Rayon","District",NA,"Tolebisyskiy"
149,117,"KAZ","Kazakhstan",12,"South Kazakhstan",149,"Turkestan","Maslikhat","Assembly",NA,"Turkistanskiy"
150,117,"KAZ","Kazakhstan",12,"South Kazakhstan",150,"Tyul`kubaskiy","Rayon","District",NA,"Tyu'lkubasskiy"
151,117,"KAZ","Kazakhstan",13,"West Kazakhstan",151,"Akzhaikskiy","Rayon","District",NA,"Akzhaikskiy (Chapaevskiy)"
152,117,"KAZ","Kazakhstan",13,"West Kazakhstan",152,"Burlinskiy","Rayon","District",NA,NA
153,117,"KAZ","Kazakhstan",13,"West Kazakhstan",153,"Chingirlauskiy","Rayon","District",NA,"Chingirlausky"
154,117,"KAZ","Kazakhstan",13,"West Kazakhstan",154,"Dzhangalinskiy","Rayon","District",NA,NA
155,117,"KAZ","Kazakhstan",13,"West Kazakhstan",155,"Dzhanybekskiy","Rayon","District",NA,NA
156,117,"KAZ","Kazakhstan",13,"West Kazakhstan",156,"Karatobinskiy","Rayon","District",NA,NA
157,117,"KAZ","Kazakhstan",13,"West Kazakhstan",157,"Kaztalovskiy","Rayon","District",NA,"Kaztalobskiy"
158,117,"KAZ","Kazakhstan",13,"West Kazakhstan",158,"Syrymskiy","Rayon","District",NA,NA
159,117,"KAZ","Kazakhstan",13,"West Kazakhstan",159,"Taskalinskiy","Rayon","District",NA,NA
160,117,"KAZ","Kazakhstan",13,"West Kazakhstan",160,"Terektinskiy","Rayon","District",NA,NA
161,117,"KAZ","Kazakhstan",13,"West Kazakhstan",161,"Urdinskiy","Rayon","District",NA,NA
162,117,"KAZ","Kazakhstan",13,"West Kazakhstan",162,"Zelenovskiy","Rayon","District",NA,NA
163,117,"KAZ","Kazakhstan",14,"Zhambyl",163,"Bayzakskiy","Rayon","District",NA,"Sverdlovskiy"
164,117,"KAZ","Kazakhstan",14,"Zhambyl",164,"Kordayskiy","Rayon","District",NA,NA
165,117,"KAZ","Kazakhstan",14,"Zhambyl",165,"Lugovskoy","Rayon","District",NA,NA
166,117,"KAZ","Kazakhstan",14,"Zhambyl",166,"Merkenskiy","Rayon","District",NA,NA
167,117,"KAZ","Kazakhstan",14,"Zhambyl",167,"Moyynkumskiy","Rayon","District",NA,NA
168,117,"KAZ","Kazakhstan",14,"Zhambyl",168,"Sarysuskiy","Rayon","District",NA,NA
169,117,"KAZ","Kazakhstan",14,"Zhambyl",169,"Shuskiy","Rayon","District",NA,NA
170,117,"KAZ","Kazakhstan",14,"Zhambyl",170,"Talasskiy","Rayon","District",NA,NA
171,117,"KAZ","Kazakhstan",14,"Zhambyl",171,"Zhamb.","Rayon","District",NA,NA
172,117,"KAZ","Kazakhstan",14,"Zhambyl",172,"Zhambylskiy","Rayon","District",NA,NA
173,117,"KAZ","Kazakhstan",14,"Zhambyl",173,"Zhualynskiy","Rayon","District",NA,NA
174,117,"KAZ","Kazakhstan",14,"Zhambyl",174,"Zhualy","Rayon","District",NA,NA
