"OBJECTID","ID_0","ISO","NAME_0","ID_1","NAME_1","ID_2","NAME_2","TYPE_2","ENGTYPE_2","NL_NAME_2","VARNAME_2"
1,27,"BTN","Bhutan",1,"Bumthang",1,"Chhoekhor","Gewog","Village block",NA,"Chhoekor"
2,27,"BTN","Bhutan",1,"Bumthang",2,"Chhume","Gewog","Village block",NA,"Chumey"
3,27,"BTN","Bhutan",1,"Bumthang",3,"Tang","Gewog","Village block",NA," "
4,27,"BTN","Bhutan",1,"Bumthang",4,"Ura","Gewog","Village block",NA," "
5,27,"BTN","Bhutan",2,"Chhukha",5,"Bjachho","Gewog","Village block",NA," "
6,27,"BTN","Bhutan",2,"Chhukha",6,"Bongo","Gewog","Village block",NA," "
7,27,"BTN","Bhutan",2,"Chhukha",7,"Chapchha","Gewog","Village block",NA,"Chapcha"
8,27,"BTN","Bhutan",2,"Chhukha",8,"Dala","Gewog","Village block",NA," "
9,27,"BTN","Bhutan",2,"Chhukha",9,"Dungna","Gewog","Village block",NA," "
10,27,"BTN","Bhutan",2,"Chhukha",10,"Geling","Gewog","Village block",NA," "
11,27,"BTN","Bhutan",2,"Chhukha",11,"Getana","Gewog","Village block",NA,"Getena"
12,27,"BTN","Bhutan",2,"Chhukha",12,"Logchina","Gewog","Village block",NA," "
13,27,"BTN","Bhutan",2,"Chhukha",13,"Metap","Gewog","Village block",NA,"Metakha"
14,27,"BTN","Bhutan",2,"Chhukha",14,"Phuentsholing","Gewog","Village block",NA," "
15,27,"BTN","Bhutan",2,"Chhukha",15,"Samphelling","Gewog","Village block",NA,"Bhalujhora"
16,27,"BTN","Bhutan",3,"Dagana",16,"Deorali","Gewog","Village block",NA," "
17,27,"BTN","Bhutan",3,"Dagana",17,"Dorona","Gewog","Village block",NA," "
18,27,"BTN","Bhutan",3,"Dagana",18,"Drugyelgang","Gewog","Village block",NA,"Drujegang"
19,27,"BTN","Bhutan",3,"Dagana",19,"Gesarling","Gewog","Village block",NA," "
20,27,"BTN","Bhutan",3,"Dagana",20,"Gozhi","Gewog","Village block",NA," "
21,27,"BTN","Bhutan",3,"Dagana",21,"Kalidzingkha","Gewog","Village block",NA,"Kana"
22,27,"BTN","Bhutan",3,"Dagana",22,"Khipisa","Gewog","Village block",NA,"Khebisa
"
23,27,"BTN","Bhutan",3,"Dagana",23,"Lajab","Gewog","Village block",NA," "
24,27,"BTN","Bhutan",3,"Dagana",24,"Lhamoizingkha","Gewog","Village block",NA," "
25,27,"BTN","Bhutan",3,"Dagana",25,"Nichula","Gewog","Village block",NA," "
26,27,"BTN","Bhutan",3,"Dagana",26,"Trashiding","Gewog","Village block",NA,"Tashiding"
27,27,"BTN","Bhutan",3,"Dagana",27,"Tsangkha","Gewog","Village block",NA," "
28,27,"BTN","Bhutan",3,"Dagana",28,"Tsendagang","Gewog","Village block",NA," "
29,27,"BTN","Bhutan",3,"Dagana",29,"Tseza","Gewog","Village block",NA,"Tsheza"
30,27,"BTN","Bhutan",4,"Gasa",30,"Goenkhame","Gewog","Village block",NA,"Khamey"
31,27,"BTN","Bhutan",4,"Gasa",31,"Goenkhatoe","Gewog","Village block",NA,"Khatoe"
32,27,"BTN","Bhutan",4,"Gasa",32,"Laya","Gewog","Village block",NA," "
33,27,"BTN","Bhutan",4,"Gasa",33,"Lunana","Gewog","Village block",NA," "
34,27,"BTN","Bhutan",5,"Haa",34,"Bji","Gewog","Village block",NA,"Bjee"
35,27,"BTN","Bhutan",5,"Haa",35,"Gakiling","Gewog","Village block",NA," "
36,27,"BTN","Bhutan",5,"Haa",36,"Katsho","Gewog","Village block",NA," "
37,27,"BTN","Bhutan",5,"Haa",37,"Sama","Gewog","Village block",NA,"Samar"
38,27,"BTN","Bhutan",5,"Haa",38,"Sombey","Gewog","Village block",NA,"Sombaykha"
39,27,"BTN","Bhutan",5,"Haa",39,"Uesu","Gewog","Village block",NA,"Eusu"
40,27,"BTN","Bhutan",6,"Lhuentse",40,"Gangzur","Gewog","Village block",NA," "
41,27,"BTN","Bhutan",6,"Lhuentse",41,"Jaray","Gewog","Village block",NA,"Jarey"
42,27,"BTN","Bhutan",6,"Lhuentse",42,"Khoma","Gewog","Village block",NA," "
43,27,"BTN","Bhutan",6,"Lhuentse",43,"Kurtoe","Gewog","Village block",NA," "
44,27,"BTN","Bhutan",6,"Lhuentse",44,"Menbi","Gewog","Village block",NA," "
45,27,"BTN","Bhutan",6,"Lhuentse",45,"Metsho","Gewog","Village block",NA," "
46,27,"BTN","Bhutan",6,"Lhuentse",46,"Minjay","Gewog","Village block",NA,"Menji"
47,27,"BTN","Bhutan",6,"Lhuentse",47,"Tsenkhar","Gewog","Village block",NA,"Tsengkhar"
48,27,"BTN","Bhutan",7,"Monggar",48,"Balam","Gewog","Village block",NA," "
49,27,"BTN","Bhutan",7,"Monggar",49,"Chaskhar","Gewog","Village block",NA," "
50,27,"BTN","Bhutan",7,"Monggar",50,"Chhali","Gewog","Village block",NA,"Chali
"
51,27,"BTN","Bhutan",7,"Monggar",51,"Drametse","Gewog","Village block",NA,"Dramitse"
52,27,"BTN","Bhutan",7,"Monggar",52,"Drepung","Gewog","Village block",NA,"Drepong"
53,27,"BTN","Bhutan",7,"Monggar",53,"Gongdue","Gewog","Village block",NA," "
54,27,"BTN","Bhutan",7,"Monggar",54,"Jurmey","Gewog","Village block",NA," "
55,27,"BTN","Bhutan",7,"Monggar",55,"Kengkhar","Gewog","Village block",NA,"Khengkhar"
56,27,"BTN","Bhutan",7,"Monggar",56,"Mongar","Gewog","Village block",NA,"Monggar"
57,27,"BTN","Bhutan",7,"Monggar",57,"Narang","Gewog","Village block",NA,"Chaskhar"
58,27,"BTN","Bhutan",7,"Monggar",58,"Ngatshang","Gewog","Village block",NA," "
59,27,"BTN","Bhutan",7,"Monggar",59,"Saleng","Gewog","Village block",NA,"Saling
"
60,27,"BTN","Bhutan",7,"Monggar",60,"Shermung","Gewog","Village block",NA,"Sherimung"
61,27,"BTN","Bhutan",7,"Monggar",61,"Silambi","Gewog","Village block",NA," "
62,27,"BTN","Bhutan",7,"Monggar",62,"Thangrong","Gewog","Village block",NA," "
63,27,"BTN","Bhutan",7,"Monggar",63,"Tsakaling","Gewog","Village block",NA," "
64,27,"BTN","Bhutan",7,"Monggar",64,"Tsamang","Gewog","Village block",NA," "
65,27,"BTN","Bhutan",8,"Paro",65,"Doga","Gewog","Village block",NA,"Dogar"
66,27,"BTN","Bhutan",8,"Paro",66,"Dopshari","Gewog","Village block",NA,"Shari"
67,27,"BTN","Bhutan",8,"Paro",67,"Doteng","Gewog","Village block",NA," "
68,27,"BTN","Bhutan",8,"Paro",68,"Hungrel","Gewog","Village block",NA," "
69,27,"BTN","Bhutan",8,"Paro",69,"Lamgong","Gewog","Village block",NA,"Lango"
70,27,"BTN","Bhutan",8,"Paro",70,"Lungnyi","Gewog","Village block",NA,"Lungney"
71,27,"BTN","Bhutan",8,"Paro",71,"Naja","Gewog","Village block",NA," "
72,27,"BTN","Bhutan",8,"Paro",72,"Shapa","Gewog","Village block",NA,"Shaba"
73,27,"BTN","Bhutan",8,"Paro",73,"Tsento","Gewog","Village block",NA," "
74,27,"BTN","Bhutan",8,"Paro",74,"Wangchang","Gewog","Village block",NA," "
75,27,"BTN","Bhutan",9,"Pemagatshel",75,"Chhimung","Gewog","Village block",NA,"Chimong"
76,27,"BTN","Bhutan",9,"Pemagatshel",76,"Chokhorling","Gewog","Village block",NA,"Chongshing"
77,27,"BTN","Bhutan",9,"Pemagatshel",77,"Chongshing","Gewog","Village block",NA," "
78,27,"BTN","Bhutan",9,"Pemagatshel",78,"Dechhenling","Gewog","Village block",NA,"Dechheling"
79,27,"BTN","Bhutan",9,"Pemagatshel",79,"Dungmin","Gewog","Village block",NA," "
80,27,"BTN","Bhutan",9,"Pemagatshel",80,"Khar","Gewog","Village block",NA," "
81,27,"BTN","Bhutan",9,"Pemagatshel",81,"Nanong","Gewog","Village block",NA," "
82,27,"BTN","Bhutan",9,"Pemagatshel",82,"Norbugang","Gewog","Village block",NA," "
83,27,"BTN","Bhutan",9,"Pemagatshel",83,"Shumer","Gewog","Village block",NA,"Shumar"
84,27,"BTN","Bhutan",9,"Pemagatshel",84,"Yurung","Gewog","Village block",NA," "
85,27,"BTN","Bhutan",9,"Pemagatshel",85,"Zobel","Gewog","Village block",NA," "
86,27,"BTN","Bhutan",10,"Punakha",86,"Bapisa","Gewog","Village block",NA,"BT.TM.BP"
87,27,"BTN","Bhutan",10,"Punakha",87,"Chhubu","Gewog","Village block",NA,"Chuba"
88,27,"BTN","Bhutan",10,"Punakha",88,"Dzoma","Gewog","Village block",NA,"Dzomi"
89,27,"BTN","Bhutan",10,"Punakha",89,"Goenshari","Gewog","Village block",NA,"Geonshari"
90,27,"BTN","Bhutan",10,"Punakha",90,"Guma","Gewog","Village block",NA," "
91,27,"BTN","Bhutan",10,"Punakha",91,"Kabjisa","Gewog","Village block",NA,"Kabji"
92,27,"BTN","Bhutan",10,"Punakha",92,"Lingmukha","Gewog","Village block",NA,"Limbu"
93,27,"BTN","Bhutan",10,"Punakha",93,"Shengabjimi","Gewog","Village block",NA,"Shenga Bjemi"
94,27,"BTN","Bhutan",10,"Punakha",94,"Talo","Gewog","Village block",NA," "
95,27,"BTN","Bhutan",10,"Punakha",95,"Toepisa","Gewog","Village block",NA,"Toep"
96,27,"BTN","Bhutan",10,"Punakha",96,"Toewang","Gewog","Village block",NA," "
97,27,"BTN","Bhutan",11,"Samdrupjongkhar",97,"Dewathang","Gewog","Village block",NA," "
98,27,"BTN","Bhutan",11,"Samdrupjongkhar",98,"Gomdar","Gewog","Village block",NA,"Gomdhar"
99,27,"BTN","Bhutan",11,"Samdrupjongkhar",99,"Jangchhubling","Gewog","Village block",NA," "
100,27,"BTN","Bhutan",11,"Samdrupjongkhar",100,"Langchhenphu","Gewog","Village block",NA,"Langchenphu"
101,27,"BTN","Bhutan",11,"Samdrupjongkhar",101,"Lauri","Gewog","Village block",NA," "
102,27,"BTN","Bhutan",11,"Samdrupjongkhar",102,"Martshala","Gewog","Village block",NA," "
103,27,"BTN","Bhutan",11,"Samdrupjongkhar",103,"Pemathang","Gewog","Village block",NA," "
104,27,"BTN","Bhutan",11,"Samdrupjongkhar",104,"Phuntsthothang","Gewog","Village block",NA,"Phuentshothang"
105,27,"BTN","Bhutan",11,"Samdrupjongkhar",105,"Samrang","Gewog","Village block",NA," "
106,27,"BTN","Bhutan",11,"Samdrupjongkhar",106,"Serthig","Gewog","Village block",NA,"Serthi"
107,27,"BTN","Bhutan",11,"Samdrupjongkhar",107,"Wangphu","Gewog","Village block",NA," "
108,27,"BTN","Bhutan",12,"Samtse",108,"Bara","Gewog","Village block",NA," "
109,27,"BTN","Bhutan",12,"Samtse",109,"Biru","Gewog","Village block",NA," "
110,27,"BTN","Bhutan",12,"Samtse",110,"Chargharay","Gewog","Village block",NA,"Charghary"
111,27,"BTN","Bhutan",12,"Samtse",111,"Chengmari","Gewog","Village block",NA," "
112,27,"BTN","Bhutan",12,"Samtse",112,"Denchhukha","Gewog","Village block",NA,"Denchukha"
113,27,"BTN","Bhutan",12,"Samtse",113,"Dorokha","Gewog","Village block",NA," "
114,27,"BTN","Bhutan",12,"Samtse",114,"Dungtoe","Gewog","Village block",NA,"Dumtoe"
115,27,"BTN","Bhutan",12,"Samtse",115,"Namgyel Chhoeling","Gewog","Village block",NA,"Lahereni"
116,27,"BTN","Bhutan",12,"Samtse",116,"Pagli","Gewog","Village block",NA,"Pugli"
117,27,"BTN","Bhutan",12,"Samtse",117,"Samtse","Gewog","Village block",NA," "
118,27,"BTN","Bhutan",12,"Samtse",118,"Sipsu","Gewog","Village block",NA," "
119,27,"BTN","Bhutan",12,"Samtse",119,"Tading","Gewog","Village block",NA," "
120,27,"BTN","Bhutan",12,"Samtse",120,"Tendu","Gewog","Village block",NA," "
121,27,"BTN","Bhutan",12,"Samtse",121,"Ugentse","Gewog","Village block",NA,"Ghumaunay"
122,27,"BTN","Bhutan",12,"Samtse",122,"Yoeseltse","Gewog","Village block",NA,"Nainital"
123,27,"BTN","Bhutan",13,"Sarpang",123,"Bhur","Gewog","Village block",NA," "
124,27,"BTN","Bhutan",13,"Sarpang",124,"Chhuzagang","Gewog","Village block",NA,"Chuzargang"
125,27,"BTN","Bhutan",13,"Sarpang",125,"Dekiling","Gewog","Village block",NA," "
126,27,"BTN","Bhutan",13,"Sarpang",126,"Doban","Gewog","Village block",NA,"Dovan"
127,27,"BTN","Bhutan",13,"Sarpang",127,"Gelephu","Gewog","Village block",NA," "
128,27,"BTN","Bhutan",13,"Sarpang",128,"Hiley","Gewog","Village block",NA,"Hilley"
129,27,"BTN","Bhutan",13,"Sarpang",129,"Jigmichhoeling","Gewog","Village block",NA,"Jigmechoeling"
130,27,"BTN","Bhutan",13,"Sarpang",130,"Senge","Gewog","Village block",NA,"Singhi"
131,27,"BTN","Bhutan",13,"Sarpang",131,"Sherzhong","Gewog","Village block",NA,"Sershong"
132,27,"BTN","Bhutan",13,"Sarpang",132,"Shompangkha","Gewog","Village block",NA," "
133,27,"BTN","Bhutan",13,"Sarpang",133,"Taklai","Gewog","Village block",NA," "
134,27,"BTN","Bhutan",13,"Sarpang",134,"Umling","Gewog","Village block",NA," "
135,27,"BTN","Bhutan",14,"Thimphu",135,"Chang","Gewog","Village block",NA," "
136,27,"BTN","Bhutan",14,"Thimphu",136,"Dagala","Gewog","Village block",NA," "
137,27,"BTN","Bhutan",14,"Thimphu",137,"Genye","Gewog","Village block",NA,"Geney"
138,27,"BTN","Bhutan",14,"Thimphu",138,"Kawang","Gewog","Village block",NA," "
139,27,"BTN","Bhutan",14,"Thimphu",139,"Lingzhi","Gewog","Village block",NA," "
140,27,"BTN","Bhutan",14,"Thimphu",140,"Mewang","Gewog","Village block",NA," "
141,27,"BTN","Bhutan",14,"Thimphu",141,"Naro","Gewog","Village block",NA," "
142,27,"BTN","Bhutan",14,"Thimphu",142,"Soe","Gewog","Village block",NA," "
143,27,"BTN","Bhutan",15,"Trashigang",143,"Bartsham","Gewog","Village block",NA,"Bartsam"
144,27,"BTN","Bhutan",15,"Trashigang",144,"Bidung","Gewog","Village block",NA," "
145,27,"BTN","Bhutan",15,"Trashigang",145,"Kanglung","Gewog","Village block",NA," "
146,27,"BTN","Bhutan",15,"Trashigang",146,"Kangpara","Gewog","Village block",NA," "
147,27,"BTN","Bhutan",15,"Trashigang",147,"Khaling","Gewog","Village block",NA," "
148,27,"BTN","Bhutan",15,"Trashigang",148,"Lumang","Gewog","Village block",NA," "
149,27,"BTN","Bhutan",15,"Trashigang",149,"Merak","Gewog","Village block",NA," "
150,27,"BTN","Bhutan",15,"Trashigang",150,"Phongme","Gewog","Village block",NA,"Phongmey"
151,27,"BTN","Bhutan",15,"Trashigang",151,"Radi","Gewog","Village block",NA,"Radhi"
152,27,"BTN","Bhutan",15,"Trashigang",152,"Sakteng","Gewog","Village block",NA," "
153,27,"BTN","Bhutan",15,"Trashigang",153,"Samkhar","Gewog","Village block",NA," "
154,27,"BTN","Bhutan",15,"Trashigang",154,"Shongphu","Gewog","Village block",NA," "
155,27,"BTN","Bhutan",15,"Trashigang",155,"Thrimshing","Gewog","Village block",NA," "
156,27,"BTN","Bhutan",15,"Trashigang",156,"Udzorong","Gewog","Village block",NA,"Uzorong"
157,27,"BTN","Bhutan",15,"Trashigang",157,"Yangnyer","Gewog","Village block",NA," "
158,27,"BTN","Bhutan",16,"Trongsa",158,"Dragteng","Gewog","Village block",NA,"Drakteng"
159,27,"BTN","Bhutan",16,"Trongsa",159,"Korphu","Gewog","Village block",NA," "
160,27,"BTN","Bhutan",16,"Trongsa",160,"Langthil","Gewog","Village block",NA,"Langthel"
161,27,"BTN","Bhutan",16,"Trongsa",161,"Nubi","Gewog","Village block",NA," "
162,27,"BTN","Bhutan",16,"Trongsa",162,"Tangsibji","Gewog","Village block",NA," "
163,27,"BTN","Bhutan",17,"Tsirang",163,"Barzhong","Gewog","Village block",NA,"Barshong"
164,27,"BTN","Bhutan",17,"Tsirang",164,"Beteni","Gewog","Village block",NA," "
165,27,"BTN","Bhutan",17,"Tsirang",165,"Dunglegang","Gewog","Village block",NA,"Dunglagang"
166,27,"BTN","Bhutan",17,"Tsirang",166,"Gosarling","Gewog","Village block",NA," "
167,27,"BTN","Bhutan",17,"Tsirang",167,"Kikorthang","Gewog","Village block",NA,"Kikhorthang"
168,27,"BTN","Bhutan",17,"Tsirang",168,"Mendrelgang","Gewog","Village block",NA," "
169,27,"BTN","Bhutan",17,"Tsirang",169,"Patakla","Gewog","Village block",NA,"Patala"
170,27,"BTN","Bhutan",17,"Tsirang",170,"Phuentenchhu","Gewog","Village block",NA,"Phuntenchu"
171,27,"BTN","Bhutan",17,"Tsirang",171,"Rangthangling","Gewog","Village block",NA," "
172,27,"BTN","Bhutan",17,"Tsirang",172,"Shemjong","Gewog","Village block",NA,"Semjong"
173,27,"BTN","Bhutan",17,"Tsirang",173,"Tsholingkhor","Gewog","Village block",NA,"Tsholingkhar"
174,27,"BTN","Bhutan",17,"Tsirang",174,"Tsirangtoe","Gewog","Village block",NA," "
175,27,"BTN","Bhutan",18,"Wangduephodrang",175,"Athang","Gewog","Village block",NA," "
176,27,"BTN","Bhutan",18,"Wangduephodrang",176,"Bjena","Gewog","Village block",NA," "
177,27,"BTN","Bhutan",18,"Wangduephodrang",177,"Daga","Gewog","Village block",NA," "
178,27,"BTN","Bhutan",18,"Wangduephodrang",178,"Dangchhu","Gewog","Village block",NA,"Dangchu"
179,27,"BTN","Bhutan",18,"Wangduephodrang",179,"Gangte","Gewog","Village block",NA,"Gangtey"
180,27,"BTN","Bhutan",18,"Wangduephodrang",180,"Gasetsho Gom","Gewog","Village block",NA," "
181,27,"BTN","Bhutan",18,"Wangduephodrang",181,"Gasetsho Om","Gewog","Village block",NA,"Gasetsho Wom"
182,27,"BTN","Bhutan",18,"Wangduephodrang",182,"Kazhi","Gewog","Village block",NA," "
183,27,"BTN","Bhutan",18,"Wangduephodrang",183,"Nahi","Gewog","Village block",NA," "
184,27,"BTN","Bhutan",18,"Wangduephodrang",184,"Nyisho","Gewog","Village block",NA,"Nysho"
185,27,"BTN","Bhutan",18,"Wangduephodrang",185,"Phangyuel","Gewog","Village block",NA,"Phangyul"
186,27,"BTN","Bhutan",18,"Wangduephodrang",186,"Phobji","Gewog","Village block",NA," "
187,27,"BTN","Bhutan",18,"Wangduephodrang",187,"Ruepisa","Gewog","Village block",NA,"Ruebisa"
188,27,"BTN","Bhutan",18,"Wangduephodrang",188,"Sephu","Gewog","Village block",NA," "
189,27,"BTN","Bhutan",18,"Wangduephodrang",189,"Thedtsho","Gewog","Village block",NA," "
190,27,"BTN","Bhutan",19,"Yangtse",190,"Bumdeling","Gewog","Village block",NA," "
191,27,"BTN","Bhutan",19,"Yangtse",191,"Jamkhar","Gewog","Village block",NA," "
192,27,"BTN","Bhutan",19,"Yangtse",192,"Khamdang","Gewog","Village block",NA," "
193,27,"BTN","Bhutan",19,"Yangtse",193,"Ramjar","Gewog","Village block",NA," "
194,27,"BTN","Bhutan",19,"Yangtse",194,"Toetsho","Gewog","Village block",NA,"Thetsho"
195,27,"BTN","Bhutan",19,"Yangtse",195,"Tomzhangtshen","Gewog","Village block",NA,"Tongzhang"
196,27,"BTN","Bhutan",19,"Yangtse",196,"Trashiyangtse","Gewog","Village block",NA,"Yangtse"
197,27,"BTN","Bhutan",19,"Yangtse",197,"Yalang","Gewog","Village block",NA," "
198,27,"BTN","Bhutan",20,"Zhemgang",198,"Bardo","Gewog","Village block",NA," "
199,27,"BTN","Bhutan",20,"Zhemgang",199,"Bjoka","Gewog","Village block",NA," "
200,27,"BTN","Bhutan",20,"Zhemgang",200,"Gozhing","Gewog","Village block",NA,"Goshing"
201,27,"BTN","Bhutan",20,"Zhemgang",201,"Nangkor","Gewog","Village block",NA," "
202,27,"BTN","Bhutan",20,"Zhemgang",202,"Ngangla","Gewog","Village block",NA," "
203,27,"BTN","Bhutan",20,"Zhemgang",203,"Pangkhar","Gewog","Village block",NA,"Phangkhar"
204,27,"BTN","Bhutan",20,"Zhemgang",204,"Shingkhar","Gewog","Village block",NA," "
205,27,"BTN","Bhutan",20,"Zhemgang",205,"Trong","Gewog","Village block",NA," "
