"OBJECTID","ID_0","ISO","NAME_0","ID_1","NAME_1","TYPE_1","ENGTYPE_1","NL_NAME_1","VARNAME_1"
1,236,"TKM","Turkmenistan",1,"Asgabat","Ashkhabad","Independent city",NA,"Ashgabat"
2,236,"TKM","Turkmenistan",2,"Ahal","Welayat|Velayat","Province",NA,"Akhal|Ashkhabad|Ashkhabadskaya Oblast"
3,236,"TKM","Turkmenistan",3,"Balkan","Welayat|Velayat","Province",NA,"Krasnovodsk, Krasnovodskaya Oblast"
4,236,"TKM","Turkmenistan",4,"Chardzhou","Welayat|Velayat","Province",NA,"Lebap|Chardzhouskaya Oblast"
5,236,"TKM","Turkmenistan",5,"Mary","Welayat|Velayat","Province",NA,"Maruy|Marysk|Maryyskaya Oblast"
6,236,"TKM","Turkmenistan",6,"Tashauz","Welayat|Velayat","Province",NA,"Dashoguz|Dashhowuz|Dashkhovuz|Tashauzskaya Oblast"
