"OBJECTID","ID_0","ISO","NAME_0","ID_1","NAME_1","ID_2","NAME_2","ID_3","NAME_3","TYPE_3","ENGTYPE_3","NL_NAME_3","VARNAME_3"
1,214,"SSD","South Sudan",1,"Central Equatoria",1,"Bahr al Jabal",1,"Juba","Unknown","Unknown",NA,NA
2,214,"SSD","South Sudan",1,"Central Equatoria",2,"Kajo Kaii",2,"Kajikaji","Unknown","Unknown",NA,NA
3,214,"SSD","South Sudan",1,"Central Equatoria",3,"Nahr Yei",3,"Yei","Unknown","Unknown",NA,NA
4,214,"SSD","South Sudan",1,"Central Equatoria",4,"Terkaka",4,"Treikaka","Unknown","Unknown",NA,NA
5,214,"SSD","South Sudan",2,"Eastern Equatoria",5,"Amatonge",5,"Akotous","Unknown","Unknown",NA,NA
6,214,"SSD","South Sudan",2,"Eastern Equatoria",5,"Amatonge",6,"Toreit","Unknown","Unknown",NA,NA
7,214,"SSD","South Sudan",2,"Eastern Equatoria",6,"Kapoeta",7,"Kaboyta","Unknown","Unknown",NA,NA
8,214,"SSD","South Sudan",2,"Eastern Equatoria",7,"Magwi",8,"Magoy","Unknown","Unknown",NA,NA
9,214,"SSD","South Sudan",2,"Eastern Equatoria",8,"Shokodom",9,"Shokodam","Unknown","Unknown",NA,NA
10,214,"SSD","South Sudan",3,"Jungoli",9,"Akobo",10,"Kongur","Unknown","Unknown",NA,NA
11,214,"SSD","South Sudan",3,"Jungoli",10,"Ayod",11,"Aeiud","Unknown","Unknown",NA,NA
12,214,"SSD","South Sudan",3,"Jungoli",11,"Bor",12,"Bor","Unknown","Unknown",NA,NA
13,214,"SSD","South Sudan",3,"Jungoli",12,"Fam al Zaraf",13,"Fenjak","Unknown","Unknown",NA,NA
14,214,"SSD","South Sudan",3,"Jungoli",13,"Nahr Atiem",14,"Akoba","Unknown","Unknown",NA,NA
15,214,"SSD","South Sudan",3,"Jungoli",14,"Pibor",15,"Bashola","Unknown","Unknown",NA,NA
16,214,"SSD","South Sudan",3,"Jungoli",14,"Pibor",16,"Bybor","Unknown","Unknown",NA,NA
17,214,"SSD","South Sudan",3,"Jungoli",15,"Wat",17,"Wat","Unknown","Unknown",NA,NA
18,214,"SSD","South Sudan",4,"Lakes",16,"Aliab",18,"Oeiryal","Unknown","Unknown",NA,NA
19,214,"SSD","South Sudan",4,"Lakes",17,"Rumbek",19,"Rumbeik","Unknown","Unknown",NA,NA
20,214,"SSD","South Sudan",4,"Lakes",18,"Shobet",20,"Shaweit","Unknown","Unknown",NA,NA
21,214,"SSD","South Sudan",4,"Lakes",19,"Yerol",21,"Yerol","Unknown","Unknown",NA,NA
22,214,"SSD","South Sudan",5,"North Bahr-al-Ghazal",20,"Aryat",22,"Odeth","Unknown","Unknown",NA,NA
23,214,"SSD","South Sudan",5,"North Bahr-al-Ghazal",21,"Aweil",23,"Aweil","Unknown","Unknown",NA,NA
24,214,"SSD","South Sudan",5,"North Bahr-al-Ghazal",22,"Nahr Lol",24,"Rurali","Unknown","Unknown",NA,NA
25,214,"SSD","South Sudan",5,"North Bahr-al-Ghazal",23,"Wanjuk",25,"Wanjak","Unknown","Unknown",NA,NA
26,214,"SSD","South Sudan",6,"Unity",24,"Al Leiri",26,"El Leiri","Unknown","Unknown",NA,NA
27,214,"SSD","South Sudan",6,"Unity",25,"Al Mayom",27,"El Meidom","Unknown","Unknown",NA,NA
28,214,"SSD","South Sudan",6,"Unity",26,"Faring",28,"Unknown_1","Unknown","Unknown",NA,NA
29,214,"SSD","South Sudan",6,"Unity",27,"Rabkona",29,"Bentiu","Unknown","Unknown",NA,NA
30,214,"SSD","South Sudan",7,"Upper Nile",28,"Al Mabien",30,"Mabein","Unknown","Unknown",NA,NA
31,214,"SSD","South Sudan",7,"Upper Nile",29,"Al Renk",31,"Rank","Unknown","Unknown",NA,NA
32,214,"SSD","South Sudan",7,"Upper Nile",30,"Baleit",32,"Baleit","Unknown","Unknown",NA,NA
33,214,"SSD","South Sudan",7,"Upper Nile",31,"Fashooda",33,"Kodok","Unknown","Unknown",NA,NA
34,214,"SSD","South Sudan",7,"Upper Nile",32,"Malut",34,"Malut","Unknown","Unknown",NA,NA
35,214,"SSD","South Sudan",7,"Upper Nile",33,"Mayot",35,"Mayot","Unknown","Unknown",NA,NA
36,214,"SSD","South Sudan",7,"Upper Nile",34,"Sobat",36,"Naser","Unknown","Unknown",NA,NA
37,214,"SSD","South Sudan",7,"Upper Nile",35,"Tonga",37,"Malakal","Unknown","Unknown",NA,NA
38,214,"SSD","South Sudan",8,"Warap",36,"Gogrial",38,"Gogiryal","Unknown","Unknown",NA,NA
39,214,"SSD","South Sudan",8,"Warap",37,"Malek",39,"Unknown_2","Unknown","Unknown",NA,NA
40,214,"SSD","South Sudan",8,"Warap",38,"Tonj",40,"Teite","Unknown","Unknown",NA,NA
41,214,"SSD","South Sudan",8,"Warap",39,"Warab",41,"Warab","Unknown","Unknown",NA,NA
42,214,"SSD","South Sudan",9,"West Bahr-al-Ghazal",40,"Raja",42,"Raga","Unknown","Unknown",NA,NA
43,214,"SSD","South Sudan",9,"West Bahr-al-Ghazal",41,"Wau",43,"Wau","Unknown","Unknown",NA,NA
44,214,"SSD","South Sudan",10,"West Equatoria",42,"Meridi",44,"Eiba","Unknown","Unknown",NA,NA
45,214,"SSD","South Sudan",10,"West Equatoria",42,"Meridi",45,"Mareidi","Unknown","Unknown",NA,NA
46,214,"SSD","South Sudan",10,"West Equatoria",43,"Mundri",46,"Mendry","Unknown","Unknown",NA,NA
47,214,"SSD","South Sudan",10,"West Equatoria",44,"Tombura",47,"Ezura","Unknown","Unknown",NA,NA
48,214,"SSD","South Sudan",10,"West Equatoria",44,"Tombura",48,"Tombura","Unknown","Unknown",NA,NA
49,214,"SSD","South Sudan",10,"West Equatoria",45,"Yambio",49,"Yambio","Unknown","Unknown",NA,NA
