"OBJECTID","ID_0","ISO","NAME_0","ID_1","NAME_1","ID_2","NAME_2","TYPE_2","ENGTYPE_2","NL_NAME_2","VARNAME_2"
1,214,"SSD","South Sudan",1,"Central Equatoria",1,"Bahr al Jabal","District","District",NA,NA
2,214,"SSD","South Sudan",1,"Central Equatoria",2,"Kajo Kaii","District","District",NA,NA
3,214,"SSD","South Sudan",1,"Central Equatoria",3,"Nahr Yei","District","District",NA,NA
4,214,"SSD","South Sudan",1,"Central Equatoria",4,"Terkaka","District","District",NA,NA
5,214,"SSD","South Sudan",2,"Eastern Equatoria",5,"Amatonge","District","District",NA,NA
6,214,"SSD","South Sudan",2,"Eastern Equatoria",6,"Kapoeta","District","District",NA,NA
7,214,"SSD","South Sudan",2,"Eastern Equatoria",7,"Magwi","District","District",NA,NA
8,214,"SSD","South Sudan",2,"Eastern Equatoria",8,"Shokodom","District","District",NA,NA
9,214,"SSD","South Sudan",3,"Jungoli",9,"Akobo","District","District",NA,NA
10,214,"SSD","South Sudan",3,"Jungoli",10,"Ayod","District","District",NA,NA
11,214,"SSD","South Sudan",3,"Jungoli",11,"Bor","District","District",NA,NA
12,214,"SSD","South Sudan",3,"Jungoli",12,"Fam al Zaraf","District","District",NA,NA
13,214,"SSD","South Sudan",3,"Jungoli",13,"Nahr Atiem","District","District",NA,NA
14,214,"SSD","South Sudan",3,"Jungoli",14,"Pibor","District","District",NA,NA
15,214,"SSD","South Sudan",3,"Jungoli",15,"Wat","District","District",NA,NA
16,214,"SSD","South Sudan",4,"Lakes",16,"Aliab","District","District",NA,NA
17,214,"SSD","South Sudan",4,"Lakes",17,"Rumbek","District","District",NA,NA
18,214,"SSD","South Sudan",4,"Lakes",18,"Shobet","District","District",NA,NA
19,214,"SSD","South Sudan",4,"Lakes",19,"Yerol","District","District",NA,NA
20,214,"SSD","South Sudan",5,"North Bahr-al-Ghazal",20,"Aryat","District","District",NA,NA
21,214,"SSD","South Sudan",5,"North Bahr-al-Ghazal",21,"Aweil","District","District",NA,NA
22,214,"SSD","South Sudan",5,"North Bahr-al-Ghazal",22,"Nahr Lol","District","District",NA,NA
23,214,"SSD","South Sudan",5,"North Bahr-al-Ghazal",23,"Wanjuk","District","District",NA,NA
24,214,"SSD","South Sudan",6,"Unity",24,"Al Leiri","District","District",NA,NA
25,214,"SSD","South Sudan",6,"Unity",25,"Al Mayom","District","District",NA,NA
26,214,"SSD","South Sudan",6,"Unity",26,"Faring","District","District",NA,NA
27,214,"SSD","South Sudan",6,"Unity",27,"Rabkona","District","District",NA,NA
28,214,"SSD","South Sudan",7,"Upper Nile",28,"Al Mabien","District","District",NA,NA
29,214,"SSD","South Sudan",7,"Upper Nile",29,"Al Renk","District","District",NA,NA
30,214,"SSD","South Sudan",7,"Upper Nile",30,"Baleit","District","District",NA,NA
31,214,"SSD","South Sudan",7,"Upper Nile",31,"Fashooda","District","District",NA,NA
32,214,"SSD","South Sudan",7,"Upper Nile",32,"Malut","District","District",NA,NA
33,214,"SSD","South Sudan",7,"Upper Nile",33,"Mayot","District","District",NA,NA
34,214,"SSD","South Sudan",7,"Upper Nile",34,"Sobat","District","District",NA,NA
35,214,"SSD","South Sudan",7,"Upper Nile",35,"Tonga","District","District",NA,NA
36,214,"SSD","South Sudan",8,"Warap",36,"Gogrial","District","District",NA,NA
37,214,"SSD","South Sudan",8,"Warap",37,"Malek","District","District",NA,NA
38,214,"SSD","South Sudan",8,"Warap",38,"Tonj","District","District",NA,NA
39,214,"SSD","South Sudan",8,"Warap",39,"Warab","District","District",NA,NA
40,214,"SSD","South Sudan",9,"West Bahr-al-Ghazal",40,"Raja","District","District",NA,NA
41,214,"SSD","South Sudan",9,"West Bahr-al-Ghazal",41,"Wau","District","District",NA,NA
42,214,"SSD","South Sudan",10,"West Equatoria",42,"Meridi","District","District",NA,NA
43,214,"SSD","South Sudan",10,"West Equatoria",43,"Mundri","District","District",NA,NA
44,214,"SSD","South Sudan",10,"West Equatoria",44,"Tombura","District","District",NA,NA
45,214,"SSD","South Sudan",10,"West Equatoria",45,"Yambio","District","District",NA,NA
