"OBJECTID","ID_0","ISO","NAME_0","ID_1","NAME_1","TYPE_1","ENGTYPE_1","NL_NAME_1","VARNAME_1"
1,214,"SSD","South Sudan",1,"Central Equatoria","Wilayat","State",NA,"Bahr el Gabel| Bahr-al-Jabal"
2,214,"SSD","South Sudan",2,"Eastern Equatoria","Wilayat","State",NA,"Al Istiwa'iyah ash Sharqiyah| Sharq al Istiwa'iyah| Équatoria oriental"
3,214,"SSD","South Sudan",3,"Jungoli","Wilayat","State",NA,"Jonglei| Jonglie| Jonqley| Junglei| Junqali| Jongley"
4,214,"SSD","South Sudan",4,"Lakes","Wilayat","State",NA,NA
5,214,"SSD","South Sudan",5,"North Bahr-al-Ghazal","Wilayat","State",NA,"North Bahr-al-Gazal| North Bahr el Ghazal| Shamal Bahr al Ghazal"
6,214,"SSD","South Sudan",6,"Unity","Wilayat","State",NA,"Al-Wahdah| Wahda"
7,214,"SSD","South Sudan",7,"Upper Nile","Wilayat","State",NA,"Upper Nile|Sobat|a`Ali an Nil|Nil supérieur"
8,214,"SSD","South Sudan",8,"Warap","Wilayat","State",NA,"Warab|Warrab"
9,214,"SSD","South Sudan",9,"West Bahr-al-Ghazal","Wilayat","State",NA,"Bahr al-Ghazal al Gharbiyah|Gharb Bahr al-Ghazal |Bahr el-Ghazal occidental| Western Bahr el Ghazal"
10,214,"SSD","South Sudan",10,"West Equatoria","Wilayat","State",NA,"Al Istiwa'iyah al Gharbiyah|Gharb al Istiwa'iyah| Équatoria occidental"
