"OBJECTID","ID_0","ISO","NAME_0","ID_1","NAME_1","TYPE_1","ENGTYPE_1","NL_NAME_1","VARNAME_1"
1,233,"TTO","Trinidad and Tobago",1,"Arima","Borough","Borough"," ",NA
2,233,"TTO","Trinidad and Tobago",2,"Chaguanas","Borough","Borough"," "," "
3,233,"TTO","Trinidad and Tobago",3,"Couva-Tabaquite-Talparo","Region","Region"," ","Couva"
4,233,"TTO","Trinidad and Tobago",4,"Diego Martin","Region","Region"," ","Petit Valley"
5,233,"TTO","Trinidad and Tobago",5,"Mayaro/Rio Claro","Region","Region"," ","Mayaro|Rio Claro"
6,233,"TTO","Trinidad and Tobago",6,"Penal-Debe","Region","Region"," ","Penal"
7,233,"TTO","Trinidad and Tobago",7,"Point Fortin","Borough","Borough"," "," "
8,233,"TTO","Trinidad and Tobago",8,"Port of Spain","City","City"," ","Port-of-Spain"
9,233,"TTO","Trinidad and Tobago",9,"Princes Town","Region","Region"," "," "
10,233,"TTO","Trinidad and Tobago",10,"San Fernando","City","City"," "," "
11,233,"TTO","Trinidad and Tobago",11,"San Juan-Laventille","Region","Region"," ","Laventille"
12,233,"TTO","Trinidad and Tobago",12,"Sangre Grande","Region","Region"," "," "
13,233,"TTO","Trinidad and Tobago",13,"Siparia","Region","Region"," "," "
14,233,"TTO","Trinidad and Tobago",14,"Tobago","Region","Region"," ","Tabago"
15,233,"TTO","Trinidad and Tobago",15,"Tunapuna/Piarco","Region","Region"," ","Tunapuna"
