"OBJECTID","ID_0","ISO","NAME_0","ID_1","NAME_1","TYPE_1","ENGTYPE_1","NL_NAME_1","VARNAME_1"
1,3,"ALA","Åland",1,"Brändö","Municipality","Municipality",NA,"Braendoe"
2,3,"ALA","Åland",2,"Eckerö","Municipality","Municipality",NA,"Eckeroe"
3,3,"ALA","Åland",3,"Föglö","Municipality","Municipality",NA,"Foegloe"
4,3,"ALA","Åland",4,"Finström","Municipality","Municipality",NA,"Finstroem"
5,3,"ALA","Åland",5,"Geta","Municipality","Municipality",NA,NA
6,3,"ALA","Åland",6,"Hammarland","Municipality","Municipality",NA,NA
7,3,"ALA","Åland",7,"Jomala","Municipality","Municipality",NA,NA
8,3,"ALA","Åland",8,"Kökar","Municipality","Municipality",NA,"Koekar"
9,3,"ALA","Åland",9,"Kumlinge","Municipality","Municipality",NA,NA
10,3,"ALA","Åland",10,"Lemland","Municipality","Municipality",NA,NA
11,3,"ALA","Åland",11,"Lumparland","Municipality","Municipality",NA,NA
12,3,"ALA","Åland",12,"Mariehamn","Municipality","Municipality",NA,NA
13,3,"ALA","Åland",13,"Saltvik","Municipality","Municipality",NA,NA
14,3,"ALA","Åland",14,"Sottunga","Municipality","Municipality",NA,NA
15,3,"ALA","Åland",15,"Sund","Municipality","Municipality",NA,NA
16,3,"ALA","Åland",16,"Vårdö","Municipality","Municipality",NA,"Vaardoe"
