"OBJECTID","ID_0","ISO","NAME_0","ID_1","NAME_1","TYPE_1","ENGTYPE_1","NL_NAME_1","VARNAME_1"
1,209,"SLB","Solomon Islands",1,"Central","Province","Province",NA,NA
2,209,"SLB","Solomon Islands",2,"Choiseul","Province","Province",NA,"Lauru"
3,209,"SLB","Solomon Islands",3,"Guadalcanal","Province","Province",NA,NA
4,209,"SLB","Solomon Islands",4,"Honiara","Capital Territory","Capital Territory",NA,"Capital Territory"
5,209,"SLB","Solomon Islands",5,"Isabel","Province","Province",NA,NA
6,209,"SLB","Solomon Islands",6,"Makira","Province","Province",NA,"Makira and Ulawa"
7,209,"SLB","Solomon Islands",7,"Malaita","Province","Province",NA,NA
8,209,"SLB","Solomon Islands",8,"Rennell and Bellona","Province","Province",NA,NA
9,209,"SLB","Solomon Islands",9,"Temotu","Province","Province",NA,"Eastern Islands"
10,209,"SLB","Solomon Islands",10,"Western","Province","Province",NA,NA
