"OBJECTID","ID_0","ISO","NAME_0","ID_1","NAME_1","ID_2","NAME_2","ID_3","NAME_3","TYPE_3","ENGTYPE_3","NL_NAME_3","VARNAME_3"
1,97,"GIN","Guinea",1,"Boké",1,"Boffa",1,"Boffa-Centre","Sub-prefecture","Sub-prefecture",NA,NA
2,97,"GIN","Guinea",1,"Boké",1,"Boffa",2,"Colia","Sub-prefecture","Sub-prefecture",NA,NA
3,97,"GIN","Guinea",1,"Boké",1,"Boffa",3,"Douprou","Sub-prefecture","Sub-prefecture",NA,NA
4,97,"GIN","Guinea",1,"Boké",1,"Boffa",4,"Koba-Tatema","Sub-prefecture","Sub-prefecture",NA,NA
5,97,"GIN","Guinea",1,"Boké",1,"Boffa",5,"Lisso","Sub-prefecture","Sub-prefecture",NA,NA
6,97,"GIN","Guinea",1,"Boké",1,"Boffa",6,"Mankountan","Sub-prefecture","Sub-prefecture",NA,NA
7,97,"GIN","Guinea",1,"Boké",1,"Boffa",7,"Tamita","Sub-prefecture","Sub-prefecture",NA,NA
8,97,"GIN","Guinea",1,"Boké",1,"Boffa",8,"Tougnifili","Sub-prefecture","Sub-prefecture",NA,NA
9,97,"GIN","Guinea",1,"Boké",2,"Boké",9,"Bintimodiya","Sub-prefecture","Sub-prefecture",NA,NA
10,97,"GIN","Guinea",1,"Boké",2,"Boké",10,"Boké-Centre","Sub-prefecture","Sub-prefecture",NA,NA
11,97,"GIN","Guinea",1,"Boké",2,"Boké",11,"Dabiss","Sub-prefecture","Sub-prefecture",NA,NA
12,97,"GIN","Guinea",1,"Boké",2,"Boké",12,"Kamsar","Sub-prefecture","Sub-prefecture",NA,NA
13,97,"GIN","Guinea",1,"Boké",2,"Boké",13,"Kanfarandé","Sub-prefecture","Sub-prefecture",NA,NA
14,97,"GIN","Guinea",1,"Boké",2,"Boké",14,"Kolaboui","Sub-prefecture","Sub-prefecture",NA,NA
15,97,"GIN","Guinea",1,"Boké",2,"Boké",15,"Malapouyah","Sub-prefecture","Sub-prefecture",NA,NA
16,97,"GIN","Guinea",1,"Boké",2,"Boké",16,"Sangarédi","Sub-prefecture","Sub-prefecture",NA,NA
17,97,"GIN","Guinea",1,"Boké",2,"Boké",17,"Sansalé","Sub-prefecture","Sub-prefecture",NA,NA
18,97,"GIN","Guinea",1,"Boké",2,"Boké",18,"Tanéné","Sub-prefecture","Sub-prefecture",NA,NA
19,97,"GIN","Guinea",1,"Boké",3,"Fria",19,"Baguinet","Sub-prefecture","Sub-prefecture",NA,NA
20,97,"GIN","Guinea",1,"Boké",3,"Fria",20,"Banguigny","Sub-prefecture","Sub-prefecture",NA,NA
21,97,"GIN","Guinea",1,"Boké",3,"Fria",21,"Fria-Centre","Sub-prefecture","Sub-prefecture",NA,NA
22,97,"GIN","Guinea",1,"Boké",3,"Fria",22,"Tormélin","Sub-prefecture","Sub-prefecture",NA,NA
23,97,"GIN","Guinea",1,"Boké",4,"Gaoual",23,"Foulamory","Sub-prefecture","Sub-prefecture",NA,NA
24,97,"GIN","Guinea",1,"Boké",4,"Gaoual",24,"Gaoual-Centre","Sub-prefecture","Sub-prefecture",NA,NA
25,97,"GIN","Guinea",1,"Boké",4,"Gaoual",25,"Kakony","Sub-prefecture","Sub-prefecture",NA,NA
26,97,"GIN","Guinea",1,"Boké",4,"Gaoual",26,"Koumbia","Sub-prefecture","Sub-prefecture",NA,NA
27,97,"GIN","Guinea",1,"Boké",4,"Gaoual",27,"Kounsitel","Sub-prefecture","Sub-prefecture",NA,NA
28,97,"GIN","Guinea",1,"Boké",4,"Gaoual",28,"Malanta","Sub-prefecture","Sub-prefecture",NA,NA
29,97,"GIN","Guinea",1,"Boké",4,"Gaoual",29,"Touba","Sub-prefecture","Sub-prefecture",NA,NA
30,97,"GIN","Guinea",1,"Boké",4,"Gaoual",30,"Wendou M'Bour","Sub-prefecture","Sub-prefecture",NA,NA
31,97,"GIN","Guinea",1,"Boké",5,"Koundara",31,"Guingan","Sub-prefecture","Sub-prefecture",NA,NA
32,97,"GIN","Guinea",1,"Boké",5,"Koundara",32,"Kamaby","Sub-prefecture","Sub-prefecture",NA,NA
33,97,"GIN","Guinea",1,"Boké",5,"Koundara",33,"Koundara-Centre","Sub-prefecture","Sub-prefecture",NA,NA
34,97,"GIN","Guinea",1,"Boké",5,"Koundara",34,"Sambailo","Sub-prefecture","Sub-prefecture",NA,NA
35,97,"GIN","Guinea",1,"Boké",5,"Koundara",35,"Saréboido","Sub-prefecture","Sub-prefecture",NA,NA
36,97,"GIN","Guinea",1,"Boké",5,"Koundara",36,"Termessé","Sub-prefecture","Sub-prefecture",NA,NA
37,97,"GIN","Guinea",1,"Boké",5,"Koundara",37,"Youkounkoun","Sub-prefecture","Sub-prefecture",NA,NA
38,97,"GIN","Guinea",2,"Conarky",6,"Conarky",38,"Dixinn","Sub-prefecture","Sub-prefecture",NA,NA
39,97,"GIN","Guinea",2,"Conarky",6,"Conarky",39,"Kaloum","Sub-prefecture","Sub-prefecture",NA,NA
40,97,"GIN","Guinea",2,"Conarky",6,"Conarky",40,"Matam","Sub-prefecture","Sub-prefecture",NA,NA
41,97,"GIN","Guinea",2,"Conarky",6,"Conarky",41,"Matoto","Sub-prefecture","Sub-prefecture",NA,NA
42,97,"GIN","Guinea",2,"Conarky",6,"Conarky",42,"Ratoma","Sub-prefecture","Sub-prefecture",NA,NA
43,97,"GIN","Guinea",3,"Faranah",7,"Dabola",43,"Arfamoussaya","Sub-prefecture","Sub-prefecture",NA,NA
44,97,"GIN","Guinea",3,"Faranah",7,"Dabola",44,"Banko","Sub-prefecture","Sub-prefecture",NA,NA
45,97,"GIN","Guinea",3,"Faranah",7,"Dabola",45,"Bissikrima","Sub-prefecture","Sub-prefecture",NA,NA
46,97,"GIN","Guinea",3,"Faranah",7,"Dabola",46,"Dabola-Centre","Sub-prefecture","Sub-prefecture",NA,NA
47,97,"GIN","Guinea",3,"Faranah",7,"Dabola",47,"Dogomet","Sub-prefecture","Sub-prefecture",NA,NA
48,97,"GIN","Guinea",3,"Faranah",7,"Dabola",48,"Kankama","Sub-prefecture","Sub-prefecture",NA,NA
49,97,"GIN","Guinea",3,"Faranah",7,"Dabola",49,"Kindoyé","Sub-prefecture","Sub-prefecture",NA,NA
50,97,"GIN","Guinea",3,"Faranah",7,"Dabola",50,"Konindou","Sub-prefecture","Sub-prefecture",NA,NA
51,97,"GIN","Guinea",3,"Faranah",7,"Dabola",51,"N'Déma","Sub-prefecture","Sub-prefecture",NA,NA
52,97,"GIN","Guinea",3,"Faranah",8,"Dinguiraye",52,"Banora","Sub-prefecture","Sub-prefecture",NA,NA
53,97,"GIN","Guinea",3,"Faranah",8,"Dinguiraye",53,"Dialakoro","Sub-prefecture","Sub-prefecture",NA,NA
54,97,"GIN","Guinea",3,"Faranah",8,"Dinguiraye",54,"Diatiféré","Sub-prefecture","Sub-prefecture",NA,NA
55,97,"GIN","Guinea",3,"Faranah",8,"Dinguiraye",55,"Dinguiraye-Centre","Sub-prefecture","Sub-prefecture",NA,NA
56,97,"GIN","Guinea",3,"Faranah",8,"Dinguiraye",56,"Gagnakaly","Sub-prefecture","Sub-prefecture",NA,NA
57,97,"GIN","Guinea",3,"Faranah",8,"Dinguiraye",57,"Kalinko","Sub-prefecture","Sub-prefecture",NA,NA
58,97,"GIN","Guinea",3,"Faranah",8,"Dinguiraye",58,"Lansanya","Sub-prefecture","Sub-prefecture",NA,NA
59,97,"GIN","Guinea",3,"Faranah",8,"Dinguiraye",59,"Sélouma","Sub-prefecture","Sub-prefecture",NA,NA
60,97,"GIN","Guinea",3,"Faranah",9,"Faranah",60,"Banian","Sub-prefecture","Sub-prefecture",NA,NA
61,97,"GIN","Guinea",3,"Faranah",9,"Faranah",61,"Beindou","Sub-prefecture","Sub-prefecture",NA,NA
62,97,"GIN","Guinea",3,"Faranah",9,"Faranah",62,"Faranah-Centre","Sub-prefecture","Sub-prefecture",NA,NA
63,97,"GIN","Guinea",3,"Faranah",9,"Faranah",63,"Gnaléah","Sub-prefecture","Sub-prefecture",NA,NA
64,97,"GIN","Guinea",3,"Faranah",9,"Faranah",64,"Hérémakonon","Sub-prefecture","Sub-prefecture",NA,NA
65,97,"GIN","Guinea",3,"Faranah",9,"Faranah",65,"Kobikoro","Sub-prefecture","Sub-prefecture",NA,NA
66,97,"GIN","Guinea",3,"Faranah",9,"Faranah",66,"Marela","Sub-prefecture","Sub-prefecture",NA,NA
67,97,"GIN","Guinea",3,"Faranah",9,"Faranah",67,"Passayah","Sub-prefecture","Sub-prefecture",NA,NA
68,97,"GIN","Guinea",3,"Faranah",9,"Faranah",68,"Sandéniah","Sub-prefecture","Sub-prefecture",NA,NA
69,97,"GIN","Guinea",3,"Faranah",9,"Faranah",69,"Songoyah","Sub-prefecture","Sub-prefecture",NA,NA
70,97,"GIN","Guinea",3,"Faranah",9,"Faranah",70,"Tiro","Sub-prefecture","Sub-prefecture",NA,NA
71,97,"GIN","Guinea",3,"Faranah",10,"Kissidougou",71,"Albadariah","Sub-prefecture","Sub-prefecture",NA,NA
72,97,"GIN","Guinea",3,"Faranah",10,"Kissidougou",72,"Banama","Sub-prefecture","Sub-prefecture",NA,NA
73,97,"GIN","Guinea",3,"Faranah",10,"Kissidougou",73,"Bardou","Sub-prefecture","Sub-prefecture",NA,NA
74,97,"GIN","Guinea",3,"Faranah",10,"Kissidougou",74,"Beindou","Sub-prefecture","Sub-prefecture",NA,NA
75,97,"GIN","Guinea",3,"Faranah",10,"Kissidougou",75,"Fermessadou-Pombo","Sub-prefecture","Sub-prefecture",NA,NA
76,97,"GIN","Guinea",3,"Faranah",10,"Kissidougou",76,"Firawa","Sub-prefecture","Sub-prefecture",NA,NA
77,97,"GIN","Guinea",3,"Faranah",10,"Kissidougou",77,"Gbangbadou","Sub-prefecture","Sub-prefecture",NA,NA
78,97,"GIN","Guinea",3,"Faranah",10,"Kissidougou",78,"Kissidougou-Centre","Sub-prefecture","Sub-prefecture",NA,NA
79,97,"GIN","Guinea",3,"Faranah",10,"Kissidougou",79,"Kondiadou","Sub-prefecture","Sub-prefecture",NA,NA
80,97,"GIN","Guinea",3,"Faranah",10,"Kissidougou",80,"Manfran","Sub-prefecture","Sub-prefecture",NA,NA
81,97,"GIN","Guinea",3,"Faranah",10,"Kissidougou",81,"Sangardo","Sub-prefecture","Sub-prefecture",NA,NA
82,97,"GIN","Guinea",3,"Faranah",10,"Kissidougou",82,"Yendé-Millimou","Sub-prefecture","Sub-prefecture",NA,NA
83,97,"GIN","Guinea",3,"Faranah",10,"Kissidougou",83,"Yombiro","Sub-prefecture","Sub-prefecture",NA,NA
84,97,"GIN","Guinea",4,"Kankan",11,"Kérouané",84,"Banankoro","Sub-prefecture","Sub-prefecture",NA,NA
85,97,"GIN","Guinea",4,"Kankan",11,"Kérouané",85,"Damaro","Sub-prefecture","Sub-prefecture",NA,NA
86,97,"GIN","Guinea",4,"Kankan",11,"Kérouané",86,"Kérouané-Centre","Sub-prefecture","Sub-prefecture",NA,NA
87,97,"GIN","Guinea",4,"Kankan",11,"Kérouané",87,"Komodou","Sub-prefecture","Sub-prefecture",NA,NA
88,97,"GIN","Guinea",4,"Kankan",11,"Kérouané",88,"Kounsankoro","Sub-prefecture","Sub-prefecture",NA,NA
89,97,"GIN","Guinea",4,"Kankan",11,"Kérouané",89,"Linko","Sub-prefecture","Sub-prefecture",NA,NA
90,97,"GIN","Guinea",4,"Kankan",11,"Kérouané",90,"Sibiribaro","Sub-prefecture","Sub-prefecture",NA,NA
91,97,"GIN","Guinea",4,"Kankan",11,"Kérouané",91,"Soromaya","Sub-prefecture","Sub-prefecture",NA,NA
92,97,"GIN","Guinea",4,"Kankan",12,"Kankan",92,"Balandougou","Sub-prefecture","Sub-prefecture",NA,NA
93,97,"GIN","Guinea",4,"Kankan",12,"Kankan",93,"Baté-Nafadji","Sub-prefecture","Sub-prefecture",NA,NA
94,97,"GIN","Guinea",4,"Kankan",12,"Kankan",94,"Boula","Sub-prefecture","Sub-prefecture",NA,NA
95,97,"GIN","Guinea",4,"Kankan",12,"Kankan",95,"Gbérédou-Baranama","Sub-prefecture","Sub-prefecture",NA,NA
96,97,"GIN","Guinea",4,"Kankan",12,"Kankan",96,"Kanfamoriyah","Sub-prefecture","Sub-prefecture",NA,NA
97,97,"GIN","Guinea",4,"Kankan",12,"Kankan",97,"Kankan-Centre","Sub-prefecture","Sub-prefecture",NA,NA
98,97,"GIN","Guinea",4,"Kankan",12,"Kankan",98,"Koumban","Sub-prefecture","Sub-prefecture",NA,NA
99,97,"GIN","Guinea",4,"Kankan",12,"Kankan",99,"Mamouroudou","Sub-prefecture","Sub-prefecture",NA,NA
100,97,"GIN","Guinea",4,"Kankan",12,"Kankan",100,"Missamana","Sub-prefecture","Sub-prefecture",NA,NA
101,97,"GIN","Guinea",4,"Kankan",12,"Kankan",101,"Moribayah","Sub-prefecture","Sub-prefecture",NA,NA
102,97,"GIN","Guinea",4,"Kankan",12,"Kankan",102,"Sabadou-Baranama","Sub-prefecture","Sub-prefecture",NA,NA
103,97,"GIN","Guinea",4,"Kankan",12,"Kankan",103,"Tinti-Oulen","Sub-prefecture","Sub-prefecture",NA,NA
104,97,"GIN","Guinea",4,"Kankan",12,"Kankan",104,"Tokounou","Sub-prefecture","Sub-prefecture",NA,NA
105,97,"GIN","Guinea",4,"Kankan",13,"Kouroussa",105,"Babila","Sub-prefecture","Sub-prefecture",NA,NA
106,97,"GIN","Guinea",4,"Kankan",13,"Kouroussa",106,"Balato","Sub-prefecture","Sub-prefecture",NA,NA
107,97,"GIN","Guinea",4,"Kankan",13,"Kouroussa",107,"Banfélé","Sub-prefecture","Sub-prefecture",NA,NA
108,97,"GIN","Guinea",4,"Kankan",13,"Kouroussa",108,"Baro","Sub-prefecture","Sub-prefecture",NA,NA
109,97,"GIN","Guinea",4,"Kankan",13,"Kouroussa",109,"Cisséla","Sub-prefecture","Sub-prefecture",NA,NA
110,97,"GIN","Guinea",4,"Kankan",13,"Kouroussa",110,"Douako","Sub-prefecture","Sub-prefecture",NA,NA
111,97,"GIN","Guinea",4,"Kankan",13,"Kouroussa",111,"Doura","Sub-prefecture","Sub-prefecture",NA,NA
112,97,"GIN","Guinea",4,"Kankan",13,"Kouroussa",112,"Kiniéro","Sub-prefecture","Sub-prefecture",NA,NA
113,97,"GIN","Guinea",4,"Kankan",13,"Kouroussa",113,"Komola-Khoura","Sub-prefecture","Sub-prefecture",NA,NA
114,97,"GIN","Guinea",4,"Kankan",13,"Kouroussa",114,"Koumana","Sub-prefecture","Sub-prefecture",NA,NA
115,97,"GIN","Guinea",4,"Kankan",13,"Kouroussa",115,"Kouroussa-Centre","Sub-prefecture","Sub-prefecture",NA,NA
116,97,"GIN","Guinea",4,"Kankan",13,"Kouroussa",116,"Sanguiana","Sub-prefecture","Sub-prefecture",NA,NA
117,97,"GIN","Guinea",4,"Kankan",14,"Mandiana",117,"Balandougouba","Sub-prefecture","Sub-prefecture",NA,NA
118,97,"GIN","Guinea",4,"Kankan",14,"Mandiana",118,"Dialakoro","Sub-prefecture","Sub-prefecture",NA,NA
119,97,"GIN","Guinea",4,"Kankan",14,"Mandiana",119,"Faralako","Sub-prefecture","Sub-prefecture",NA,NA
120,97,"GIN","Guinea",4,"Kankan",14,"Mandiana",120,"Kantoumanina","Sub-prefecture","Sub-prefecture",NA,NA
121,97,"GIN","Guinea",4,"Kankan",14,"Mandiana",121,"Kiniéran","Sub-prefecture","Sub-prefecture",NA,NA
122,97,"GIN","Guinea",4,"Kankan",14,"Mandiana",122,"Koundianakoro","Sub-prefecture","Sub-prefecture",NA,NA
123,97,"GIN","Guinea",4,"Kankan",14,"Mandiana",123,"Koundian","Sub-prefecture","Sub-prefecture",NA,NA
124,97,"GIN","Guinea",4,"Kankan",14,"Mandiana",124,"Mandiana-Centre","Sub-prefecture","Sub-prefecture",NA,NA
125,97,"GIN","Guinea",4,"Kankan",14,"Mandiana",125,"Morodou","Sub-prefecture","Sub-prefecture",NA,NA
126,97,"GIN","Guinea",4,"Kankan",14,"Mandiana",126,"Niantanina","Sub-prefecture","Sub-prefecture",NA,NA
127,97,"GIN","Guinea",4,"Kankan",14,"Mandiana",127,"Saladou","Sub-prefecture","Sub-prefecture",NA,NA
128,97,"GIN","Guinea",4,"Kankan",14,"Mandiana",128,"Sansando","Sub-prefecture","Sub-prefecture",NA,NA
129,97,"GIN","Guinea",4,"Kankan",15,"Siguiri",129,"Bankon","Sub-prefecture","Sub-prefecture",NA,NA
130,97,"GIN","Guinea",4,"Kankan",15,"Siguiri",130,"Doko","Sub-prefecture","Sub-prefecture",NA,NA
131,97,"GIN","Guinea",4,"Kankan",15,"Siguiri",131,"Franwalia","Sub-prefecture","Sub-prefecture",NA,NA
132,97,"GIN","Guinea",4,"Kankan",15,"Siguiri",132,"Kiniébakoura","Sub-prefecture","Sub-prefecture",NA,NA
133,97,"GIN","Guinea",4,"Kankan",15,"Siguiri",133,"Kintinian","Sub-prefecture","Sub-prefecture",NA,NA
134,97,"GIN","Guinea",4,"Kankan",15,"Siguiri",134,"Maléah","Sub-prefecture","Sub-prefecture",NA,NA
135,97,"GIN","Guinea",4,"Kankan",15,"Siguiri",135,"Naboun","Sub-prefecture","Sub-prefecture",NA,NA
136,97,"GIN","Guinea",4,"Kankan",15,"Siguiri",136,"Niagassola","Sub-prefecture","Sub-prefecture",NA,NA
137,97,"GIN","Guinea",4,"Kankan",15,"Siguiri",137,"Niandankoro","Sub-prefecture","Sub-prefecture",NA,NA
138,97,"GIN","Guinea",4,"Kankan",15,"Siguiri",138,"Norassoba","Sub-prefecture","Sub-prefecture",NA,NA
139,97,"GIN","Guinea",4,"Kankan",15,"Siguiri",139,"Siguiri-Centre","Sub-prefecture","Sub-prefecture",NA,NA
140,97,"GIN","Guinea",4,"Kankan",15,"Siguiri",140,"Siguirini","Sub-prefecture","Sub-prefecture",NA,NA
141,97,"GIN","Guinea",5,"Kindia",16,"Coyah",141,"Coyah-Centre","Sub-prefecture","Sub-prefecture",NA,NA
142,97,"GIN","Guinea",5,"Kindia",16,"Coyah",142,"Kouriah","Sub-prefecture","Sub-prefecture",NA,NA
143,97,"GIN","Guinea",5,"Kindia",16,"Coyah",143,"Unknown","Sub-prefecture","Sub-prefecture",NA,NA
144,97,"GIN","Guinea",5,"Kindia",16,"Coyah",144,"Wonkifong","Sub-prefecture","Sub-prefecture",NA,NA
145,97,"GIN","Guinea",5,"Kindia",17,"Dubréka",145,"Badi","Sub-prefecture","Sub-prefecture",NA,NA
146,97,"GIN","Guinea",5,"Kindia",17,"Dubréka",146,"Dubréka-Centre","Sub-prefecture","Sub-prefecture",NA,NA
147,97,"GIN","Guinea",5,"Kindia",17,"Dubréka",147,"Faléssadé","Sub-prefecture","Sub-prefecture",NA,NA
148,97,"GIN","Guinea",5,"Kindia",17,"Dubréka",148,"Khorira","Sub-prefecture","Sub-prefecture",NA,NA
149,97,"GIN","Guinea",5,"Kindia",17,"Dubréka",149,"Ouassou","Sub-prefecture","Sub-prefecture",NA,NA
150,97,"GIN","Guinea",5,"Kindia",17,"Dubréka",150,"Tanéné","Sub-prefecture","Sub-prefecture",NA,NA
151,97,"GIN","Guinea",5,"Kindia",17,"Dubréka",151,"Tondon","Sub-prefecture","Sub-prefecture",NA,NA
152,97,"GIN","Guinea",5,"Kindia",18,"Forécariah",152,"Alassoya","Sub-prefecture","Sub-prefecture",NA,NA
153,97,"GIN","Guinea",5,"Kindia",18,"Forécariah",153,"Benty","Sub-prefecture","Sub-prefecture",NA,NA
154,97,"GIN","Guinea",5,"Kindia",18,"Forécariah",154,"Farmoriah","Sub-prefecture","Sub-prefecture",NA,NA
155,97,"GIN","Guinea",5,"Kindia",18,"Forécariah",155,"Forécariah-Centre","Sub-prefecture","Sub-prefecture",NA,NA
156,97,"GIN","Guinea",5,"Kindia",18,"Forécariah",156,"Kaback","Sub-prefecture","Sub-prefecture",NA,NA
157,97,"GIN","Guinea",5,"Kindia",18,"Forécariah",157,"Kakossa","Sub-prefecture","Sub-prefecture",NA,NA
158,97,"GIN","Guinea",5,"Kindia",18,"Forécariah",158,"Kallia","Sub-prefecture","Sub-prefecture",NA,NA
159,97,"GIN","Guinea",5,"Kindia",18,"Forécariah",159,"Maférinya","Sub-prefecture","Sub-prefecture",NA,NA
160,97,"GIN","Guinea",5,"Kindia",18,"Forécariah",160,"Moussayah","Sub-prefecture","Sub-prefecture",NA,NA
161,97,"GIN","Guinea",5,"Kindia",18,"Forécariah",161,"Sikhourou","Sub-prefecture","Sub-prefecture",NA,NA
162,97,"GIN","Guinea",5,"Kindia",19,"Kindia",162,"Bangouyah","Sub-prefecture","Sub-prefecture",NA,NA
163,97,"GIN","Guinea",5,"Kindia",19,"Kindia",163,"Damankanyah","Sub-prefecture","Sub-prefecture",NA,NA
164,97,"GIN","Guinea",5,"Kindia",19,"Kindia",164,"Friguiagbé","Sub-prefecture","Sub-prefecture",NA,NA
165,97,"GIN","Guinea",5,"Kindia",19,"Kindia",165,"Kindia-Centre","Sub-prefecture","Sub-prefecture",NA,NA
166,97,"GIN","Guinea",5,"Kindia",19,"Kindia",166,"Kolenté","Sub-prefecture","Sub-prefecture",NA,NA
167,97,"GIN","Guinea",5,"Kindia",19,"Kindia",167,"Madina-Oula","Sub-prefecture","Sub-prefecture",NA,NA
168,97,"GIN","Guinea",5,"Kindia",19,"Kindia",168,"Mambia","Sub-prefecture","Sub-prefecture",NA,NA
169,97,"GIN","Guinea",5,"Kindia",19,"Kindia",169,"Molota","Sub-prefecture","Sub-prefecture",NA,NA
170,97,"GIN","Guinea",5,"Kindia",19,"Kindia",170,"Samayah","Sub-prefecture","Sub-prefecture",NA,NA
171,97,"GIN","Guinea",5,"Kindia",19,"Kindia",171,"Souguéta","Sub-prefecture","Sub-prefecture",NA,NA
172,97,"GIN","Guinea",5,"Kindia",20,"Télimélé",172,"Bourouwal","Sub-prefecture","Sub-prefecture",NA,NA
173,97,"GIN","Guinea",5,"Kindia",20,"Télimélé",173,"Daramagnaky","Sub-prefecture","Sub-prefecture",NA,NA
174,97,"GIN","Guinea",5,"Kindia",20,"Télimélé",174,"Gougoudjé","Sub-prefecture","Sub-prefecture",NA,NA
175,97,"GIN","Guinea",5,"Kindia",20,"Télimélé",175,"Koba","Sub-prefecture","Sub-prefecture",NA,NA
176,97,"GIN","Guinea",5,"Kindia",20,"Télimélé",176,"Kollet","Sub-prefecture","Sub-prefecture",NA,NA
177,97,"GIN","Guinea",5,"Kindia",20,"Télimélé",177,"Konsotami","Sub-prefecture","Sub-prefecture",NA,NA
178,97,"GIN","Guinea",5,"Kindia",20,"Télimélé",178,"Missira","Sub-prefecture","Sub-prefecture",NA,NA
179,97,"GIN","Guinea",5,"Kindia",20,"Télimélé",179,"Santou","Sub-prefecture","Sub-prefecture",NA,NA
180,97,"GIN","Guinea",5,"Kindia",20,"Télimélé",180,"Sarékaly","Sub-prefecture","Sub-prefecture",NA,NA
181,97,"GIN","Guinea",5,"Kindia",20,"Télimélé",181,"Sinta","Sub-prefecture","Sub-prefecture",NA,NA
182,97,"GIN","Guinea",5,"Kindia",20,"Télimélé",182,"Sogolon","Sub-prefecture","Sub-prefecture",NA,NA
183,97,"GIN","Guinea",5,"Kindia",20,"Télimélé",183,"Télimélé-Centre","Sub-prefecture","Sub-prefecture",NA,NA
184,97,"GIN","Guinea",5,"Kindia",20,"Télimélé",184,"Tarihoye","Sub-prefecture","Sub-prefecture",NA,NA
185,97,"GIN","Guinea",5,"Kindia",20,"Télimélé",185,"Thionthian","Sub-prefecture","Sub-prefecture",NA,NA
186,97,"GIN","Guinea",6,"Labé",21,"Koubia",186,"Fafaya","Sub-prefecture","Sub-prefecture",NA,NA
187,97,"GIN","Guinea",6,"Labé",21,"Koubia",187,"Gadha-Woundou","Sub-prefecture","Sub-prefecture",NA,NA
188,97,"GIN","Guinea",6,"Labé",21,"Koubia",188,"Koubia-Centre","Sub-prefecture","Sub-prefecture",NA,NA
189,97,"GIN","Guinea",6,"Labé",21,"Koubia",189,"Matakaou","Sub-prefecture","Sub-prefecture",NA,NA
190,97,"GIN","Guinea",6,"Labé",21,"Koubia",190,"Missira","Sub-prefecture","Sub-prefecture",NA,NA
191,97,"GIN","Guinea",6,"Labé",21,"Koubia",191,"Pilimini","Sub-prefecture","Sub-prefecture",NA,NA
192,97,"GIN","Guinea",6,"Labé",22,"Lélouma",192,"Balaya","Sub-prefecture","Sub-prefecture",NA,NA
193,97,"GIN","Guinea",6,"Labé",22,"Lélouma",193,"Diountou","Sub-prefecture","Sub-prefecture",NA,NA
194,97,"GIN","Guinea",6,"Labé",22,"Lélouma",194,"Hérico","Sub-prefecture","Sub-prefecture",NA,NA
195,97,"GIN","Guinea",6,"Labé",22,"Lélouma",195,"Korbé","Sub-prefecture","Sub-prefecture",NA,NA
196,97,"GIN","Guinea",6,"Labé",22,"Lélouma",196,"Lélouma-Centre","Sub-prefecture","Sub-prefecture",NA,NA
197,97,"GIN","Guinea",6,"Labé",22,"Lélouma",197,"Lafou","Sub-prefecture","Sub-prefecture",NA,NA
198,97,"GIN","Guinea",6,"Labé",22,"Lélouma",198,"Linsan-Saran","Sub-prefecture","Sub-prefecture",NA,NA
199,97,"GIN","Guinea",6,"Labé",22,"Lélouma",199,"Manda","Sub-prefecture","Sub-prefecture",NA,NA
200,97,"GIN","Guinea",6,"Labé",22,"Lélouma",200,"Parawol","Sub-prefecture","Sub-prefecture",NA,NA
201,97,"GIN","Guinea",6,"Labé",22,"Lélouma",201,"Sagalé","Sub-prefecture","Sub-prefecture",NA,NA
202,97,"GIN","Guinea",6,"Labé",22,"Lélouma",202,"Tyanguel-Bori","Sub-prefecture","Sub-prefecture",NA,NA
203,97,"GIN","Guinea",6,"Labé",23,"Labé",203,"Dalein","Sub-prefecture","Sub-prefecture",NA,NA
204,97,"GIN","Guinea",6,"Labé",23,"Labé",204,"Diari","Sub-prefecture","Sub-prefecture",NA,NA
205,97,"GIN","Guinea",6,"Labé",23,"Labé",205,"Dionfo","Sub-prefecture","Sub-prefecture",NA,NA
206,97,"GIN","Guinea",6,"Labé",23,"Labé",206,"Hafia","Sub-prefecture","Sub-prefecture",NA,NA
207,97,"GIN","Guinea",6,"Labé",23,"Labé",207,"Kaalan","Sub-prefecture","Sub-prefecture",NA,NA
208,97,"GIN","Guinea",6,"Labé",23,"Labé",208,"Noussy","Sub-prefecture","Sub-prefecture",NA,NA
209,97,"GIN","Guinea",6,"Labé",23,"Labé",209,"Popodara","Sub-prefecture","Sub-prefecture",NA,NA
210,97,"GIN","Guinea",6,"Labé",23,"Labé",210,"Sannou","Sub-prefecture","Sub-prefecture",NA,NA
211,97,"GIN","Guinea",6,"Labé",23,"Labé",211,"Unknown","Sub-prefecture","Sub-prefecture",NA,NA
212,97,"GIN","Guinea",6,"Labé",24,"Mali",212,"Balaki","Sub-prefecture","Sub-prefecture",NA,NA
213,97,"GIN","Guinea",6,"Labé",24,"Mali",213,"Donghol-Sigon","Sub-prefecture","Sub-prefecture",NA,NA
214,97,"GIN","Guinea",6,"Labé",24,"Mali",214,"Dougountouny","Sub-prefecture","Sub-prefecture",NA,NA
215,97,"GIN","Guinea",6,"Labé",24,"Mali",215,"Fougou","Sub-prefecture","Sub-prefecture",NA,NA
216,97,"GIN","Guinea",6,"Labé",24,"Mali",216,"Gayah","Sub-prefecture","Sub-prefecture",NA,NA
217,97,"GIN","Guinea",6,"Labé",24,"Mali",217,"Hidayatou","Sub-prefecture","Sub-prefecture",NA,NA
218,97,"GIN","Guinea",6,"Labé",24,"Mali",218,"Lébékéren","Sub-prefecture","Sub-prefecture",NA,NA
219,97,"GIN","Guinea",6,"Labé",24,"Mali",219,"Madina-Wora","Sub-prefecture","Sub-prefecture",NA,NA
220,97,"GIN","Guinea",6,"Labé",24,"Mali",220,"Mali-Centre","Sub-prefecture","Sub-prefecture",NA,NA
221,97,"GIN","Guinea",6,"Labé",24,"Mali",221,"Salambandé","Sub-prefecture","Sub-prefecture",NA,NA
222,97,"GIN","Guinea",6,"Labé",24,"Mali",222,"Téliré","Sub-prefecture","Sub-prefecture",NA,NA
223,97,"GIN","Guinea",6,"Labé",24,"Mali",223,"Touba","Sub-prefecture","Sub-prefecture",NA,NA
224,97,"GIN","Guinea",6,"Labé",24,"Mali",224,"Yimbéring","Sub-prefecture","Sub-prefecture",NA,NA
225,97,"GIN","Guinea",6,"Labé",25,"Tougué",225,"Fatako","Sub-prefecture","Sub-prefecture",NA,NA
226,97,"GIN","Guinea",6,"Labé",25,"Tougué",226,"Fello-Koundoua","Sub-prefecture","Sub-prefecture",NA,NA
227,97,"GIN","Guinea",6,"Labé",25,"Tougué",227,"Kansangui","Sub-prefecture","Sub-prefecture",NA,NA
228,97,"GIN","Guinea",6,"Labé",25,"Tougué",228,"Koïn","Sub-prefecture","Sub-prefecture",NA,NA
229,97,"GIN","Guinea",6,"Labé",25,"Tougué",229,"Kolangui","Sub-prefecture","Sub-prefecture",NA,NA
230,97,"GIN","Guinea",6,"Labé",25,"Tougué",230,"Kollet","Sub-prefecture","Sub-prefecture",NA,NA
231,97,"GIN","Guinea",6,"Labé",25,"Tougué",231,"Konah","Sub-prefecture","Sub-prefecture",NA,NA
232,97,"GIN","Guinea",6,"Labé",25,"Tougué",232,"Kouratongo","Sub-prefecture","Sub-prefecture",NA,NA
233,97,"GIN","Guinea",6,"Labé",25,"Tougué",233,"Tangali","Sub-prefecture","Sub-prefecture",NA,NA
234,97,"GIN","Guinea",6,"Labé",25,"Tougué",234,"Tougué-Centre","Sub-prefecture","Sub-prefecture",NA,NA
235,97,"GIN","Guinea",7,"Mamou",26,"Dalaba",235,"Bodié","Sub-prefecture","Sub-prefecture",NA,NA
236,97,"GIN","Guinea",7,"Mamou",26,"Dalaba",236,"Dalaba-Centre","Sub-prefecture","Sub-prefecture",NA,NA
237,97,"GIN","Guinea",7,"Mamou",26,"Dalaba",237,"Ditinn","Sub-prefecture","Sub-prefecture",NA,NA
238,97,"GIN","Guinea",7,"Mamou",26,"Dalaba",238,"Kébali","Sub-prefecture","Sub-prefecture",NA,NA
239,97,"GIN","Guinea",7,"Mamou",26,"Dalaba",239,"Kaala","Sub-prefecture","Sub-prefecture",NA,NA
240,97,"GIN","Guinea",7,"Mamou",26,"Dalaba",240,"Kankalabé","Sub-prefecture","Sub-prefecture",NA,NA
241,97,"GIN","Guinea",7,"Mamou",26,"Dalaba",241,"Koba","Sub-prefecture","Sub-prefecture",NA,NA
242,97,"GIN","Guinea",7,"Mamou",26,"Dalaba",242,"Mafara","Sub-prefecture","Sub-prefecture",NA,NA
243,97,"GIN","Guinea",7,"Mamou",26,"Dalaba",243,"Mitty","Sub-prefecture","Sub-prefecture",NA,NA
244,97,"GIN","Guinea",7,"Mamou",26,"Dalaba",244,"Mombéyah","Sub-prefecture","Sub-prefecture",NA,NA
245,97,"GIN","Guinea",7,"Mamou",27,"Mamou",245,"Bouliwel","Sub-prefecture","Sub-prefecture",NA,NA
246,97,"GIN","Guinea",7,"Mamou",27,"Mamou",246,"Dounet","Sub-prefecture","Sub-prefecture",NA,NA
247,97,"GIN","Guinea",7,"Mamou",27,"Mamou",247,"Gongoret","Sub-prefecture","Sub-prefecture",NA,NA
248,97,"GIN","Guinea",7,"Mamou",27,"Mamou",248,"Kégnéko","Sub-prefecture","Sub-prefecture",NA,NA
249,97,"GIN","Guinea",7,"Mamou",27,"Mamou",249,"Konkouré","Sub-prefecture","Sub-prefecture",NA,NA
250,97,"GIN","Guinea",7,"Mamou",27,"Mamou",250,"Mamou-Centre","Sub-prefecture","Sub-prefecture",NA,NA
251,97,"GIN","Guinea",7,"Mamou",27,"Mamou",251,"Nyagara","Sub-prefecture","Sub-prefecture",NA,NA
252,97,"GIN","Guinea",7,"Mamou",27,"Mamou",252,"Ouré-Kaba","Sub-prefecture","Sub-prefecture",NA,NA
253,97,"GIN","Guinea",7,"Mamou",27,"Mamou",253,"Porédaka","Sub-prefecture","Sub-prefecture",NA,NA
254,97,"GIN","Guinea",7,"Mamou",27,"Mamou",254,"Saramoussayah","Sub-prefecture","Sub-prefecture",NA,NA
255,97,"GIN","Guinea",7,"Mamou",27,"Mamou",255,"Soyah","Sub-prefecture","Sub-prefecture",NA,NA
256,97,"GIN","Guinea",7,"Mamou",27,"Mamou",256,"Téguéréyah","Sub-prefecture","Sub-prefecture",NA,NA
257,97,"GIN","Guinea",7,"Mamou",27,"Mamou",257,"Timbo","Sub-prefecture","Sub-prefecture",NA,NA
258,97,"GIN","Guinea",7,"Mamou",27,"Mamou",258,"Tolo","Sub-prefecture","Sub-prefecture",NA,NA
259,97,"GIN","Guinea",7,"Mamou",28,"Pita",259,"Bantignel","Sub-prefecture","Sub-prefecture",NA,NA
260,97,"GIN","Guinea",7,"Mamou",28,"Pita",260,"Bourouwal-Tappé","Sub-prefecture","Sub-prefecture",NA,NA
261,97,"GIN","Guinea",7,"Mamou",28,"Pita",261,"Dongol-Touma","Sub-prefecture","Sub-prefecture",NA,NA
262,97,"GIN","Guinea",7,"Mamou",28,"Pita",262,"Gongore","Sub-prefecture","Sub-prefecture",NA,NA
263,97,"GIN","Guinea",7,"Mamou",28,"Pita",263,"Ley-Miro","Sub-prefecture","Sub-prefecture",NA,NA
264,97,"GIN","Guinea",7,"Mamou",28,"Pita",264,"Maci","Sub-prefecture","Sub-prefecture",NA,NA
265,97,"GIN","Guinea",7,"Mamou",28,"Pita",265,"Ninguélandé","Sub-prefecture","Sub-prefecture",NA,NA
266,97,"GIN","Guinea",7,"Mamou",28,"Pita",266,"Pita-Centre","Sub-prefecture","Sub-prefecture",NA,NA
267,97,"GIN","Guinea",7,"Mamou",28,"Pita",267,"Sangaréah","Sub-prefecture","Sub-prefecture",NA,NA
268,97,"GIN","Guinea",7,"Mamou",28,"Pita",268,"Sintali","Sub-prefecture","Sub-prefecture",NA,NA
269,97,"GIN","Guinea",7,"Mamou",28,"Pita",269,"Timbi-Madina","Sub-prefecture","Sub-prefecture",NA,NA
270,97,"GIN","Guinea",7,"Mamou",28,"Pita",270,"Timbi-Touni","Sub-prefecture","Sub-prefecture",NA,NA
271,97,"GIN","Guinea",8,"Nzérékoré",29,"Beyla",271,"Beyla-Centre","Sub-prefecture","Sub-prefecture",NA,NA
272,97,"GIN","Guinea",8,"Nzérékoré",29,"Beyla",272,"Boola","Sub-prefecture","Sub-prefecture",NA,NA
273,97,"GIN","Guinea",8,"Nzérékoré",29,"Beyla",273,"Diaraguéréla","Sub-prefecture","Sub-prefecture",NA,NA
274,97,"GIN","Guinea",8,"Nzérékoré",29,"Beyla",274,"Diassodou","Sub-prefecture","Sub-prefecture",NA,NA
275,97,"GIN","Guinea",8,"Nzérékoré",29,"Beyla",275,"Fouala","Sub-prefecture","Sub-prefecture",NA,NA
276,97,"GIN","Guinea",8,"Nzérékoré",29,"Beyla",276,"Gbakédou","Sub-prefecture","Sub-prefecture",NA,NA
277,97,"GIN","Guinea",8,"Nzérékoré",29,"Beyla",277,"Gbessoba","Sub-prefecture","Sub-prefecture",NA,NA
278,97,"GIN","Guinea",8,"Nzérékoré",29,"Beyla",278,"Karala","Sub-prefecture","Sub-prefecture",NA,NA
279,97,"GIN","Guinea",8,"Nzérékoré",29,"Beyla",279,"Koumandou","Sub-prefecture","Sub-prefecture",NA,NA
280,97,"GIN","Guinea",8,"Nzérékoré",29,"Beyla",280,"Moussadou","Sub-prefecture","Sub-prefecture",NA,NA
281,97,"GIN","Guinea",8,"Nzérékoré",29,"Beyla",281,"Nionsomoridou","Sub-prefecture","Sub-prefecture",NA,NA
282,97,"GIN","Guinea",8,"Nzérékoré",29,"Beyla",282,"Samana","Sub-prefecture","Sub-prefecture",NA,NA
283,97,"GIN","Guinea",8,"Nzérékoré",29,"Beyla",283,"Sinko","Sub-prefecture","Sub-prefecture",NA,NA
284,97,"GIN","Guinea",8,"Nzérékoré",29,"Beyla",284,"Sokourala","Sub-prefecture","Sub-prefecture",NA,NA
285,97,"GIN","Guinea",8,"Nzérékoré",30,"Guéckédou",285,"Bolodou","Sub-prefecture","Sub-prefecture",NA,NA
286,97,"GIN","Guinea",8,"Nzérékoré",30,"Guéckédou",286,"Fangamadou","Sub-prefecture","Sub-prefecture",NA,NA
287,97,"GIN","Guinea",8,"Nzérékoré",30,"Guéckédou",287,"Guéckédou-Centre","Sub-prefecture","Sub-prefecture",NA,NA
288,97,"GIN","Guinea",8,"Nzérékoré",30,"Guéckédou",288,"Guendembou","Sub-prefecture","Sub-prefecture",NA,NA
289,97,"GIN","Guinea",8,"Nzérékoré",30,"Guéckédou",289,"Kassadou","Sub-prefecture","Sub-prefecture",NA,NA
290,97,"GIN","Guinea",8,"Nzérékoré",30,"Guéckédou",290,"Koundou","Sub-prefecture","Sub-prefecture",NA,NA
291,97,"GIN","Guinea",8,"Nzérékoré",30,"Guéckédou",291,"Nongoa","Sub-prefecture","Sub-prefecture",NA,NA
292,97,"GIN","Guinea",8,"Nzérékoré",30,"Guéckédou",292,"Ouendé-Kénéma","Sub-prefecture","Sub-prefecture",NA,NA
293,97,"GIN","Guinea",8,"Nzérékoré",30,"Guéckédou",293,"Tékoulo","Sub-prefecture","Sub-prefecture",NA,NA
294,97,"GIN","Guinea",8,"Nzérékoré",30,"Guéckédou",294,"Termessadou-Dibo","Sub-prefecture","Sub-prefecture",NA,NA
295,97,"GIN","Guinea",8,"Nzérékoré",31,"Lola",295,"Bossou","Sub-prefecture","Sub-prefecture",NA,NA
296,97,"GIN","Guinea",8,"Nzérékoré",31,"Lola",296,"Foumbadou","Sub-prefecture","Sub-prefecture",NA,NA
297,97,"GIN","Guinea",8,"Nzérékoré",31,"Lola",297,"Gama-Béréma","Sub-prefecture","Sub-prefecture",NA,NA
298,97,"GIN","Guinea",8,"Nzérékoré",31,"Lola",298,"Guéassou","Sub-prefecture","Sub-prefecture",NA,NA
299,97,"GIN","Guinea",8,"Nzérékoré",31,"Lola",299,"Kokota","Sub-prefecture","Sub-prefecture",NA,NA
300,97,"GIN","Guinea",8,"Nzérékoré",31,"Lola",300,"Lainé","Sub-prefecture","Sub-prefecture",NA,NA
301,97,"GIN","Guinea",8,"Nzérékoré",31,"Lola",301,"Lola-Centre","Sub-prefecture","Sub-prefecture",NA,NA
302,97,"GIN","Guinea",8,"Nzérékoré",31,"Lola",302,"N'Zoo","Sub-prefecture","Sub-prefecture",NA,NA
303,97,"GIN","Guinea",8,"Nzérékoré",31,"Lola",303,"Tounkarata","Sub-prefecture","Sub-prefecture",NA,NA
304,97,"GIN","Guinea",8,"Nzérékoré",32,"Macenta",304,"Balizia","Sub-prefecture","Sub-prefecture",NA,NA
305,97,"GIN","Guinea",8,"Nzérékoré",32,"Macenta",305,"Binikala","Sub-prefecture","Sub-prefecture",NA,NA
306,97,"GIN","Guinea",8,"Nzérékoré",32,"Macenta",306,"Bofossou","Sub-prefecture","Sub-prefecture",NA,NA
307,97,"GIN","Guinea",8,"Nzérékoré",32,"Macenta",307,"Daro","Sub-prefecture","Sub-prefecture",NA,NA
308,97,"GIN","Guinea",8,"Nzérékoré",32,"Macenta",308,"Fassankoni","Sub-prefecture","Sub-prefecture",NA,NA
309,97,"GIN","Guinea",8,"Nzérékoré",32,"Macenta",309,"Kouankan","Sub-prefecture","Sub-prefecture",NA,NA
310,97,"GIN","Guinea",8,"Nzérékoré",32,"Macenta",310,"Koyamah","Sub-prefecture","Sub-prefecture",NA,NA
311,97,"GIN","Guinea",8,"Nzérékoré",32,"Macenta",311,"Macenta-Centre","Sub-prefecture","Sub-prefecture",NA,NA
312,97,"GIN","Guinea",8,"Nzérékoré",32,"Macenta",312,"N'Zébéla","Sub-prefecture","Sub-prefecture",NA,NA
313,97,"GIN","Guinea",8,"Nzérékoré",32,"Macenta",313,"Ourémaï","Sub-prefecture","Sub-prefecture",NA,NA
314,97,"GIN","Guinea",8,"Nzérékoré",32,"Macenta",314,"Panziazou","Sub-prefecture","Sub-prefecture",NA,NA
315,97,"GIN","Guinea",8,"Nzérékoré",32,"Macenta",315,"Sérédou","Sub-prefecture","Sub-prefecture",NA,NA
316,97,"GIN","Guinea",8,"Nzérékoré",32,"Macenta",316,"Sengbédou","Sub-prefecture","Sub-prefecture",NA,NA
317,97,"GIN","Guinea",8,"Nzérékoré",32,"Macenta",317,"Vassérédou","Sub-prefecture","Sub-prefecture",NA,NA
318,97,"GIN","Guinea",8,"Nzérékoré",32,"Macenta",318,"Watanka","Sub-prefecture","Sub-prefecture",NA,NA
319,97,"GIN","Guinea",8,"Nzérékoré",33,"Nzérékoré",319,"Bounouma","Sub-prefecture","Sub-prefecture",NA,NA
320,97,"GIN","Guinea",8,"Nzérékoré",33,"Nzérékoré",320,"Gouécké","Sub-prefecture","Sub-prefecture",NA,NA
321,97,"GIN","Guinea",8,"Nzérékoré",33,"Nzérékoré",321,"Kobéla","Sub-prefecture","Sub-prefecture",NA,NA
322,97,"GIN","Guinea",8,"Nzérékoré",33,"Nzérékoré",322,"Koropara","Sub-prefecture","Sub-prefecture",NA,NA
323,97,"GIN","Guinea",8,"Nzérékoré",33,"Nzérékoré",323,"Koulé","Sub-prefecture","Sub-prefecture",NA,NA
324,97,"GIN","Guinea",8,"Nzérékoré",33,"Nzérékoré",324,"N'Zérékoré-Centre","Sub-prefecture","Sub-prefecture",NA,NA
325,97,"GIN","Guinea",8,"Nzérékoré",33,"Nzérékoré",325,"Palé","Sub-prefecture","Sub-prefecture",NA,NA
326,97,"GIN","Guinea",8,"Nzérékoré",33,"Nzérékoré",326,"Samoé","Sub-prefecture","Sub-prefecture",NA,NA
327,97,"GIN","Guinea",8,"Nzérékoré",33,"Nzérékoré",327,"Soulouta","Sub-prefecture","Sub-prefecture",NA,NA
328,97,"GIN","Guinea",8,"Nzérékoré",33,"Nzérékoré",328,"Womey","Sub-prefecture","Sub-prefecture",NA,NA
329,97,"GIN","Guinea",8,"Nzérékoré",33,"Nzérékoré",329,"Yalenzou","Sub-prefecture","Sub-prefecture",NA,NA
330,97,"GIN","Guinea",8,"Nzérékoré",34,"Yamou",330,"Banié","Sub-prefecture","Sub-prefecture",NA,NA
331,97,"GIN","Guinea",8,"Nzérékoré",34,"Yamou",331,"Bheeta","Sub-prefecture","Sub-prefecture",NA,NA
332,97,"GIN","Guinea",8,"Nzérékoré",34,"Yamou",332,"Bignamou","Sub-prefecture","Sub-prefecture",NA,NA
333,97,"GIN","Guinea",8,"Nzérékoré",34,"Yamou",333,"Bowé","Sub-prefecture","Sub-prefecture",NA,NA
334,97,"GIN","Guinea",8,"Nzérékoré",34,"Yamou",334,"Diécké","Sub-prefecture","Sub-prefecture",NA,NA
335,97,"GIN","Guinea",8,"Nzérékoré",34,"Yamou",335,"Péla","Sub-prefecture","Sub-prefecture",NA,NA
336,97,"GIN","Guinea",8,"Nzérékoré",34,"Yamou",336,"Yomou-Centre","Sub-prefecture","Sub-prefecture",NA,NA
