"OBJECTID","ID_0","ISO","NAME_0","ID_1","NAME_1","TYPE_1","ENGTYPE_1","NL_NAME_1","VARNAME_1"
1,185,"COG","Republic of Congo",1,"Bouenza","Région","Region",NA,NA
2,185,"COG","Republic of Congo",2,"Brazzaville","Région","Region",NA,NA
3,185,"COG","Republic of Congo",3,"Cuvette-Ouest","Région","Region",NA,NA
4,185,"COG","Republic of Congo",4,"Cuvette","Région","Region",NA,NA
5,185,"COG","Republic of Congo",5,"Kouilou","Région","Region",NA,NA
6,185,"COG","Republic of Congo",6,"Lékoumou","Région","Region",NA,NA
7,185,"COG","Republic of Congo",7,"Likouala","Région","Region",NA,NA
8,185,"COG","Republic of Congo",8,"Niari","Région","Region",NA,NA
9,185,"COG","Republic of Congo",9,"Plateaux","Région","Region",NA,NA
10,185,"COG","Republic of Congo",10,"Pointe Noire","Région","Region",NA,NA
11,185,"COG","Republic of Congo",11,"Pool","Région","Region",NA,NA
12,185,"COG","Republic of Congo",12,"Sangha","Région","Region",NA,NA
