"OBJECTID","ID_0","ISO","NAME_0","ID_1","NAME_1","TYPE_1","ENGTYPE_1","NL_NAME_1","VARNAME_1"
1,11,"ATG","Antigua and Barbuda",1,"Barbuda","Dependency","Dependency",NA,"Codrington"
2,11,"ATG","Antigua and Barbuda",2,"Redonda","Dependency","Dependency",NA,NA
3,11,"ATG","Antigua and Barbuda",3,"Saint George","Parish","Parish",NA,"Parham"
4,11,"ATG","Antigua and Barbuda",4,"Saint John","Parish","Parish",NA,"Saint John's"
5,11,"ATG","Antigua and Barbuda",5,"Saint Mary","Parish","Parish",NA,"Bolands"
6,11,"ATG","Antigua and Barbuda",6,"Saint Paul","Parish","Parish",NA,"Nelson's Dockyard"
7,11,"ATG","Antigua and Barbuda",7,"Saint Peter","Parish","Parish",NA,"Parham"
8,11,"ATG","Antigua and Barbuda",8,"Saint Philip","Parish","Parish",NA,"Carlisle"
