"OBJECTID","ID_0","ISO","NAME_0","ID_1","NAME_1","ID_2","NAME_2","TYPE_2","ENGTYPE_2","NL_NAME_2","VARNAME_2"
1,92,"GLP","Guadeloupe",1,"Basse-Terre",1,"Baie-Mahault","Chef-lieu canton","Commune",NA,NA
2,92,"GLP","Guadeloupe",1,"Basse-Terre",2,"Baillif","Commune simple","Commune",NA,NA
3,92,"GLP","Guadeloupe",1,"Basse-Terre",3,"Basse-Terre","Préfecture de région","Commune",NA,NA
4,92,"GLP","Guadeloupe",1,"Basse-Terre",4,"Bouillante","Chef-lieu canton","Commune",NA,NA
5,92,"GLP","Guadeloupe",1,"Basse-Terre",5,"Capesterre-Belle-Eau","Chef-lieu canton","Commune",NA,NA
6,92,"GLP","Guadeloupe",1,"Basse-Terre",6,"Deshaies","Commune simple","Commune",NA,NA
7,92,"GLP","Guadeloupe",1,"Basse-Terre",7,"Gourbeyre","Chef-lieu canton","Commune",NA,NA
8,92,"GLP","Guadeloupe",1,"Basse-Terre",8,"Goyave","Chef-lieu canton","Commune",NA,NA
9,92,"GLP","Guadeloupe",1,"Basse-Terre",9,"Lamentin","Chef-lieu canton","Commune",NA,NA
10,92,"GLP","Guadeloupe",1,"Basse-Terre",10,"Petit-Bourg","Chef-lieu canton","Commune",NA,NA
11,92,"GLP","Guadeloupe",1,"Basse-Terre",11,"Pointe-Noire","Chef-lieu canton","Commune",NA,NA
12,92,"GLP","Guadeloupe",1,"Basse-Terre",12,"Saint-Claude","Chef-lieu canton","Commune",NA,NA
13,92,"GLP","Guadeloupe",1,"Basse-Terre",13,"Sainte-Rose","Chef-lieu canton","Commune",NA,NA
14,92,"GLP","Guadeloupe",1,"Basse-Terre",14,"Terre-De-Bas","Chef-lieu canton","Commune",NA,NA
15,92,"GLP","Guadeloupe",1,"Basse-Terre",15,"Terre-De-Haut","Commune simple","Commune",NA,NA
16,92,"GLP","Guadeloupe",1,"Basse-Terre",16,"Trois-Rivières","Chef-lieu canton","Commune",NA,NA
17,92,"GLP","Guadeloupe",1,"Basse-Terre",17,"Vieux-Fort","Commune simple","Commune",NA,NA
18,92,"GLP","Guadeloupe",1,"Basse-Terre",18,"Vieux-Habitants","Chef-lieu canton","Commune",NA,NA
19,92,"GLP","Guadeloupe",2,"Pointe-à-Pitre",19,"Anse-Bertrand","Chef-lieu canton","Commune",NA,NA
20,92,"GLP","Guadeloupe",2,"Pointe-à-Pitre",20,"Capesterre-de-Marie-Galante","Chef-lieu canton","Commune",NA,NA
21,92,"GLP","Guadeloupe",2,"Pointe-à-Pitre",21,"Grand-Bourg","Chef-lieu canton","Commune",NA,NA
22,92,"GLP","Guadeloupe",2,"Pointe-à-Pitre",22,"La Désirade","Chef-lieu canton","Commune",NA,NA
23,92,"GLP","Guadeloupe",2,"Pointe-à-Pitre",23,"Le Gosier","Chef-lieu canton","Commune",NA,NA
24,92,"GLP","Guadeloupe",2,"Pointe-à-Pitre",24,"Le Moule","Chef-lieu canton","Commune",NA,NA
25,92,"GLP","Guadeloupe",2,"Pointe-à-Pitre",25,"Les Abymes","Chef-lieu canton","Commune",NA,NA
26,92,"GLP","Guadeloupe",2,"Pointe-à-Pitre",26,"Morne-à-L'eau","Chef-lieu canton","Commune",NA,NA
27,92,"GLP","Guadeloupe",2,"Pointe-à-Pitre",27,"Petit-Canal","Chef-lieu canton","Commune",NA,NA
28,92,"GLP","Guadeloupe",2,"Pointe-à-Pitre",28,"Pointe-à-Pitre","Sous-préfecture","Commune",NA,NA
29,92,"GLP","Guadeloupe",2,"Pointe-à-Pitre",29,"Port-Louis","Commune simple","Commune",NA,NA
30,92,"GLP","Guadeloupe",2,"Pointe-à-Pitre",30,"Saint-François","Chef-lieu canton","Commune",NA,NA
31,92,"GLP","Guadeloupe",2,"Pointe-à-Pitre",31,"Saint-Louis","Chef-lieu canton","Commune",NA,NA
32,92,"GLP","Guadeloupe",2,"Pointe-à-Pitre",32,"Sainte-Anne","Chef-lieu canton","Commune",NA,NA
