"OBJECTID","ID_0","ISO","NAME_0","ID_1","NAME_1","TYPE_1","ENGTYPE_1","NL_NAME_1","VARNAME_1"
1,113,"JAM","Jamaica",1,"Clarendon","Parish","Parish",NA,NA
2,113,"JAM","Jamaica",2,"Hanover","Parish","Parish",NA,NA
3,113,"JAM","Jamaica",3,"Kingston","Parish","Parish",NA,"Kingston and Port Royal"
4,113,"JAM","Jamaica",4,"Manchester","Parish","Parish",NA,NA
5,113,"JAM","Jamaica",5,"Portland","Parish","Parish",NA,NA
6,113,"JAM","Jamaica",6,"Saint Andrew","Parish","Parish",NA,NA
7,113,"JAM","Jamaica",7,"Saint Ann","Parish","Parish",NA,NA
8,113,"JAM","Jamaica",8,"Saint Catherine","Parish","Parish",NA,NA
9,113,"JAM","Jamaica",9,"Saint Elizabeth","Parish","Parish",NA,NA
10,113,"JAM","Jamaica",10,"Saint James","Parish","Parish",NA,NA
11,113,"JAM","Jamaica",11,"Saint Mary","Parish","Parish",NA,NA
12,113,"JAM","Jamaica",12,"Saint Thomas","Parish","Parish",NA,NA
13,113,"JAM","Jamaica",13,"Trelawny","Parish","Parish",NA,NA
14,113,"JAM","Jamaica",14,"Westmoreland","Parish","Parish",NA,NA
