"OBJECTID","ID_0","ISO","NAME_0","ID_1","NAME_1","TYPE_1","ENGTYPE_1","NL_NAME_1","VARNAME_1"
1,59,"CUB","Cuba",1,"Camagüey","Provincia","Province",NA,"Puerto Principe"
2,59,"CUB","Cuba",2,"Ciego de Ávila","Provincia","Province",NA,NA
3,59,"CUB","Cuba",3,"Cienfuegos","Provincia","Province",NA,NA
4,59,"CUB","Cuba",4,"Ciudad de la Habana","Provincia","Province",NA,NA
5,59,"CUB","Cuba",5,"Granma","Provincia","Province",NA,NA
6,59,"CUB","Cuba",6,"Guantánamo","Provincia","Province",NA,NA
7,59,"CUB","Cuba",7,"Holguín","Provincia","Province",NA,NA
8,59,"CUB","Cuba",8,"Isla de la Juventud","Provincia","Province",NA,"Puerto Principe"
9,59,"CUB","Cuba",9,"La Habana","Provincia","Province",NA,NA
10,59,"CUB","Cuba",10,"Las Tunas","Provincia","Province",NA,NA
11,59,"CUB","Cuba",11,"Matanzas","Provincia","Province",NA,NA
12,59,"CUB","Cuba",12,"Mayabeque","Provincia","Province",NA,NA
13,59,"CUB","Cuba",13,"Pinar del Río","Provincia","Province",NA,NA
14,59,"CUB","Cuba",14,"Sancti Spíritus","Provincia","Province",NA,NA
15,59,"CUB","Cuba",15,"Santiago de Cuba","Provincia","Province",NA,NA
16,59,"CUB","Cuba",16,"Villa Clara","Provincia","Province",NA,NA
