"OBJECTID","ID_0","ISO","NAME_0","ID_1","NAME_1","ID_2","NAME_2","TYPE_2","ENGTYPE_2","NL_NAME_2","VARNAME_2"
1,73,"EST","Estonia",1,"Harju",1,"Aegviidu
","Vald","Parish",NA,NA
2,73,"EST","Estonia",1,"Harju",2,"Anija","Vald","Parish",NA,NA
3,73,"EST","Estonia",1,"Harju",3,"Harku","Vald","Parish",NA,NA
4,73,"EST","Estonia",1,"Harju",4,"Jõelähtme","Vald","Parish",NA,NA
5,73,"EST","Estonia",1,"Harju",5,"Kõue","Vald","Parish",NA,NA
6,73,"EST","Estonia",1,"Harju",6,"Keila","Vald","Parish",NA,NA
7,73,"EST","Estonia",1,"Harju",7,"Kernu","Vald","Parish",NA,NA
8,73,"EST","Estonia",1,"Harju",8,"Kiili","Vald","Parish",NA,NA
9,73,"EST","Estonia",1,"Harju",9,"Kose","Vald","Parish",NA,NA
10,73,"EST","Estonia",1,"Harju",10,"Kuusalu","Vald","Parish",NA,NA
11,73,"EST","Estonia",1,"Harju",11,"Loksa","Vald","Parish",NA,NA
12,73,"EST","Estonia",1,"Harju",12,"Maardu
","Linn","Town",NA,NA
13,73,"EST","Estonia",1,"Harju",13,"Nissi","Vald","Parish",NA,NA
14,73,"EST","Estonia",1,"Harju",14,"Padise","Vald","Parish",NA,NA
15,73,"EST","Estonia",1,"Harju",15,"Paldiski","Linn","Town",NA,NA
16,73,"EST","Estonia",1,"Harju",16,"Raasiku
","Vald","Parish",NA,NA
17,73,"EST","Estonia",1,"Harju",17,"Rae","Vald","Parish",NA,NA
18,73,"EST","Estonia",1,"Harju",18,"Saku","Vald","Parish",NA,NA
19,73,"EST","Estonia",1,"Harju",19,"Saue","Vald","Parish",NA,NA
20,73,"EST","Estonia",1,"Harju",20,"Tallinn","Linn","Town",NA,NA
21,73,"EST","Estonia",1,"Harju",21,"Vasalemma","Vald","Parish",NA,NA
22,73,"EST","Estonia",1,"Harju",22,"Viimsi","Vald","Parish",NA,NA
23,73,"EST","Estonia",2,"Hiiu",23,"Emmaste
","Vald","Parish",NA,NA
24,73,"EST","Estonia",2,"Hiiu",24,"Käina","Vald","Parish",NA,NA
25,73,"EST","Estonia",2,"Hiiu",25,"Kärdla","Linn","Town",NA,NA
26,73,"EST","Estonia",2,"Hiiu",26,"Kõrgessaare","Vald","Parish",NA,NA
27,73,"EST","Estonia",2,"Hiiu",27,"Pühalepa","Vald","Parish",NA,NA
28,73,"EST","Estonia",3,"Ida-Viru",28,"Alajõe","Vald","Parish",NA,NA
29,73,"EST","Estonia",3,"Ida-Viru",29,"Aseri
","Vald","Parish",NA,NA
30,73,"EST","Estonia",3,"Ida-Viru",30,"Avinurme","Vald","Parish",NA,NA
31,73,"EST","Estonia",3,"Ida-Viru",31,"Iisaku","Vald","Parish",NA,NA
32,73,"EST","Estonia",3,"Ida-Viru",32,"Illuka","Vald","Parish",NA,NA
33,73,"EST","Estonia",3,"Ida-Viru",33,"Jõhvi","Vald","Parish",NA,NA
34,73,"EST","Estonia",3,"Ida-Viru",34,"Kiviõli","Linn","Town",NA,NA
35,73,"EST","Estonia",3,"Ida-Viru",35,"Kohtla-Järve","Linn","Town",NA,NA
36,73,"EST","Estonia",3,"Ida-Viru",36,"Kohtla-Nõmme","Vald","Parish",NA,NA
37,73,"EST","Estonia",3,"Ida-Viru",37,"Kohtla","Vald","Parish",NA,NA
38,73,"EST","Estonia",3,"Ida-Viru",38,"Lüganuse","Vald","Parish",NA,NA
39,73,"EST","Estonia",3,"Ida-Viru",39,"Lohusuu","Vald","Parish",NA,NA
40,73,"EST","Estonia",3,"Ida-Viru",40,"Mäetaguse","Vald","Parish",NA,NA
41,73,"EST","Estonia",3,"Ida-Viru",41,"Maidla","Vald","Parish",NA,NA
42,73,"EST","Estonia",3,"Ida-Viru",42,"Narva-Jõesuu","Linn","Town",NA,NA
43,73,"EST","Estonia",3,"Ida-Viru",43,"Narva","Linn","Town",NA,NA
44,73,"EST","Estonia",3,"Ida-Viru",44,"Püssi
","Linn","Town",NA,NA
45,73,"EST","Estonia",3,"Ida-Viru",45,"Sillamäe","Linn","Town",NA,NA
46,73,"EST","Estonia",3,"Ida-Viru",46,"Sonda","Vald","Parish",NA,NA
47,73,"EST","Estonia",3,"Ida-Viru",47,"Toila","Vald","Parish",NA,NA
48,73,"EST","Estonia",3,"Ida-Viru",48,"Tudulinna","Vald","Parish",NA,NA
49,73,"EST","Estonia",3,"Ida-Viru",49,"Vaivara","Vald","Parish",NA,NA
50,73,"EST","Estonia",4,"Järva",50,"Albu","Vald","Parish",NA,NA
51,73,"EST","Estonia",4,"Järva",51,"Ambla
","Vald","Parish",NA,NA
52,73,"EST","Estonia",4,"Järva",52,"Imavere","Vald","Parish",NA,NA
53,73,"EST","Estonia",4,"Järva",53,"Järva-Jaani","Vald","Parish",NA,NA
54,73,"EST","Estonia",4,"Järva",54,"Kareda","Vald","Parish",NA,NA
55,73,"EST","Estonia",4,"Järva",55,"Koeru","Vald","Parish",NA,NA
56,73,"EST","Estonia",4,"Järva",56,"Koigi","Vald","Parish",NA,NA
57,73,"EST","Estonia",4,"Järva",57,"Paide 
","Linn","Town",NA,NA
58,73,"EST","Estonia",4,"Järva",58,"Paide
","Vald","Parish",NA,NA
59,73,"EST","Estonia",4,"Järva",59,"Roosna-Alliku","Vald","Parish",NA,NA
60,73,"EST","Estonia",4,"Järva",60,"Türi","Vald","Parish",NA,NA
61,73,"EST","Estonia",4,"Järva",61,"Väätsa","Vald","Parish",NA,NA
62,73,"EST","Estonia",5,"Jõgeva",62,"Jõgeva
 (commune)","Linn","Town",NA,NA
63,73,"EST","Estonia",5,"Jõgeva",63,"Jõgeva","Vald","Parish",NA,NA
64,73,"EST","Estonia",5,"Jõgeva",64,"Kasepää","Vald","Parish",NA,NA
65,73,"EST","Estonia",5,"Jõgeva",65,"Mustvee","Linn","Town",NA,NA
66,73,"EST","Estonia",5,"Jõgeva",66,"Põltsamaa

Põltsamaa
","Vald","Parish",NA,NA
67,73,"EST","Estonia",5,"Jõgeva",67,"Põltsamaa","Linn","Town",NA,NA
68,73,"EST","Estonia",5,"Jõgeva",68,"Pajusi","Vald","Parish",NA,NA
69,73,"EST","Estonia",5,"Jõgeva",69,"Palamuse","Vald","Parish",NA,NA
70,73,"EST","Estonia",5,"Jõgeva",70,"Pala","Vald","Parish",NA,NA
71,73,"EST","Estonia",5,"Jõgeva",71,"Puurmani","Vald","Parish",NA,NA
72,73,"EST","Estonia",5,"Jõgeva",72,"Saare","Vald","Parish",NA,NA
73,73,"EST","Estonia",5,"Jõgeva",73,"Tabivere
","Vald","Parish",NA,NA
74,73,"EST","Estonia",5,"Jõgeva",74,"Torma","Vald","Parish",NA,NA
75,73,"EST","Estonia",6,"Lääne-Viru",75,"Haljala","Vald","Parish",NA,NA
76,73,"EST","Estonia",6,"Lääne-Viru",76,"Kadrina","Vald","Parish",NA,NA
77,73,"EST","Estonia",6,"Lääne-Viru",77,"Kunda","Linn","Town",NA,NA
78,73,"EST","Estonia",6,"Lääne-Viru",78,"Laekvere","Vald","Parish",NA,NA
79,73,"EST","Estonia",6,"Lääne-Viru",79,"Rägavere","Vald","Parish",NA,NA
80,73,"EST","Estonia",6,"Lääne-Viru",80,"Rakke","Vald","Parish",NA,NA
81,73,"EST","Estonia",6,"Lääne-Viru",81,"Rakvere","Vald","Parish",NA,NA
82,73,"EST","Estonia",6,"Lääne-Viru",82,"Sõmeru","Vald","Parish",NA,NA
83,73,"EST","Estonia",6,"Lääne-Viru",83,"Tamsalu","Vald","Parish",NA,NA
84,73,"EST","Estonia",6,"Lääne-Viru",84,"Tapa","Linn","Town",NA,NA
85,73,"EST","Estonia",6,"Lääne-Viru",85,"Väike-Maarja","Vald","Parish",NA,NA
86,73,"EST","Estonia",6,"Lääne-Viru",86,"Vihula","Vald","Parish",NA,NA
87,73,"EST","Estonia",6,"Lääne-Viru",87,"Vinni","Vald","Parish",NA,NA
88,73,"EST","Estonia",6,"Lääne-Viru",88,"Viru-Nigula","Vald","Parish",NA,NA
89,73,"EST","Estonia",7,"Lääne",89,"Haapsalu","Vald","Parish",NA,NA
90,73,"EST","Estonia",7,"Lääne",90,"Hanila","Vald","Parish",NA,NA
91,73,"EST","Estonia",7,"Lääne",91,"Kullamaa","Vald","Parish",NA,NA
92,73,"EST","Estonia",7,"Lääne",92,"Lihula","Vald","Parish",NA,NA
93,73,"EST","Estonia",7,"Lääne",93,"Martna","Vald","Parish",NA,NA
94,73,"EST","Estonia",7,"Lääne",94,"Nõva","Vald","Parish",NA,NA
95,73,"EST","Estonia",7,"Lääne",95,"Noarootsi","Vald","Parish",NA,NA
96,73,"EST","Estonia",7,"Lääne",96,"Oru","Vald","Parish",NA,NA
97,73,"EST","Estonia",7,"Lääne",97,"Ridala","Vald","Parish",NA,NA
98,73,"EST","Estonia",7,"Lääne",98,"Risti","Vald","Parish",NA,NA
99,73,"EST","Estonia",7,"Lääne",99,"Taebla","Vald","Parish",NA,NA
100,73,"EST","Estonia",7,"Lääne",100,"Vormsi","Vald","Parish",NA,NA
101,73,"EST","Estonia",8,"Pärnu",101,"Are","Vald","Parish",NA,NA
102,73,"EST","Estonia",8,"Pärnu",102,"Audru","Vald","Parish",NA,NA
103,73,"EST","Estonia",8,"Pärnu",103,"Häädemeeste
","Vald","Parish",NA,NA
104,73,"EST","Estonia",8,"Pärnu",104,"Halinga","Vald","Parish",NA,NA
105,73,"EST","Estonia",8,"Pärnu",105,"Kaisama","Vald","Parish",NA,NA
106,73,"EST","Estonia",8,"Pärnu",106,"Kihnu","Vald","Parish",NA,NA
107,73,"EST","Estonia",8,"Pärnu",107,"Koonga","Vald","Parish",NA,NA
108,73,"EST","Estonia",8,"Pärnu",108,"Lavassaare
","Vald","Parish",NA,NA
109,73,"EST","Estonia",8,"Pärnu",109,"Pärnu","Linn","Town",NA,NA
110,73,"EST","Estonia",8,"Pärnu",110,"Paikuse","Vald","Parish",NA,NA
111,73,"EST","Estonia",8,"Pärnu",111,"Saarde","Vald","Parish",NA,NA
112,73,"EST","Estonia",8,"Pärnu",112,"Sauga","Vald","Parish",NA,NA
113,73,"EST","Estonia",8,"Pärnu",113,"Sindi","Linn","Town",NA,NA
114,73,"EST","Estonia",8,"Pärnu",114,"Surju","Vald","Parish",NA,NA
115,73,"EST","Estonia",8,"Pärnu",115,"Tõstamaa","Vald","Parish",NA,NA
116,73,"EST","Estonia",8,"Pärnu",116,"Tahkuranna","Vald","Parish",NA,NA
117,73,"EST","Estonia",8,"Pärnu",117,"Tori","Vald","Parish",NA,NA
118,73,"EST","Estonia",8,"Pärnu",118,"Vändra vald (alev)
","Vald","Parish",NA,NA
119,73,"EST","Estonia",8,"Pärnu",119,"Vändra","Vald","Parish",NA,NA
120,73,"EST","Estonia",8,"Pärnu",120,"Varbla","Vald","Parish",NA,NA
121,73,"EST","Estonia",9,"Põlva",121,"Ahja","Vald","Parish",NA,NA
122,73,"EST","Estonia",9,"Põlva",122,"Kõlleste","Vald","Parish",NA,NA
123,73,"EST","Estonia",9,"Põlva",123,"Kanepi
","Vald","Parish",NA,NA
124,73,"EST","Estonia",9,"Põlva",124,"Laheda","Vald","Parish",NA,NA
125,73,"EST","Estonia",9,"Põlva",125,"Mikitamäe","Vald","Parish",NA,NA
126,73,"EST","Estonia",9,"Põlva",126,"Mooste","Vald","Parish",NA,NA
127,73,"EST","Estonia",9,"Põlva",127,"Orava","Vald","Parish",NA,NA
128,73,"EST","Estonia",9,"Põlva",128,"Põlva
","Vald","Parish",NA,NA
129,73,"EST","Estonia",9,"Põlva",129,"Põlva","Linn","Town",NA,NA
130,73,"EST","Estonia",9,"Põlva",130,"Räpina
","Vald","Parish",NA,NA
131,73,"EST","Estonia",9,"Põlva",131,"Värska","Vald","Parish",NA,NA
132,73,"EST","Estonia",9,"Põlva",132,"Valgjärve
","Vald","Parish",NA,NA
133,73,"EST","Estonia",9,"Põlva",133,"Vastse-Kuuste
","Vald","Parish",NA,NA
134,73,"EST","Estonia",9,"Põlva",134,"Veriora","Vald","Parish",NA,NA
135,73,"EST","Estonia",10,"Peipsi",135,NA,NA,NA,NA,NA
136,73,"EST","Estonia",11,"Rapla",136,"Järvakandi","Vald","Parish",NA,NA
137,73,"EST","Estonia",11,"Rapla",137,"Juuru","Vald","Parish",NA,NA
138,73,"EST","Estonia",11,"Rapla",138,"Käru","Vald","Parish",NA,NA
139,73,"EST","Estonia",11,"Rapla",139,"Kaiu","Vald","Parish",NA,NA
140,73,"EST","Estonia",11,"Rapla",140,"Kehtna","Vald","Parish",NA,NA
141,73,"EST","Estonia",11,"Rapla",141,"Kohila","Vald","Parish",NA,NA
142,73,"EST","Estonia",11,"Rapla",142,"Märjamaa
","Vald","Parish",NA,NA
143,73,"EST","Estonia",11,"Rapla",143,"Raikküla
","Vald","Parish",NA,NA
144,73,"EST","Estonia",11,"Rapla",144,"Rapla","Vald","Parish",NA,NA
145,73,"EST","Estonia",11,"Rapla",145,"Vigala","Vald","Parish",NA,NA
146,73,"EST","Estonia",12,"Saare",146,"Kärla
","Vald","Parish",NA,NA
147,73,"EST","Estonia",12,"Saare",147,"Kaarma","Vald","Parish",NA,NA
148,73,"EST","Estonia",12,"Saare",148,"Kihelkonna","Vald","Parish",NA,NA
149,73,"EST","Estonia",12,"Saare",149,"Kuressaare","Linn","Town",NA,NA
150,73,"EST","Estonia",12,"Saare",150,"Lümanda","Vald","Parish",NA,NA
151,73,"EST","Estonia",12,"Saare",151,"Laimjala","Vald","Parish",NA,NA
152,73,"EST","Estonia",12,"Saare",152,"Leisi","Vald","Parish",NA,NA
153,73,"EST","Estonia",12,"Saare",153,"Muhu","Vald","Parish",NA,NA
154,73,"EST","Estonia",12,"Saare",154,"Mustjala","Vald","Parish",NA,NA
155,73,"EST","Estonia",12,"Saare",155,"Orissaare","Vald","Parish",NA,NA
156,73,"EST","Estonia",12,"Saare",156,"Pöide","Vald","Parish",NA,NA
157,73,"EST","Estonia",12,"Saare",157,"Pihtla","Vald","Parish",NA,NA
158,73,"EST","Estonia",12,"Saare",158,"Ruhnu","Vald","Parish",NA,NA
159,73,"EST","Estonia",12,"Saare",159,"Salme","Vald","Parish",NA,NA
160,73,"EST","Estonia",12,"Saare",160,"Torgu","Vald","Parish",NA,NA
161,73,"EST","Estonia",12,"Saare",161,"Valjala","Vald","Parish",NA,NA
162,73,"EST","Estonia",13,"Tartu",162," Võrtsjärve","Water body","Water body",NA,"Lake Võrtsjärv"
163,73,"EST","Estonia",13,"Tartu",163,"Alatskivi
","Vald","Parish",NA,NA
164,73,"EST","Estonia",13,"Tartu",164,"Ülenurme","Vald","Parish",NA,NA
165,73,"EST","Estonia",13,"Tartu",165,"Elva","Linn","Town",NA,NA
166,73,"EST","Estonia",13,"Tartu",166,"Haaslava","Vald","Parish",NA,NA
167,73,"EST","Estonia",13,"Tartu",167,"Kallaste","Linn","Town",NA,NA
168,73,"EST","Estonia",13,"Tartu",168,"Kambja","Vald","Parish",NA,NA
169,73,"EST","Estonia",13,"Tartu",169,"Konguta","Vald","Parish",NA,NA
170,73,"EST","Estonia",13,"Tartu",170,"Laeva","Vald","Parish",NA,NA
171,73,"EST","Estonia",13,"Tartu",171,"Luunja","Vald","Parish",NA,NA
172,73,"EST","Estonia",13,"Tartu",172,"Mäksa","Vald","Parish",NA,NA
173,73,"EST","Estonia",13,"Tartu",173,"Meeksi","Vald","Parish",NA,NA
174,73,"EST","Estonia",13,"Tartu",174,"Nõo
","Vald","Parish",NA,NA
175,73,"EST","Estonia",13,"Tartu",175,"Peipsiääre
","Vald","Parish",NA,NA
176,73,"EST","Estonia",13,"Tartu",176,"Piirissaare","Vald","Parish",NA,NA
177,73,"EST","Estonia",13,"Tartu",177,"Puhja","Vald","Parish",NA,NA
178,73,"EST","Estonia",13,"Tartu",178,"Rõngu
","Vald","Parish",NA,NA
179,73,"EST","Estonia",13,"Tartu",179,"Rannu","Vald","Parish",NA,NA
180,73,"EST","Estonia",13,"Tartu",180,"Tähtvere","Vald","Parish",NA,NA
181,73,"EST","Estonia",13,"Tartu",181,"Tartu","Vald","Parish",NA,NA
182,73,"EST","Estonia",13,"Tartu",182,"Võnnu","Vald","Parish",NA,NA
183,73,"EST","Estonia",13,"Tartu",183,"Vara","Vald","Parish",NA,NA
184,73,"EST","Estonia",14,"Võru",184,"Antsla","Vald","Parish",NA,NA
185,73,"EST","Estonia",14,"Võru",185,"Haanja","Vald","Parish",NA,NA
186,73,"EST","Estonia",14,"Võru",186,"Lasva","Vald","Parish",NA,NA
187,73,"EST","Estonia",14,"Võru",187,"Mõniste","Vald","Parish",NA,NA
188,73,"EST","Estonia",14,"Võru",188,"Meremäe","Vald","Parish",NA,NA
189,73,"EST","Estonia",14,"Võru",189,"Misso","Vald","Parish",NA,NA
190,73,"EST","Estonia",14,"Võru",190,"Rõuge","Vald","Parish",NA,NA
191,73,"EST","Estonia",14,"Võru",191,"Sõmerpalu","Vald","Parish",NA,NA
192,73,"EST","Estonia",14,"Võru",192,"Urvaste","Vald","Parish",NA,NA
193,73,"EST","Estonia",14,"Võru",193,"Võru","Vald","Parish",NA,NA
194,73,"EST","Estonia",14,"Võru",194,"Varstu","Vald","Parish",NA,NA
195,73,"EST","Estonia",14,"Võru",195,"Vastseliina","Vald","Parish",NA,NA
196,73,"EST","Estonia",15,"Valga",196,"Õru
","Vald","Parish",NA,NA
197,73,"EST","Estonia",15,"Valga",197,"Helme","Vald","Parish",NA,NA
198,73,"EST","Estonia",15,"Valga",198,"Hummuli","Vald","Parish",NA,NA
199,73,"EST","Estonia",15,"Valga",199,"Karula","Vald","Parish",NA,NA
200,73,"EST","Estonia",15,"Valga",200,"Põdrala","Vald","Parish",NA,NA
201,73,"EST","Estonia",15,"Valga",201,"Palupera","Vald","Parish",NA,NA
202,73,"EST","Estonia",15,"Valga",202,"Puhajarve",NA,NA,NA,NA
203,73,"EST","Estonia",15,"Valga",203,"Puka","Vald","Parish",NA,NA
204,73,"EST","Estonia",15,"Valga",204,"Sangaste","Vald","Parish",NA,NA
205,73,"EST","Estonia",15,"Valga",205,"Tõlliste","Vald","Parish",NA,NA
206,73,"EST","Estonia",15,"Valga",206,"Tõrva","Linn","Town",NA,NA
207,73,"EST","Estonia",15,"Valga",207,"Taheva","Vald","Parish",NA,NA
208,73,"EST","Estonia",15,"Valga",208,"Valga","Linn","Town",NA,NA
209,73,"EST","Estonia",16,"Viljandi",209,"Abja","Vald","Parish",NA,NA
210,73,"EST","Estonia",16,"Viljandi",210,"Halliste","Vald","Parish",NA,NA
211,73,"EST","Estonia",16,"Viljandi",211,"Kõo","Vald","Parish",NA,NA
212,73,"EST","Estonia",16,"Viljandi",212,"Kõpu","Vald","Parish",NA,NA
213,73,"EST","Estonia",16,"Viljandi",213,"Karksi","Vald","Parish",NA,NA
214,73,"EST","Estonia",16,"Viljandi",214,"Kolga-Jaani","Vald","Parish",NA,NA
215,73,"EST","Estonia",16,"Viljandi",215,"Mõisaküla","Linn","Town",NA,NA
216,73,"EST","Estonia",16,"Viljandi",216,"Pärsti
","Vald","Parish",NA,NA
217,73,"EST","Estonia",16,"Viljandi",217,"Paistu","Vald","Parish",NA,NA
218,73,"EST","Estonia",16,"Viljandi",218,"Saarepeedi
","Vald","Parish",NA,NA
219,73,"EST","Estonia",16,"Viljandi",219,"Suure-Jaani
","Vald","Parish",NA,NA
220,73,"EST","Estonia",16,"Viljandi",220,"Tarvastu","Vald","Parish",NA,NA
221,73,"EST","Estonia",16,"Viljandi",221,"Võhma","Linn","Town",NA,NA
222,73,"EST","Estonia",16,"Viljandi",222,"Viiratsi","Vald","Parish",NA,NA
223,73,"EST","Estonia",16,"Viljandi",223,"Viljandi","Linn","Town",NA,NA
